# Resource object code (Python 3)
# Created by: object code
# Created by: The Resource Compiler for Qt version 6.11.0
# WARNING! All changes made in this file will be lost!

from PySide6 import QtCore

qt_resource_data = b"\
\x00\x00\x00e\
\x89\
PNG\x0d\x0a\x1a\x0a\x00\x00\x00\x0dIHDR\x00\
\x00\x00\x0a\x00\x00\x00\x06\x08\x06\x00\x00\x00\xfa\xf0\x0f\xc6\
\x00\x00\x00,IDATx\x9cc\xec\xe8\xe8\xf8\xcf\
@\x04`\xaa\xa8\xa8`$J!\x88 \xa4\x18$\x0f\
V\x88O1L\x1c\xae\x10\x9bb\x82\xce\xc2\xe6A\x00\
 \xb9\x0f\x17s\xf7<\x19\x00\x00\x00\x00IEND\
\xaeB`\x82\
\x00\x00\x00\x82\
\x89\
PNG\x0d\x0a\x1a\x0a\x00\x00\x00\x0dIHDR\x00\
\x00\x00\x0e\x00\x00\x00\x0e\x08\x06\x00\x00\x00\x1fH-\xd1\
\x00\x00\x00IIDATx\x9c\xdd\x8f\xc1\x0e\x00 \
\x08B\xa5\xff\xffg\xba55\x99uj\x8b\x1b\x1b\x0f\
\xc5\xec?\x91\xa4\xf7\xe3\x06\xa2\x83[\x90.\x0c\x00G\
 \x05\xb4\x81y\x87\x82\x02\x98wP\x94\xac2o\xaa\
0\x8ak\xe1b\x15R\x90T\xf7\xe6\x1bMl\x02+\
\xfa_%\xca\x97\x00\x00\x00\x00IEND\xaeB`\
\x82\
\x00\x00\x00e\
\x89\
PNG\x0d\x0a\x1a\x0a\x00\x00\x00\x0dIHDR\x00\
\x00\x00\x0a\x00\x00\x00\x06\x08\x06\x00\x00\x00\xfa\xf0\x0f\xc6\
\x00\x00\x00,IDATx\x9cc<Q\xa1\xf1\x9f\
\x81\x08\xc0d\xd1q\x83\x91(\x85 \x82\x90b\x90<\
X!>\xc50q\xb8Bl\x8a\x09:\x0b\x9b\x07\x01\
\x83\xf9\x10\x07$7+-\x00\x00\x00\x00IEND\
\xaeB`\x82\
\x00\x00\x0aX\
\x00\
\x00/\x13x\xda\xc5Z{o\xdb8\x12\xff?\x9f\x82\
\xb7\xf9\xa3I\xafv\x1c\xe7\xb1\x85\x82=l\x9cd\xbb\
\xc1&i\x9ad\xdb\x03\x0e\x07\x83\x96h\x9b\xb0Lj\
)*\x8f\xdd\x0bp\x1f\xe2>\xe1}\x92\x1bR\x22E\
=-7\xe9^\x81\xb62I\xcd\x0c\x87\xf3\xf8\xcdP\
;o\xd1\x0f\xaf\xf6g\x03!t\xf6\xf7\x1bt\xc2\xd9\
=\x11\x92\x08\xf4\xdf\x7f\xff\x07]%\x0b\xd2\xa3,\x8e\
\xa8 \x01\x0a\xb0X 9'K\x82\x1e\xa8\x9c#.\
0\x9b\x11\x84}\x9f0\x19+\x0a\x17\x1c\x07\xb0\x10\xc7\
\xe8\x93D\x82\xc4<\x11>A\xc8\xdb\x89\xe5SH\xfa\
\xbf\xc5\xf1\x86Zv\xc2C.\xd0=\x16\x14OB\x12\
#,\x08\x8a\x93I,\xa9L\xa4z_\xa2\x10(!\
I\x81\xd5\xe4\x09\xa5oGO}\xf5\xf2\xaf1QB\
\xa0\xf8\x89I\xfc\x88\xd0\x8f\x9f\x8fo\xae\x8e/\xcf\x90\
\x968&\xc4.GS\xe0\xa2\x96F8$R\x12\x14\
\x90)eTR\xce4\xa5\xd7\xd3\x1ez\xbb\xb3\xb1\xb1\
\xf3\x16\xf5\xe0\x0f\x1aa\x90P?\xc1\xe8\xa7/4\x98\
\x11\x89\xfeP\x0c\xd1\x04\xfb\x8b\x99\xe0\x09\x0bz\xbe\xd2\
\x81\x87~\x1c}8\xd2S\xe6\xf7O\xd9\xef)g\xb2\
\x17\xd3\xdf\x89\x87v\xf7\xa2\xc7t0&!\xf1\x95\xfc\
\xbd\x1aJ\xc7''gWw\xe5\x85f\xf6\xf6\xecb\
\xach?\xe7\x82~\x80\xf7\xa3\x11\x7f\xcc\x85\xb5#\x99\
\xb8\x5c\x04\x04^\xde\x8d\x1eQ\xccC\x1a\x80\xb8\x1fo\
N\xcfn\x8e\x9c\xe9\x9e\xc0\x01Mb\x0f\xed\x1b)\x97\
X\xcc(\xebI\x1ey\xe8\xd0\x0cF8\x08(\x9b\x01\
\xb1\x01P{\x9f\xffu\xb6\xfb@\xe8l.= \x1c\
\x06JR+\x8f\xe7\x81i\x84$\x13\x0bL\xc5\x87\xe5\
\x82\x87=.(\xb0\xf22\x96)\xa9\x90Le\xca\xa6\
\xc4y\x90\x8b\xe8j\xdb\xd1\xc89\x8b\x12\x19\xe7\xfa\xb8\
\xa0\x8c\x9c\x05T\xbeC\x9fn#\xca@\x12x:\xe5\
\x09Xm\xfe\xfb:\xc4\x94\xdd\x91G\x99\xad4\x8fm\
g>>\xbf\xba\xfe\xf5\xee\xe8+\xb4\xbcW\xd9\x16l\
*Wsqc\x1d6\x90I\x09\x1a\x00\xd7\x97\xe0\xc8\
\xbd\x09\x0cNC\xce\xc5\x11\xba~\x92s\xce\xc0\x19\xfd\
\xc5\x18\x9ci9\x16\xfca<\xd7\xa7\x84h\xac}\xeb\
!\xb5o\xfdB_)M[\x00\x1c\xff<;\xcc\xe1\
P\xc9\x06\xb2\xac\x14\xe0\x86\xf3\xa5\xf6\xd9$\xda\x09\xf8\
\x03\x83\xb8\x00\xfcb\x1dlx\x22\x11\xc1\x126\xac\xb9\
\xde\xe30\x01\x7f\x86\xc3\x97\xb1\xe5\x9ai\xa4'R\xc6\
\xbb\xd6\xb8\x948 \xa7\x9c{\xe8\xe00\x93\xc6h\xc6\
\x9br?\x89s\xfd\xd8\xdf\x05!\xb3\xd1\x8d\xe2a\xdb\
\xb5\xc5\x81\x82\xf7T\xdc\xd3\xe5\x1d\xd0XE\xc0\xc0a\
o\x862\x22\xf9y\x8eO\xcfo\x8fG\x17g\xa7G\
m\xa1\xc41f\xa3\xdfI\x22%g\x8eU\x1bV^\
\x12\xf5\xd2\xc9\xcav\xf3\xa9f\x9f\xcb\xd4}T\x9e\x8f\
x\xacc\xac\x87 \x02 }\x18\xe9\x9a\xec\x08v\xad\
\xb1\x1a\xcbg\x9c\x91\x82\xb1g.\xdc\xea\x10\x13\x0e\xe2\
-\x9bW\xd5\xba\xdd\xe8\xee\xca\xb5E\xcfSv\xd6\xa8\
\x04g\xf2%jH%\xfd\x16\x9a\xe8\xb6G{\x96\xde\
\x9cCro9\xeclA\xbd~\x9a\xde\xae,i\x0d\
| \xdd\xf8\xe7\x8f\x9f\xd5\x16\xeae\x8c\x007\xc4\xda\
%\x1a\xa54K\x1a\xe4l\xa4P\xb3\xa8YV\xc7_\
]\x11tL\xaa\x15N\xcfd\xf4\xe8\x12\xcf s'\
\x22\xdc\xf2v\xf4\xc48\x89\xfa\x11\x9bm\x17\x0c\xc0F\
(\x13,\x0f\x8a\xb12\x13\xb9\x81g>\xd7\xccU\xad\
\xe9\xce\xd7\xc6\x8e\x13\xbe\x9c\xf0\x024\xb0#\x7fbV\
{_\x97\xd5\x1a\xf3\x8b\x91\xd0Fe;`\xdd\xb79\
$\xdb\xb5^ x\xd4\xd3\xe9\xe7\x8f\x06\xd7\xcc\x948\
\xdc/3~\xc1\x89\xe4p\xc5\xec\xeb\xb0\x85z\xbe\xa3\
\x06\x06\xe3\x14\x94g|\x1c*\xe8\xd31\xe0l\x81}\
y.\xc9\xf23%\x0f\xad\x07z|\xd1\xed8_\x01\
\x98\xaaY\xc8\xf2!\xe4F\x80j\x05k\x1c\x953\xd8\
u\x12\xcfGn\x5cn\x89\x84/0F\xe0\xaf\xccP\
\x15D\xd4\xc7!\xa0L\xe9\xcf\xa1^\xb1\x09\x1c\x88\xa1\
\x91\xc2(Pt\x00\x12\x01\x14\x04\x82\xa5\xc5QZw\
\xc0\xc3\x94\x920(c\x94\xd4\xbew\xf7\xd72\xf0|\
\xd7\xeb\xc5\xd9v\xcbw\xa8\xae\x8c\x89\x19\xdd\xeb\x9b\xb3\
\xdb[\x05D\x8a\xaf\xbf\x10\xba\xd4\x88i\x0e)\xb5\x85\
k\x01\xd6.\x9e\xa0\xe0T\x06\x94\xe1\x9a\xb4\xea\xc3P\
(\xdac\xcat\x8cv\x1c5\xaa\x9a\xf4\x043\x9f\x84\
\xfd\x92\x05m\xfai\xc9;\x92lu2p\xf6\xb59\
\x9dN\x1bk\x97\x06\xa3K\xc9\x8cO\x8fo~\xa9\x09\
w\xe9Aw8~G\xe4U\x96\x90q\xcc3n=\
\x95\x8e\xd90\x93\xbc\x91L\xc9\x02Vxe\xb3\x81\xb4\
Y\xc1\xed\x12\x87!\xa2L\x05\x0aD}k\x081\xda\
\x9a\x11\x0c\xf8\xc4\x0f\xf5\x7fD\xfa\xfd\xed\xf2Y\xab\x15\
\xf9A[\xed\x83\x8a\xf3\xda\xd0\xad\xbc\xf7kJ\x88\xa1\
S\xe8>\xda\xc1\xf7e(W9\xf6.\x98\xad*\xea\
+\xb9z\xbd\x05\x18\x1e\xe5s\xab\xd7\x7f\xe7\x0e\x86s\
\x9c%S\x09\xeb\xf5\xbf\xa7\x82\xe1\xa0\xee\x00vM\xb9\
\x86'$\xdc\x0c\xe8R?\xd4E\x98\xcb\xc6\x97m\x1e\
\xb9\xe3<\xcc\xd2\xc6\x96~\xb7\x17G\xd8\x878M\xfd\
\x05\x11\xdby~q\x16\xfe?\xe0\x8e\x84r\xb2\x87C\
:\x83\xe2A\x15\x00-\x1d\xa1N\x89#\xdfN\xd1\x9a\
\x1as\x82\xf3\x82\xb7$,\xe9Q\x16@h\x95\x5c\xbc\
\x12\xaei\xac\x95t\x91\x84\x14v!\xe2\xa8S\xc9%\
\x0ap)\xaf~\xc9l\xa9\xa8\x04'\xe9\xcbh\xeb\x82\
\xc6\x12\xfd\x0b}\x1040\xd1A\xadTD\xae)\x84\
\x14\x85\x8a\x16\xe8\xaf\x88<\xfa\x90\xc6\xe9=\xe4\xf4\x94\
F\xdcG7\xe4\xb7\x84B\x8cD_\x8e\xc7\xb7\xaa\xbd\
\x18\x8c\xacE \xb0\x12\x95\xed\xe7<\x96\xfd\x8d\xbc\xe7\
\xb7Y\x11\xe1\x9b\xd8\xd2\xf7\xd5>\x97>\xc3&!\xfe\
\x86\xba\xc0'P\x06\x03\xe7\x10\xf0\xea\x8a\x0a\xd5\xc8q\
P\x91C{\xf5\xb0\xd8\x15\xd4\xd2U\x0cuP\x13f\
\xf7k\xc0Q\xbd\x9b\x0fk\x9b\x88\x8c\x0b\xc8\x14\xddU\
\x91\xba\x86\xf7\x17@x\x10\x0d\xaa \xa6)\xfe\x89\xd9\
\x04o\x0d\x0f\x0e\xde\xa1\xfc\x9fA\x7f\xb0\xbf\xbd\x06\xeb\
\x22\xcf\x8ei\xd3\x05\xce\x85\x9d\x1f\x0c\x06\x16\xbf\x82\xf7\
\xa8\xc6)e\x0c\xdc\x9e\x80,\x0a\xb2\xea\xf6\xb9\x06\xe2\
\xc03R\xb6/\x08\x0eb\x85\x910\x12\x98*$\x90\
\xd9\xbe\xc1\xad-6\xb9\xee.\xd7\xcfh\xd5\x1evG\
\x8e_\x03h\xbbQ\xee\x82u\x9fU0\xfaIw\x04\
\x85\xc2\xa3\x9c\x85O\xe8aN\x18Z\x90\xa7\x09\xc7\x22\
\xe8\xe9R\x15\xa8lI<\xd9~\x076+U4Y\
r\x18\x04\x1c\x03iI_T\x5cCI\x0a\x08\xebI\
\xf5\x5cc\x22\xd5\x95HY\xbc\xbe\xa6t\xce\xce\xee\xd5\
\xa1\xed \xfd\xf3c\x22\xf5\xef>j\x89J\xff0\xc2\
hI\x7f\xf8N\x8a\x84|\xf7\xcfU)\x22\xcf\xa9x\
\x92]q\xe4\xd9\xd3\x0cy^\x84\x19Y\xeb2A_\
\x1a81\xa6\xa9\xcb\xa9\x98\x8c\xb0\xf0<P\xdc\xabT\
\xb0\xa5\xaeb.\x82\x0dg\x87*\x9c\x1d\x96.9\xb2\
\xec3l\x8bU\xf9\xd6t;\xafza\xe2,\xd0\xf4\
\x8a+\x8a\x9b\xf5\xac\xe3v\xbeR*\xc0\xcf\x16h\xe7\
\x9c\xc0\xb0\x0a^Kbd\xd1\xb2$\xcd\xeap\xe9\xa0\
\xdd<W\x03#\x88\x08y\x83Z\xff\xf6<x\x13\xb8\
\x00+A\x7f\x07c\xc5&\x83V\xa0D\xce\xc6[\x8d\
\xbb\x9es\x06s\xcc\x82\xb0\x86A\x81^U}\xed5\
\x9dA>\xfbe\xe4\xb3\xbb_\xce\x85=H\x9a&!\
\xd6\xa5\xf56Q\x1b\xc2h\x1d\xe274 \x19\xf4\x22\
\x05\xdc\xbal\xd8\xd9Q\xbd\x16\xed\xf1Ax\x9a\xa9@\
\x0bT\x9cC4\xa3`1\xdf\x18D\xbbp\xd9E\x8e\
m\xd8x\xd7\xb8\x96#\xa6\xa9d\xed~\xec\xcd\xd4\xa5\
j\xfc\xa0lZ]Q-\x91\xea\xf1m\xed)?I\
o\xc0Z/\xcb\xb6[n\xc6L!iF\xf7\x86U\
\xc9<\xc8\x9d\x09[t\xebO\x94\xd44,\x03c\x1f\
\x82~X8\xaatH\xf1\xb1=\x94\x1a\xb30a\xa5\
\x82\xec\x8b\xd0\xf0\xd9\xa5g\xcc\xb6\x8d\xee\xed\xc9\xcd\xc7\
\x8b\x8b\xd1\xf1\xaa[\xe5\x0a`l\xe5\xd4\xec\x1e\x96\x9f\
\xeb!9\x1d\x08\xf7=\xdd\x844\x94\xd4\xe5\x5c>\xad\
|\xa80]\x8aI\x83\x12\xbdvW3:\xb5f\xb9\
\x8eR\xdbI\xaf\xa1V\xd3\xc3h\xd6j\x97\xb0\xd3U\
\xaf9\xad\x06\xcdV\xf6\x95\xc9Wl\x0a\xdf\x09Bt\
\xffzGa\x90\x90TPH6\xaf\xaeg\xf3y\xf3\
ke\xe7\xdb\x09K8\x84\x90\xc2\xb0$\xbd\x97A\x8c\
\x19T\x9ej\x83\xb5\xd9\xb7\xd8\xfa\xb6\xd2{\x1e\x95d\
i\x93~q3\xe5\xc9\x8d|o\xa5\xa9\xb5:\x9b.\
\xce.\xc9a\xee\x07\xabB\x14f\xcao\xac.l\x9e\
7\xfe\xec\x8d5rk\xdcJqA\xd7\x9ek\x03\xff\
\x9f\xa1\xe2\x22\x22\xa5\x1e\xa7W\x22\xaf\x82cW\x7f\x16\
\xd2\xd2\xb2nk\x9e\xddF!\x95\xb2\x00\xd3\xb2\x11\x13\
%Z\xe4\xcfK\xc5\xf2KMq\xd4B\xb5\xf2\xfa\xa6\
\xe8PF%\xb7\x12\xcbD\xa3\x8f\x5c`;\xb4\x86\xa6\
S@\xdc\xa0\xedu;\x90\x97\x84%\xb9<\xea\xd7\xba\
\xd2\xac\xf8\xec\xa1\xf4\xfdO\xc6\xe1%N\x93\xdesd\
\xb4^\xc5D\xcb\xc6X0\xd9\x81\xe5\x95\x0a]n\x15\
+\xc4\xac:\xf0\xf6\xa1\xb4\xfe\xe5\x91!\xa5\x15\x93\x08\
\x0b\xa7\xe3i3\xf4\xca\x9a\xc3\x80{\xdb\xd2u\xef\xd5\
U\x0b\xa4x\xafnF\xb2\x0fL\x22\xec\x9bj\xb3\xf6\
D\xcd\xfa\xd6\x0e\xc4eq\xa9Wn\xdfv(Q\xd6\
\xc3\xe2\xc3\xaaVj\x92i\xbdL\xab\xbb_-\x05l\
\xa5V)t\xa65e\xe7\x12\xbc\x86y\xa7+\xab\xb2\
\x13\xd6\xc4\xb5\x96\x8d\x95y\xa8\x82\x22\x91\xe6\xc3Y\xd5\
\x90c$V\x16;\xe1\x8f$F[\xa4?\xeb\xa3;\
\x0a\x01\x15\xc4\x80\x80\x8b\x19<\x18%}\x01\x1c\x22\xc0\
\xc4\x16\x9a\x94F\x15<\x89\xb6Q\xc0u\xf7(\x96\xaa\
\x9d\x17r\xbeH\xfbG\x8a\xef\x8e\xba0\xbd'\xb6\x06\
\xf9\xba=~\x8dr\xbb\xdd64\xbe\xd9\xf1^\xca\xf1\
\xafS\x8aC>\xab~\xf2\x96\x8e\xa7\xbd;\xfd\x15D\
\xa5\x05\xee\xe0\xe0\xef\x07%\xaf\xd5wN\xeeg\xa1\xce\
\x1d\xd4\x8a\xd6\xb9K\x05\x04\xd3\xfd\xb0\xbcDv?&\
\xdc\x04\x01\xaf\x9dvY\xb1Lp\xf1h\xa5\xc9\xd2\xee\
\xaa:\x1fM\xf1\x92\x86O\x1ez\x03\xd1-\xe4o\xde\
\xc1\x03g\xd8\xd7O'\xa0*\x1e\xe28}N\x04\x85\
3\xbb\x22\x0fo\xba\xa43\x89\x03,1R\xdf\x88C\
\xd4\x85\x00\xd3\xb6\xc3%,w\xb6X\xa1\xfcBi\x9f\
7\xfe\x07\x88\xfa\xc4\xa6\
\x00\x00\x00b\
\x89\
PNG\x0d\x0a\x1a\x0a\x00\x00\x00\x0dIHDR\x00\
\x00\x00\x0a\x00\x00\x00\x06\x08\x06\x00\x00\x00\xfa\xf0\x0f\xc6\
\x00\x00\x00)IDATx\x9cc`\xa0\x04\xacZ\
\xb5\xea?\xba\x18\x13.E\xe8\x8aQ\x14\xa2K\x22\xf3\
\xe1\x0a\xb1Y\x87,\xce\x88O\x112\x00\x00\x92\xf0\x17\
\xf0\x1d\x0b\xc4\xc0\x00\x00\x00\x00IEND\xaeB`\
\x82\
\x00\x01H\x1b\
\x89\
PNG\x0d\x0a\x1a\x0a\x00\x00\x00\x0dIHDR\x00\
\x00\x01\x00\x00\x00\x01\x00\x08\x06\x00\x00\x00\x5cr\xa8f\
\x00\x01\x00\x00IDATx\x9c\xd4\xfd\x07\xb4d\xd9\
u\x1d\x08\xee\xe7_\xf8\xef\xd3\x9b\xaa\xac,\x8b*\x14\
\x1c\x01\xc2\x08$\x00\x0a E\x09\x14H\xb9\xa1\xbcF\
\x1a\xa9\x97F^k\xa6\xbb\xd5\xab\x978\xea\xd6b7\
\xe5[\xbd4-\xd7R7E\xca\xb0\xe9\x09\x88\x14\x0d\
@\x82\x05\x14\x80\x82+o2+}\xe6\xf7\xe1\x9f\x7f\
\xb3\xf6\xb9\xf7E\xbc\x88\x1f\xff\xff\xf8\x99Y\x00\xe7\x01\
Y\x99\xff\xc7\x8bg\xef=\xf7\x9c}\xf6\xd9\xc7x\xf8\
\xe4\xd39J\x9b\x91\x1b\xfc\xef\xe8g~\x98#\x87!\
\xff\x9b\xde\xf8I\xb1\x07`\xea=rC\x1d\xc3\x988\
\xb2\xfe\xc6\xe8 \x99>\xdf\xde}F\xfb\xe6Fi\xff\
\xc9\xef\xa9\xbf\xcd\xf1u\xcb9G?\xc10\xd4gy\
^>A\x0eC\xff\xcc\xdf\xf3\xd8\xc5\xf7\xf8\xf3\xe41\
\xa67uO\x93\xc7S\xdf/\xdfC\xf1<\xe4On\
r\x07u\xde\xd11\x8a\xe7P\xdc\xc7\xc1[\xf9\xd8|\
\x03r\xfa\xa9\xeb\xe4\xb1\x8a\xddf\xdd\xc1\xf8\x9d\xeaw\
\xc5\x83\xe8c\x94\xf7/~/o\xbb8G\x0e\x98\xa5\
g\xa4\xce7\xfb\x1a\xa7?\x9f\xf5<\x8b\xe7\xac\xf6\xcd\
\xc7\xfb\x15?\xf2\x9d\xec{'\xa3\xa3\xcc\xbc\xdb\xe9g\
\xbawl\x95\xde\xa1\x9c\xc7\xd8{d\xf9\xd2\x01\x83R\
\xbe\xa5F\xba\xbe\x5c\xb5wq\xef\xe0\xbb(_\xdf\xf8\
\x1czV\xec\x7fW|\x0cS\xe3K\xbe\xa7\xc7Pq\
]\xb3\xf69h\x9b\x18\x9fS\xe7\xb0\xf7^\x04\x07\xee\
\xf8\x16F'\xe5\x85\x17\xbf4G\xb7\xad/h\xbc\xa7\
\x1e*{\x1eb~\xd8;-\xef\xab'\xa7\xda\x7fb\
\x88\x96o\xeb\xd0c\xcc\xba\x8e\xf1g{\xff}7\x9b\
\x0ch\x99T\xfa\xe7\x89\x19\xcb\x01\xa9\x9f\x956Hz\
\xaf\xf9\x8f\xcf\xafg\xc5\xc4R\x03wdN\xf8\xa1\xbc\
\x8bC\x9f\xc6\xe8\x9cb*\x8c\xf2{-m\xa3\xdf\x8f\
\xdfdq\xbe\xf1\xfb+}V\xbeF\x99Qc\xa31\
\xdb\x96\x96\x07\xf0\xf4\x806\xd4#\xe2\xf0\x1b\x9d\xab8\
\x9e\xbe\xca\xd11\x8b\xab\xd6\x06\xa4\xf8\x98\xdf\x9dc\x8c\
M\x1a\xa6\xec\xf0/L\xddC\xb1\xecq2+\xd3\xab\
\x16\xc8\xbd\xe3m\xf2g}\xb5\x93\xd7R2\x12{\xc7\
\xe2\xdeg}7\x9b,t\xfa\xb9N\x9fc\x8f\x01P\
\xa7\x9da\x85\x8a\x9b\x94\x011{\x00\xcb\xefK\x0fw\
\xf42\x0a\x83\x22\x1f\x1f~C\x85\xc5\x13O\xa2x\xb9\
\xa5\xc1W\x0c\x98\x03n\xf9H\x93L\x8e\x7f\xe8\x1e\xfa\
E\xcb\xea5y\xad\xea\xbe\xf5\xcf\xd9\xf4 \x9c\x1a\xe4\
\x87\xae0\xfb\xbd@\xe5\x87\xa9q6\xf1P\xe6?\xce\
\x91\xf6.\x7fo\xd6\xc0\x9cutm\x8c\xa6=\x94\x91\
w\xc5\xbf\x95g\xb7\xef\xf7g\x19\x99\xa9\x15\xf0\x90\x8b\
U\x87\x99\xb9k\xc9\xe8\xdc\xd3\xbc\xcaFG\xdbs\xe2\
\xb1O\xb0\xcf\xe5M}V\x8c\x9b\x5c\xf9\xd8\xe3\xcf\xcb\
\xf7k\xdc\xf3\x82%\xf7;\xe3\xab\x13\x06`\xde\x83O\
?\xdc\xc3\xbe\x95\xcf8\xc7a\x86@\x1e\x87x\x02\xc5\
\xcaY\x9e\xfc\xf7gS\x0b\xea\xc8\xe7T\xab\xcf\xa1\x03\
C\x0d\xe2}\x8fiL\x1eo\xd2\xb2\xdc\xc3\xb5\x9bE\
\x805>d\xc6\xf0c\xc2\x13\x99t1\x8bPl\xb4\
\xcai\xd7\xf7\xad\xdb&W\xe6\xe2\xba&]a\xed)\
\x14+\xc2\xccM\xbd\xfbb\xba\x14>\xce~\xef\xa6X\
\xe1\xf4\x09G\xab\xf3\xb7v3\xd5_ro|\xde#\
wy\xa6\xf1\x1a\xcf\xc7\xd2;\x1a\xd9\xf7\xbd\xcfQ~\
\xba\xd7\xb1/\x07/{\xa2\x80=\x8e\xc7\x0e\xde\xe4\x16\
\x8c\xbdX\xc0\x9e\xb5a\xce\x8bT\x03v\xec\xbe\xee\xb7\
\xa6\x141+W\xce\xe9C\xefgD\x0es\x05g\xc6\
\xa6\x87\x8e\x97\x83\xafr\xe6qJ\xff.\xdc\xde\xbb\xb9\
\xe6=+\xaa\x8e_\x8d\xbc\x1co\x96\xf1\x9a\xf2\xf5\xea\
pjN\xf7\xb8|=3\xef\xe9\x08\xd7=y\xed\xe3\
Am\xe6:\x14\xd9\xe7\xfeF\xf78a\xaf\x0aS0\
\x0e]&\xc6\xa1\xf6\x8c\x8ak\x91\xe7R|\x7f\xc6\xf1\
G\xb8\x85\x81\xfb\xb0\xd18\x15\xa1D1\xa1\xc7\xde\xd0\
D\xc8\xa9w\x19\xcf#u'\x99^\xff\xc7\xdf\x19\x1b\
\x8f\x5c\x0c\xca[\xb3\xd9#\xe0f\xde\x89;\x8aw\xc6\
?\xdf\xeb\xa6\x8c\xcb\xd4[\xd5\xd1\xc4\x08d\x9cc\xf2\
O\x84\xdfG\xbc\xac\x83\x07ry\x05\xbb\xb7\xfb\x9d\x05\
6\x1e\xf5Z\xc7\xd7\xb1_(\xa6\xff{\x1f\x9c\xa5\xfb\
3A\xe4HS\xff\x9e\xf4\x12\x0e2\x02\xb3\x8e1\xbd\
w\x11\xe3N\xec9\x8a \xa7V\xdf\xc2\x031\xee\xf2\
V\xa6\xe6\x8b\x02\x9cK\x06N\xfe\xd6+mah\xf4\
\xa74~\xf2\x83\xb9\x1f\xd0W\xfeY\x87\xc2\xf7\xcd\xeb\
\xdd{\xc331\x80y\xb7{\x9d\xfc\xd3\xceZ\xe1a\
\x8c>\xcf\x8fv\x8e=\xab\x82\xfe{\xcfJq\x80\xd1\
\xb8{O`\xf61\xcb\xd71\xcf\xbeso\xf7g~\
\xcf\xdcFk\xd3\xb7\xd0\x8b\x9ee\x04F\xe1\xe2\x08\xf4\
<\xf8\x1d\xce\xfb<\xa6\x8f{\x94m^oY\xad\xe6\
S\x93\xbal|\xa6\xc7\xc8\x9eK\x99\x13\xf38\xd2\xb6\
\x17\x83\x11\x03pT\x0bSF\x15\xefv+\xbf\xecL\
\xcdt}\x89\xfa\xe5\xcc\x9a\xbd\x07]\xd3(\x0d\xb3w\
\x8a\x8a\xc1\x95\x0f\xee\xc6\xf5/,p)j\x9b\xb1\x82\
O8/3\x8e93\xe5TN\xc7\x1d\xe1a\xde\xb5\
\xd1\x98\xe7\xd8\xf7\x05w\x9e\x1f\xeb\x99\xf5\x9d\x89\xdf\xe9\
\xff\x96\x9f_\xd9\x10L\xa4 \xdfb\x83\x95\xcf;O\
\xb4\xe7\xaa\xd2\xafS\xee\x7f\xb1\xd0\x1d\x02\x88\xdf\x8fU\
\xbf\x9c\xe2._\xc1\xd8\xbb(\x85\x00G\xdd\xc6\x00\xc6\
\xbd\xbb\xc4w\xfb\xbd\xfd\x1e`\xf9v\xc7\x80\xd9\x1e\xaf\
Ko\xd3\xf70\xf5\xd2\xe4\x9f\xd3\xa0\xcc\x0c\x17\xb24\
\x99\x8fx'w\xb5\xd4\xce\xf6\x8c\xa6a\xc2\xd9`\xd2\
\xc1\x9bq\xf4w6e\x5c\xa7\xd3\xac{V\xf6\xa3f\
A\xf4\x7f\x8b(y\xf2\xb1\x17\xa9\xd1\xdf9[^\x8c\
\x22#\x9b\xc01\xf8\xfb\x02\xfb\xd0\xce\xfd\x94\x9b\xffV\
\xdf\xc5\xe4\xf8\xe09\xe7\x0a\x01\xa6]/u\xb1et\
~\xce\xd3\xef\xe3\xe2\xcd\xda\xe6\x99\x13\x87\x19\x8f\xe9C\
\xf0\xe1\xef]\x89\xa7'\xfb\xde\xdf\xcfzp\x0a\x84\x9b\
\xdc\xfb\xae\x16 =@\x8eb\x03\x14\x99c\x9f\x83M\
\x5c\xc5Ap\xed\xdc\x977y_\xe4$\x94\xc1\xcd\xd1\
?\xe6\xc4\x90\xeea\xc1)\x0c\xc7\xf8\x9c3l\xde]\
\x8c\xc5|\xcaH\xcd\x02@\xd5\xef\xcai:L}\xbf\
t\xec\xf2g\xa3\x1f\xd4K\xdb\xeb%\xbe5\x13\x7f\xef\
\xea_\x5c\xd9\xe4\xef\x8f\x84\x01\xccK\xb4(_\xc4\xe1\
\x0c\xbbo\xedv\xf0\xf5\x1c\xc1]\xd5(e\xf9\x99\x1c\
\x86\x96O|\xbf\xccB\x9c\xfb\xac\x87M\xa2\xfd\x80\xca\
\xa3\xc4\x17\xfb\xef}\xafa\xdf\xfdL\xe1\xde\xaf-\x9f\
`\xbe\x16\xde\xdf\xfd\xbf\xceo\xe5\xbd\xcf\x9e\xfc\xb3\xaf\
c.\x03P\xe4\x98\xa7]\xdcr,\xb1\xdf\x0d\x1e4\
\xf9\x0f\xba\xd0o\x95\x11\x18\x9f\xfb\xee\x00\xa1r\x84P\
\x1c\xf7\xad\x8c\xd1\x0f\xde\xee\xc3\x00.\xa5gU\xbaQ\
\x1f\xf9\x88\x87<\x8a\xb7\xf7\xed\xd8\xa6\xdf{\xaeW\xf1\
y\xd3\x9fG\xdd\xe6M\xb7\xdf\x8f\xed\xa0\xf3L_\xc7\
|\x1e\x80\xb0\xdd&\xe7\xc8<\xab\xfad\xaa\xe4\xde\x9f\
\xe6]\xbb\xd9\xb3\x8e\xf5\x16\xbd\x8c\x11\xe3\xef>{S\
\x13\xdf\xdd\x0f\xfb\xb8\x1f\xb7Tz\xc8\xf3N\xfa\xf9\xeb\
)~'N\x9cl\xf4/9\xcf\x81\xe0\xdc\xef,#\
v7\xdb]y\x00{G\xf3x\x95\xdb\x8fb8\xeb\
\xc4e\x12Qy\xf0\xcf\xe3\x09\x8c\x0c\xd0[\xf6\x0e\xee\
\xa3\xeb7QK1\xe9Z\x8f\xf9|\xe3M\x00\xca\xfc\
w\xc6d\x19\xc5\xbc\xc51\x8b\xdfk\xccG\x11^\x8e\
\xee\xed\xdd\xf5\xf5|\xab\xbdCc\xefx?,\xcdh\
\xdeUB|\x16$=\x83\xf0#\xe0\xb5\x1a<e\xf2\
\xd4\xd1\xb7\xe2\xc6\x8a\xfa\x94#2\x01\xf7\xbb\xf4\xa3\xe4\
`\xcb$\xa2\xbd\xb9\xf2\xc3\x00=m>t z?\
\x08Ho\xd5v\xd0\xca^<\x83\x09\x03\xf8;\xecV\
\xca\xfc\x8c1f\xad\xb6I\xbe\xfa\xd1=\xc1y\x10\x8b\
\xb7*\xcd8\xff\xb1Q\x22\xf7\xa8\xf3\xdc\xdb\xe4;|\
S\xf3\xd0\x9c2\x02\xc5\xa45J9\xfc{\xbd\x8e\xd2\
\xbb4\x8c\xa3\xa5\x01\xcb\xabWQ\xf5\xa6\x8a\x07\xe7\xcf\
\xc1\xca\x83\x1ce\xccJ\xc7\xdbw\x05S\x0f\xa0\x1c[\
\xffN\x9e\xfcw\xb3\x19\xbf\x03]\xe6i\xc6\xe7\xe8\xf8\
\xf7\xd1\x09+\xf9\x83o\x1d\xa9\xe9.\x9fG^B\xf6\
\x0f\x9a\xfc#b\xcf]\x5c\xcbt&B\xff\xb6\x14\x87\
\xa9?\x859V\x05C\xa5\xd4a\xc9<\xcd\xbbMR\
\xb3\xe7H\x03\xce|\x80F\xc9\x00\x14\xc7:\xca6\x83\
\xa2\xa9\x1e\xe4<\x07zK\xe3\x80\x89T\x89\xda\xee3\
*|?\x81\x8c=q\xf7}~.\xa3G]\xbe\xe8\
\xb7\x00!\xbf\xebo\xde\xbd\xf7q\xc8\xb70\xe2\xf3\xdd\
\xa7\x10d\xfe\xe3LNP\xba\x8a\x93\xc1\xf3\xf8\xef\x91\
oP\x0a\xc7\xe7\x9b\x1d\xe31-!\xc0\xf4\x05\xeea\
\xba\xe9\xc9Yf\x00\x96]\xff=\xfb\xeb\x8b9\xca\xc3\
+c\x04c\xdb6\x95e\x90\x82\xa0\xfb\xf7B\xee\xd6\
}\xbc\x17\x84{?T\xfdn\x00\xc1\xe9:\x8e\xe2\xb2\
\x8e\xb6\xeaM\xba\x9d\xc4#\x0a\xf2\xca\xa4c7\xdeg\
\xa2\x82r\x8em\xf6J\xa7VVz\x95\xfc\xa3V\xd9\
r\x9c:\xcf1\xcb\xc3\xbd\xcc\xc7/ow?^\xf2\
9\x9fa\xe1\xd5\x8e\xaf\xeb\xf0\xe3\xec\x9dw\xb3\xeey\
<\xfe\x8bg5k\x9b\xe00\xa8\xa3\xce\xb8\xeb\xe9E\
Mm\xf6<9\xfb\x82\x04\xb1\xdf\xb3\xdc3x\xefr\
\xd1\x1c\x1df\xaa\xe6\xbe8\xe8\xb7\x06\x10:\xf8\xe2g\
>\x9f9'\xdc\xc4D\xb8G/`\xbf\x1coq\x8e\
}\x8d\xdb\x14@9\x1d\x8ai}\x11\xbd\xac\xcc\x0e\x04\
\x0a\xaf\xef\xbe\xa6\xc9\xc4\xa8\x94c\xde\xe22\x0ez\xae\
\xb3\xc2\xc5\xd9\xae\xee}-#7\x8c{^X\xf2<\
\x9d\xe3L\xe5\x85p\x0c\xdfMN\xf7\xd2\xbd\xf1\xe5\xe9\
\x12\xf72\xcbp|\xac\xbd\xd752\x00\xf7;\x85S\
>\xf5Q\x9d\xf6I\xc2\xc9}v\xc1\xbf\x8d[\x99\xfb\
?\xfey\x9e\xa4\xe1\xbd\xc7\xb6c\x8fc\xece\x8d\x83\
\xb8\x92\xf7W\xf2\xec\x8a0m\xfc\x1e\xef\x7f\x95\xbd\xb0\
3'\xf0\x9d\xa3\xde\xe7\x18#\xda\xffs]Y\xfa-\
r\xe7\xf3\xfb\xbeP\x8d'\xb1\xf2\xc2\xc7\x13\xbc\x10\xa3\
\x19y\x14#.\xc3|\x0aTs3\x01'nj\x1e\
\x0bw\xe8\xe9\xa7\xd3 \x94\xd2\x19\x8f\xc71\xb6\xf2\x96\
\xc1C\xf3\xefy\xc8\xfd\x1e5\xd4\x99\xfc\xc5|\x972\
\x9b\xbct\xf0~\x07m\xa3\xc9\x5c:\xd4\xc8\xd1\xdb\xe7\
\xf8\x85\xd1(\x5c\xd1\xa3r\x19\xf6=n\x11\xc2\x08\xc8\
u\x94c\xce\xc8\xd9M]\xf14\xce\xf4;\x8d\x90t\
\xe4m\x94\x01S\x93\x7f\xf6\xbb.\xab\x0b\x15\x06\xbe\xbc\
\x1c\x8f7{\xf4\x12\x0fJ]My\xff\xfb\xee\xaa\xdd\
\xcb\xf9\x1e\xf1\xf4\xc5\x8fSczx\x1dx\xa4\xbd\xb5\
\xe2\xf3\x9d\xb3@\x1a\x0c\x93\x85\x1a<\xc7d\xbaG\xa5\
\xe8\xd4\xe3S\xdeqIxT\xef\x95\xe6\x94o\x18W\
2\x1euU\xbc\x9b\x81xT\xeflV\xc5\xdc\xecM\
\x9b\xd9b\xe2\xe7w\x9f\xce=0\xfdy\xd8\xaa9}\
\xb0\xb9\xbeG\xa7\xd8\x1a\xbf\xbb\x09AQ=\xf8%\xb5\
\xa6\xf0#A\xd0\x0dk\x84\x9a\xe5\xe5#\x8d\xc4U\xee\
\xdd\xc7\xb9\xfb\xa3\xcc\x8e\xd3g\x1d\xff\xe0\xb9Q\xf2\xed\
\xf6<\xbf\xc9\xab\x9b,\x07\xdeg\xb0\x94\x7fU\x90\x12\
\xa6??j\x22g\xac\xf1w\x84\xef\x94s\xd3wi\
\xc9I\xdaH\xf3\x1cq\x1a\xca\xa42ss4\xf8T\
\x1c\x9a\x01\xa9\x81\xc4\xa0\xbe+\x7fmN\x08}R!\
\xb7b\xba\xa5k\xfa\xd6\xe7\xb0\x8fb@\x0e7\x92G\
\x7f\x8e\xc5\x00|kd\xb7J\xc1\xdf\xdc\xefX\x0d\xea\
0\x8e\x90!\xd5\x9e\x8d\x81\xccL\xd5\xdf9\xd4os\
\x0b0\xf8\xbb\xf1\xb5g\x1a\xed\xac9>,\x1a\xfb\xbb\
\x18Wcm\x9f\xf1\xc4\xbb\xbb\xedh\x99\x96\x83\xc7\xcf\
4\x06\xb0\xf7\xca\x84\x07p\x14\x82\xc3\xbe9\xcf#\x06\
\xf9\x87\xba\xd4\xfb\xc9#\x97\xfe\x16E\xd69\xaaS&\
h\xaa\x1amvm\x0fk\xfeYYA\x0a\x19\xa6\x82\
\xee\xac\xb0V\x03\xa73\x1b\x8b\x89\x22\x84p\xd2\xf38\
\xaeec;\x1f\xe2\x0b\xfd7KjEw\xb7\x1d}\
\xf2\xcf?8\xe6\xa5#\xdf\xcbV^G&e\xb0\xef\
\xc3\xb1\x8f2\x09e\xd5W\xb9\x84G\x96\x1eG\xc5v\
\xb5\x84\x96z\xd7Q\x9ea\xd9\xc8p<\xcf\x11\xca\xb5\
f\x0as\xd0\x7fl\xc3\x82e\x99\xf8\xf5\xadK\xe8\xc6\
\x91h\x11\xca\xb8\x9aw\x12N$\xe8\x94a>\xaa2\
\xf18l+\xc6\xaa\xfcw\xdf\xef\x1c\x0d\xaf3\xe6\xc7\
\x00\xf6[-\x94+<E\xff\x1d]\xe3^\xb9\xae\xbb\
\xe2\xb1\x17\xe9\xa7\x03\xe2\xca=\x98\xf4\x9c\x93\x7f\xf4\xef\
<C\x14\x0fQsjx\xfa\xdc\x07\x804\x19\xeb\xec\
\xeb\x17\xc0\x95\x22@\x8a\xdf?\xa8\xe2}\x91\x87\xc0\xca\
\xe0\xc0D\x92gpm\x17_\x08\xae\xe2\x17\xb6_@\
\xc5uQ1l\xb9\x22\xedC\x1ci\xdb\xfb\x12\xa7\xac\
s\x11\x90\x97\xbf3B\xec\xe7!~\xdc\x1fw\xf6\xb0\
3\x94u\xf8p\x1fR\xabG\x026\x0dS&k\x92\
\x0eaf6\xbe\xeb\xdcGp\xc2[C\x9c\x05R\xe5\
\xc7\xd5}\x98\x87x\xaf\x9d\xe1;u\x18@qUA\
\xcby:\xdb\x02,\x8b\xaa\x18\xf8\xc0\xaf\xfc\x13\x5c\x8a\
\x06Xq\xab\xda\xc3\xda\x9f\xf2<:\x7f1Q\xf7\xab\
\x05.\xef;\xf5\xa1\x8c\xe3\x120;I\x8b*~7\
y\xfeQ\xb1\xd9\x91\x9e\xf1~\xf7\xa0\x8c\xdc\xa4*\xf0\
\x81\xf1\xfd\xd4\x8fw\xe3*\x1dT\x19XF\x81\xf7\x05\
\xa1\xeemH\x9bV\x0d\x9e\x7f\x0a\xb1i\xe3\xca\xe6\x15\
\x1d\x02H\xe7\x8b\xb1[nz\x88r\x03/\xe7\x0bp\
\xd0@\x98\xe5\xb0\x8c\x1c\x0b)p*\xc9\xe1\x849>\
\xee]\x80\xeb\xbax6\xb9\x818Sx@\x81f\xdf\
mh2\x19\x16\xccZ\xed\xf7V\x19\x1e2<'\xf7\
-\xf0\x95\x89/\x95h\xbdG\xbclc\xe6i\xeew\
\xe5\xe7\xe4\x1b/\x9a\xbd\x94\xdd[\xd3\xf0\xb0\xd8|B\
<\xfb7{\x1b\xd8\x09\x06H\xb2X>\xa6\xd1\x0e\xa2\
!\x12\x1b\xd85 \xef\x8a\x06\xc0rl\xf8\x95\x1a\x0c\
\xd3\x84m\xda0\x8c\x14\x1f\x5c>\x8dG\x93\x08\xcfw\
7\xb1\x95\x84$\xc8(\xa5\xaa}\xaee\xe6\xd5\x16=\
\x1b\xa6\xeeq\xa6\xfa\xcfHEj/\x18\xab\x16\xc1Y\
\xee\xfb\xd1^\xd2\xec\xf8\x7f\xfc\xb7$\xa1.\x9ex\xfb\
\xe4\x90\xd8\xa7\x9cu\x9a\xbb~7\xdc\xe8\xc3\x0c\xc0a\
\xc7\x9c\xbc6\xbax\xd9|\xe7\xa3EOS\xb8\xf5\xb3\
h\x9c\xfe\x08\x06\xbdM\xdcz\xfdW`\x19\x93I\x10\
Z\xfd\xe5\xd6\x09\xb8N\x03'[\xc7\xd0\xac. \xcd\
r\x04v\x8e\xf7\x076\xfe\xf0\xa0\x81\xc0\x8cQw|\
\xdcI{\xf8\xc37\xffO\xf4\x8c\x04\x0d\x83\x98@a\
\x00\xee-4(\xeeM_\x91\xce\xeb\x16\x83\xbfl\x18\
\xf2\x03C%\xfa%\xc5\xbe3%\xca\xe4k\xa6\xc4\xcc\
G\xd9fI\xab\xe9\x1eOw\x85\xeb\x1c>X\xa7\x0d\
@\xe1\x01\x99H\xb2\x01\x1c{\x11O_\xfc\xab\xf2.\
\xdf\xbc\xf5+H\xd2\x81\x5c\x9fi\x99\xe8\xf6\xb6\xd0\xeb\
o\xc34-\xa4:_\x9e\xa6\x19\x1a\xb5\x16\x1e8\xff\
h\xa1\xc4\x8dU\x18\xf8\x07\x17\x1f\xc4\x92W\xc1\x1f\xfe\
\xdcO\xe0\xb7wn\xa1f\xdb\xc8\xb2bD\x16!\xc1\
$Z>\x1a\x8b#\xf2\xc4\xec{\x19w\xcc\x9au\xe7\
\x8a\xe2\xbb\xe7y\x14!f\x11\xceM\xf1\x1a\xe6\x7f\x8e\
\x07o{;\x03\x15\xba\xea3\xac\xd6a\x15\x80\x87[\
\xf9\xa3\x81\x1c\xf7\x0b\xfd\x1f\xab\xb9\x00q\x9e\x8a\xa1q\
,\x17\xa6A\x80\xaf\xacQ\xcf\xe9\xc0\xffE\xe8\x85]\
\x18\xa6\x01\xdb\xf6\x90\xe4&\xee \xc5\xf3\x8e\x8d\xaa\x01\
\x5c\x8c3\xc4H\xf0\xb4s\x1c=#\xc6\xf5\xac\x8b0\
\x8bu\xa8\xa4.r?#0\xdfJx\xd8\x0d\xaa\x90\
eR6\xbb0<cy\xea\x89.E\x13\xcf\xa2|\
\xa4\xfd\xafuz3G\x02\x01\x93)\xdcI\xe7\xb5,\
\x8f}/\xdb\xac\xef\x17x\x0d`\x19\x1elg\x0d\x96\
U\xc5V\xf7\xb2\xbc\xa7\xdc\xa4G`\xa9gk\xe6p\
<\x17\x0d\xa3\x01\xd3\xb4\x91I\x9b\xb9\x1cy\x96\xa0\xca\
\xd5_\x9a*\x19\x80c\xcb\xfea\x10\x22\xd5+\xaf%\
\x9e\xa1\xea\xbbPL\xc0\xd9\x03\xbex~G\xbb\x8b\xbd\
\xf74{\xaf\xf2\xb1y\x8d\xca\x90\x14\x7f&\x0d\xc1\xbc\
\xd8\xc3\xdc<\x80Bg}d\x04\xa6\x5c\x94\xf2\xe5\x17\
\x17[l\xbc\xd0\xbd\x17T\x069fX\xb1#\xfa\xf7\
\xa3\xf72\xcf\xbeD\xfe\xb3\x18\x96\x99\xc2\xb45\xa8W\
\xd0]G.\xb0J\xe7\xf5{\xdb\xe8c\x1b\xbb\xb8.\
\x98\xc1\xe2\xd2\x09\xf8\x95%|\xc3u\xf1z\xbd\x87\xf7\
\xa4\x0d\xbc3j\xe0\xbc\xd9\xc2?9\xffI\xb4\xd3!\
\xfe\xe8\x9b\xff\x01[y\x82\x9aA\xb4@Y\xa8\x02\x10\
\xda{\xddG\xb3^*\xb55c\x85\x90\x0f\xf7\xba\x9a\
\x07\x19\xd9Y\x15\x98\xf3L\xfe\x91\xe7\xb5\xdf\xf3\x9e\xf8\
\xf0\xe8\xa3p>\x16e\xf17W\xf1\x08\xae\xbb\x8c\xb3\
\xa7~\x08i\x96\xe0\xf2\xf5\xff\x02\xdbJ`\x1b\x0e\x0c\
\xe22F\x8a8\x0eP\xad\xd4Qo\x1e\x97\x14\x1fM\
\xbb\xc4\xd0\xa6!0@\xa7\xbd\x09\xdb6Qw\x8e\xc1\
\xcd\x0d8\x0c\x0d\x0c\x03i\x96b\x98%\xf0\xb8\xd3T\
\xb8\xb4'\xac\x9a\x81K\xed\xcbu\xd8\xd7\x0b+J\xac\
g\x95\x07\xab~\x18b\xcc\x0bl\xac\xe0gO\xcd\xa1\
\xbbee\x1eH\x04\x1a\x9dpt9\xcaj\x16\xb1\x8b\
\xdc\xc4\xe4\xf5\x8eon\xc2{\x98\xae\x16\xbc\xb7\xf0\xe1\
H7KC\xc4\xd5\xc1\xaa#3|dq\x00\xa4\x91\
J\x11\x97b6\x05\xfc\x8cmnN\x5c \x03\x924\
A\xc6\xf4\x92\xeb \xb7\x0dA\x927}\x07F\x96\xa2\
\x99$0\x92\x0c+\xa9\x07\xcb\xb6108xb\xed\
\x11N\x02bG\x9b\xf8\xd3\xa4\xcf\xfc.\x1a\x8bN\xc5\
\xcf\xa5\xd3\x1f\xdcJt\x9fC\x1dJk\xdd\x8b]\xcc\
\xba\xffr\x0a\xf3\xe0t&\xbfk\xc2(5\xdc\xe0d\
3\x0d\x1f\xae\xb3\x04\xd3l!L\xbaH\xb3H\xdc}\
\xe6\xfb\x0d\xd7\x86e[\x08\x87\x01\xa2$\xc4\x02\xeah\
\x9a\xae\x00\x85e'>A\x8aa\x9aH\x0e\x90?\xa7\
\x86\x89-\xbe\xfb\xd4\xc0\x82\xe1\xe0\x01\xb3*\xef\xb9\x0b\
zu\xc6\xb7\x04P\xdd\x1f\xd8\x9d\x5c\xe5G\xe0\xc1}\
\xda\xf6`\x00\x07\xee\xac\xc3\x82\xc3&\xe0L\xb0\xca\xb8\
w\x00\x919\xf9Q7\xdcy\x8e\xc1\x981\x09a\xae\
<\x01\xeb\xf8\xfb\x91l_A\xef\xc6s0\x19\xfbk\
\x97=\x93\xc6\x9b\x19\x92\x91\x8c\xb3\xfe\xaa^uL\xd3\
A\x9efh6ZXZ:\x86E\xb7\x86GV\x1e\
\xc2\xb1(\xc1\x9f\x0e*\xc8\x93\x08\xeb\xd1\x00p\x5c\xfc\
\xbf\xd7\x7f\x15_\x09\xae\xa0a8{\xde\xd1Q\xefy\
\xbc\xb2\x8c\xa3\xf9\xd1g\xfa2\xcb\xc5!#\xb5\xd9\x12\
F\xa2\xf6\xdb\xeb%\x14\xb0\xe5Q\xb6\x83\xa4\xce\x14\x8e\
\xb0w\x85\xbc\x97m\x12\xf0\x93\xdf \xcb\x86\xa8\xd7\x1e\
\xc7\x99\xd3\x7f\x10A\xb0\x8e;\x1b_\x10\x97>Ic\
\xe4Hp\xf2\xa1\x0b\xa84j\xb8\xfa\xf2K\xb8}\xfb\
6~\xf0\xb1\xef\xc6\x07W\x1eC/\x1d\xaa\xe3\x91\xc0\
e[\xb8\x1e\xee\xe23o>\x0b\xa7R\xc1\xd2\xf2)\
8\xb9\x81\x15\xcb\x82\x93d\xf8\xd3\xcb-<\xdeX\xc4\
_\xfa\xd2\xcf\xe3\x17\xd6_D\xd3\xadL\x81\x81{\x9f\
\x0b\x0ey\xd7\xfb\xd7\xd7\x94\xbes\xc8\xa3\xbb\x1b\xb6\xe9\
<\xd9\x82{j\x0c\xb2\xef\x05\xbc\x15\xc6\xb2p\x97\x8e\
X\xd8\xc18.7,d\x9c\x94L\xf9d\xf1\x84R\
+'8\xdfF\x83\xcc@N5v\xf4.\xe1\xb3$\
\x87\xf0|t\x09\xb34E\x9c\xe7\xe8\xb8\x06\x8c8\xc6\
.*p-\x0b\xf5\xbc\x0a+\xca\xe0\xa6\x19\xea\xb9\x07\
\xd7\xb4\x10\xe6\xf1=\xddn1\xf99p\x15&3\x06\
\xfe\xf6\xdb\x7f\xbeX\xbe\xec\xaa\x1fmP\xed\xd7 ~\
?\xc1\xf5{\xdb\xca\xd7\xc7\xf7d\x03F\x1d\x86\xe5\x22\
\xcb\x22Y\xd5\x0dz\x1eF&\xae|\x92\x19\x88\xe3\x10\
n\xe4\xa1Uu\x81\xe5*\x1aM\x1bN=\x81\x97\xa6\
\xca\x93\xe0*o\x98p3\xc0\xb1,\xd8\xa6)^\x1e\
\xfbO\x0e\x0c\x07\x16\x12TM\x17\xbeW\x81e\xab\xf7\
\xae\x9c\xe0}\x8a\xe4\x0e\x99`c\x0fg\xef\xb3\xbe\x9b\
6m\xf9[@\x14;\x92\x018\x8c2\xfc\x96n\xe2\
\xa9O\xf6\xc2\xdb\xbbM\xc6\xa2\xear9P\xe8\xba\xf0\
\xbbI)\x05\xc2\x81S\xc1\xa9\xc5w\xc07s\xfc\xd9\
\xefy\x1bVk6\xe2\x981&\xc1\x22u\xc3\x8c\x1f\
k\x8e\x87\xe7\xae]\xc5\xdf\xfb\xccOcu\xf9\x04\xec\
z\x0b\xb7\xa3\x04\xff`!\xc7Rf\xe2O\xa5\x0dT\
2\xe0\xaf/~@\xbc\x94\x7f\xdcy\x06\xbf\x19\x5cF\
\xdd\xf4$Sq\xdf\x8aP\xf6d\x92\xc6Z\xf9\xa3\xfb\
:\x10$-\x03HGO+Mgi\x0e\x03\xc0\xee\
nS\xae\xbf\xda\x8a\xd0,E\xa5\xf2\x10Z\x8b\xdf\x8d\
0\xd8\xc0\x95\xeb\xff\x19\xb6Iv_\x04\xd3\xb6p\xf2\
\xe4)\xe4\xa6\x89\xabW\xdf\xc4\x95\xf6+\xf8g?\xf6\
\x97\xf0\xc1\x0f>\x8a\xbc\x17\xc2\xb2,y\x87b\x1e3\
CB\x84\xf5k;x\xf2\xa7\xd6\xd0OC\xfc\xf3/\
|\x01\x99m\x03\xade\x98Y\x8a\xc4\xcc\x90\x9b\x19\xd2\
\xa2Z\xef.np\xafa(\x8c\xe4=\xf4\xf8;b\
\x142/W\xe0\xae$\xc1\xbe\x1d\xdb|\xd78\x19\xdb\
\x8a\x8e\x1d\xc3\x06\xf2\xbf\x8b<\x80\xa0\xc1\xeaS\x1a\x06\
#Md\x90\x9cZ\xaa\xe2D\xb3\x82\xf5\xed@\x8c@\
\x9eiL=\xcbPw=\xf8\x8c3\x89\x05$!\xa2\
h\x00\x13&\xd6\xab6\xf2\xd4@6p\x90\xa6&\x96\
\x82\x1a*|\xd5A\x824I\x01Gc\x0c\x13\xd76\
\xf7\x1d\x97\xd2j\xb3W~\x95\xbc(7\xc4,E\xe1\
\xc6\xfe\xc0\xd5\xfd\xda\xf2C:\xe0\x1e}S+\xf4\xf4\
\xefTV\xc5An\xd6\x91b\x13Y\xdaG\x06\x92\xb0\
\xb4\x92\xafe\xc2v\x5c\xa4\xc1\x00\xfd\xf6\x0e\xaa\xbe\x81\
\xc6B\x15q\x96\x8c3\x96| Y\x0e\xdbM\xd1\xaa\
\xd9\xa8:\x1e\x86I\x84(\x0ea\x19@\xca\x94\xa0\xa4\
\x01h@3Xb\xbaU\xa2y\x7f\x11\xd6\xa3\x12\x9f\
\x0e7\x02\xd3\xc7,<\x88\xb7\xaaM\x9bx\x00G1\
\x02\xb3\xe3\x8by\xac\xdb\xec\xf4\xc5a\xdb\x91\x0c\x94\xc4\
y\x8a\xbf/i2\xa2\xff\xf2\xeeY\xfc##E\x03\
\x99d\x8f\x01\x95*\xf07\xfe\xe0\x93X\xaexXm\
9\xb2\xd2\xf0T\x09G\x03I\xa3\x1cx\xb9\x81N\x12\
\xe1\xfc\xf1c\xf8\x87\x7f\xe6/\xe2\xcd\xedM\xfc\x8b_\
\xfb\x15\xf8\xd5\x1a\x8ee!h\x0a\xfe\xe3\xf1\x87\xe1\x9b\
\x0e\xbe\xbfU\xc5\x9aa\xe2O[\xef\xc5\x1f\xea>\x8d\
\xcf$\xaf\xe3\xe7\x06\xaf\xa0n9Hs\xe1\x15\x8f/\
u\x82\xf18\xeb\xf9\x159\xefi\x10h\xea\xd9\x94^\
\xc3x\xack\xdfg\xa6\xbc\xdaA\xcf\xb2\x98|\xe5k\
9\x0c0$Pw?\xea\xed9\xf0\x8b\xc2\x9e\xa2h\
'\x83\xeb\x9c\x87\xe7>,{\xf4v\xaf \x8e\xd7\xa5\
\x8e\xc3\xf1l\x1c?\xbe&\xef\xe7\xf5K\xaf\xc1\x88\x22\
\xfc\xbd\xff\xd7\x1f\xc1\xb9\x93K8\xb6\xda\xc4\xe0\xea\x0d\
\x09\xd9,9\x5c\x86,U\xb2\xa6\xb1\xe3\xc0\xb23<\
\xf5\xfb\x8fc}\xa7\x8e\xfa\x97}\xe4VU\xf39\xb5\
\x17\x15e\xb2\x000\xec\xd0\x04R\x85\x9a0BT\x91\
\xc4|=\x0d5kO\xfd\x5c\xe0$\xfb4B-\x83\
\xed#P\xba\xf0\xed\x8e\xf2\xce\x8ay6\x9f\xb7q\xd7\
\x18\xc0\xa4\x82\xd0\xdd}\xef\xb0\xed\xc8\xde\x09c<\x89\
\xf3\xd4\x05\xb1\xe8'IS\xae\x1d\xb0l\x17\xa9\xa4\xe9\
\xd4\xe4\x8b\x93\x14\x16\x0c<~n\x05M\xdb\xc40\xce\
\x90s\x05\xa0\x0d\xa1\xa1\xc8bM\x041\x91'\x89\xa4\
\x89N/.c\xa7\xdf\xc3\xee\xf6\x06\xaa\xc1\x10\xad\xd6\
\x8a`\x0cW\xbc\x0c\xaeE\x80\xc9\x85\x0f\x13'\xed\x16\
\xec<\xc1o\xc4&\xbaY\x04Ol\xd38\xdb\xa0/\
\xf5\xb0\xbb?\xfcv\xe7\x00\x9b\xa6\xfc\x82\x19\xe7\x98\x91\
.\x9c\xe8v;\x16g\x19s\x184\xf5\xa7$\xe0Q\
x+c\x1e\xfb\xd1\x0c\xc2X\xc8\x04%\xec\x83\x7f\xfb\
\x80\xd9\x02\x99\xfcy\x1a \xcf\x22\x09\xd1\xb2,\x85\xeb\
\x13\x0fH\xd1\xde\xdc\x82\x99\xc6x\xec\xc21<t\xf1\
\x04\x86;=\xe4a$\xd9\x18Q\x1bJ3\xe4q\x82\
\xdc2`WlI\x05W[\x0eb7\x87\xe5xH\
Mfu\xd44c6\x87\x14\xb34\x8e0\x88RT\
\xad\x04\x96\x18#\x1c\xf9}\xec5\x0eG\x07\xf2\xee\xf7\
\xb6g\xcc<|\xf2\xe9\xfc\xdeO\xa8V\x81CN\xad\
UO\xe7\x1b\x1cw\xc5\x0dg*HV~\x0e\xda\x18\
X|L\xfe\xc4\x9d\x9b\x08\xdb7a\x1a\x19\x82\xf6\x06\
N/\x1d\xc3\xff\xed\xfd\xdf\x8b\xaak\xe2\xa3\xef;%\
\x5c\xff\xcd\xcd\x10Y\x0a\x04A\x864\xc9\xd0\x5c\xb0P\
\xad\xd0\xfa\x0b*\xa8s\xc8\x16v\xba=\x5c\xdfm#\
6\x1d\xfc\xbd\xff\xf8s\x88\xb3\x1c\x8f<\xf1\x1e\xd8\x99\
\x89\xff\xbey\x0c\x8f9.v:\x01\x8c\xc4\xc27\xb7\
\xef\xe0j\xa7\x8d\xaf%7\xf1S\x9d\xaf\xa3b;\x12\
\x8f\xee\xb5\x98\xb3<\x80\xc2\x90\xed\x1dTs>\x8d\x19\
\xab\xf7\xac\xd84\xdf\xb3\x9a\x8c\xcf\x9b\xef\xc1\x0d\xd4\xf9\
\xcb\x06`/\x008\x93\xe7\xb1w\xaf\xc9\xab\x95K\xe3\
\xfbS\xd7\xe9X\xa7`X\x0dT\x1a\xe7Qo>\x8c\
~\xf72z\xed\xd7`;9\xaa5\x03I\x9a\xa3\xdd\
\xe9\xe3\xf8\xd2\x02\xfe\xbb\xbf\xfc\xfdX\xacZx\xe0\xf8\
\x22*\x9e\xad0\x10MZ2M\x03q\x18#M\x22\
\x0c\xdb)n\xbc2@u\xd1\xc5\x83\xef;\x81\xee\xce\
\x10\xbf\xfe\x13\x97`\xa3\x82\xff\xf4\xd27\xb13\xe8\xe2\
\xa9J\x15nf\xe0\xb1\x1ap\xb2Z\xc3O\xbc\xf9U\
\xfc\xec\xb5\xe7\xd1r|a\x13\xce|\xd2\xfb\xa4;\xcb\
?\x17\xbf;\xc8c\xb8\xbb\xad\xf0\x14\xd3\xb9<\x80\xe9\
s\xddus\xd0\xa3l\x07\xeb\x9e\x8d\xb7{\xc6#F\
\xe3\x9c36\x05\xfc\x16\xcc\xe5\x8b\xc8\xbb\x1bHv.\
\xc3\xf2\x1a#m\xb5\xb3\xad\x13\xa8\xf8&<\x82Di\
\x8e 0%\x9e\x17v\x98\x09\xd4*\x16\x9a-\x22\xff\
\xc5\x0a\xa8\xca~|\xaf\x813k+\xd8\x1dF\xd8\xde\
\xbc\x8d \xcbp<\x1c\xc0N\x0c\x9e\x0e\x96\xed`\xa9\
\xc6\xc9k\xe1Bo\x11\x0f\xa2\x85\xcd\xb4\x83v\xd8\x87\
\x89:l\xc9Y\x17\xad\xd0g\x93|&\x9f\xdb|B\
 3\xbe=\xe3\xdf\xd3\x13z\xf6\xf1f\x0f\xd2\xbd\xef\
oz\xa2\x1fT\xdct\xf0\xf5\x95\x7f\xa7\xbfgx\xc8\
\x99]\xb1\x1b\xa8\xd6\x16\x11\x05o\x02\xf96l\xab\x8e\
Vk\x15\x83a\x80o\xbe|I\xe2\xfe\xf7\xbd\xed,\
\xeau\x17aw(^\xdb\x04I\x86\xcf:S\xa5\xdd\
\xc3^\x8c;/\xb5\xb1p\xba\x0a|\xc0\x84c\x99x\
rq\x05n\xea\xe1\x17\xb3\x04\xed,\xc3\xf3\xfd\x01\xfa\
I\x8a\xdfs\xf2a|\xc7\xb1S\xf8\xad\x8d7\x10e\
\xe9\x5cu\x1e\xb3\xc2\xe3\xf2\xbb\x9bW\xd4\xe5\xa8[a\
4\xe7#T\x1d\xb93\xd0\xf4*4\x0b\x8e\xdc\xff\xc4\
s\xd7\xad\xcf\xd0\xb2\x1b\xa7P\xa6\xcf=\xdb\x95\x95\xdf\
\xca\xf8\x96\xa2O1\x02F:\x14\xebh\xda\x1e\xab\x81\
$\x0dH\x15\x94\xc5\xa5\x04\xaee\x22\x1c\xf2\xc5\x18\xb8\
\xb3\x1d#\x89\x0d)\x0e\x8b\xe3\x14\xb5\x96\x83f#G\
\x92\x94Zx\xcbh\xe2\xefBq\x13\xff\xdc\xf7\xfc^\
\x0c\xa2\x00\xbf~\xf5\x0a\x06\xfd\x00?W\xad\xe3|\xbe\
\x88w\x1bu\x9cLsx\x8b\x15\x18\xb5\x1c\xef\xde=\
\x8d\xff\xc6\xfc\x1el\xda\x01~\xae\xfdu\xe4&\x13N\
\xccHhy\xa7}e\xc1\x8a\xc1\xb2_\x98ut$\
\x7f^\x0fl<X\x8b\xfd\x0f'\xaa\x14\xab\xee8\x1c\
8\xc8\x08\x8c\xaf}\x1cJd0\x059\xb5a\xbb+\
0\xddsH\x93\x00\xdd\x8do \x8d\xb7\xe1yU\xf1\
\xa0\xde\xbcz\x15\xab\x8d&\xfe\xfcG~\x17\x16\x16\xab\
H\xc3\x08C\xe1\x02\xe4\x12\xd6\x11\x03!7\xc1t=\
\x18\xbe\x8f<\xed\x02\xbdP\xa8\xdf\x9e\xef\xc1\xf6\x5c\x15\
\x8e\xb9&\xaaO\xfaH\x12\x03\xc93\x09\xf2\x8c\x98\x83\
\x8d\x06\xbd\xb4,E\x1a\x0e\x85\x198Q\xef9c\xf8\
\x8f\xdfO\x11\x0a\xcd\xb8\xdb#\x92\xc2\xc6\x9c\x94\x126\
0\xe3\xd8c\xcf{\xfa\xef\xf9\xd2\x93\x87\x18\x80\xc2\xbd\
;\x0c\xc9>ZI\xf0|\xdb\xac\x9c\xe3\xacxjr\
E\x93\x1b\xd3` \xf3\xbbr\xb3Z\xf1\xc5f\xadw\
\x9e\xc2q3\x9c9i!\x8b\x13D\x11\xb9\xff6\xd6\
\xb7C\x04\xb1\x09\x9bl\xbf(\xc7\x85\x8b\xac\x18#:\
\x9ci\xb2\x90:\x0es\xc7\xfc\xb7\x97[\xf8\xaeG\xde\
\x8e^\x14\xe1\xe7\xbf\xf2e\xdc\xe9\xee\xe0\xf3\x17\x1f\xc5\
WS\x17gl\x1fg\xcd*\x16\xdd\x1c\xa6\x0f<\x9a\
\x1e\xc7\x03\xc1\x1a\x9eM\xaf\xe1_%_\x80g9\xa8\
X\x04\x1dK\x83b\x92P:u\xcf\xfb\x81lwc\
\x00\x0e\xdaf\x19\xf7\xc3<\xb7\x12V0\xba\x8bbb\
\x97=\x0e\xbd\xf7\xe8>&\xb1\x83\x82\xfd\xc8gM\xe2\
\x95\xed\x1e\x83_\x7f\x18Q\xff\x9b\x18\xf4\xae#7\xc8\
\xf8s\x11'!n\xdd\xba\x8dU\xd7\xc3\x1fx\xf7\xfb\
PkU\xe0\xdb\x0eR#VtY\xad,G<\xc7\
iz\xb0V\x9a\xe2\xfec\xd0\x93i,\x0e\x82\x06\x88\
m\xdf\xc0\xc9w- J,\xa4\xff*\x15\x5c\xc8\xb6\
\xf9\xbe\xd5\xb5[&+A\x05\x14R\xc7,Z\xcc\xcf\
\x04\xf1\xca\xa1\xd3\xbdn\xe51=o\x06\xb0\x1cF\xce\
\x1bb\x9b\x07\x19\x80\xfdW\xa4\xfb;\xe8\xee&$\xd8\
/\xbe\xcd\xf7\xa4\x93h\xc1\x95\x03X\xecb\x0a\x054\
%O'5`I)0\x8b~\x0c8\xb9)\xe2\x10\
\x86\x9f\xe1\xcef*x\xc0b\xdd\xc4b\x13H\x8b\xb4\
\xb0\x1c\x83\x03(\x85]I`\xdb\x09\x1c\xc7\x86\xe3z\
h\xef\xb6\x11\x06)~s\xa5\x82\x1bn\x8e\xa72\x1b\
g\xc8)\xa0!he8\x157\xf0\xff\x18\xbe\x1f]\
#\xc4g\xba/!=\x90?s\x18\xfa^\xecs\xd8\
\xe7\xb3\x9e\xdd~\xfbL\x9es\xbeX~|\xdc\xd9\x13\
\xe0\xa0\xfb\x98\xca\x8apH\xba\x0f\x00\xe6\x22\xa28F\
\xde\xbf\x8c<\xda\x01\x92>\xec\x8a\x09\xbf\xd1@\x1c\xd9\
0-\x03~\xc3\xc6\xda\xa3u)\xe5%\x1d\xb8\xa8\x99\
\x10/\xc0\xf7\xc4\xe3\xdb\xbe5\xc4\xf0\xf5\x10a\xa7\x87\
\xb4\x13 \xe8\x91\x01dKI\xb0\xaa\x82H\x91\xc4\x10\
/\xcf\xb3l8\xa6'\xaaA\xcc\x06%I\x22\x15\xa4\
\x9c\xd9\x1c#\x0c\x0d\xe9\x0c*\xe31\xbdM\x87V\x87\
<\xa9C)\xd0\x93\xd9\x9d\xfd\x8f8\xc6`\x8e\xba\x00\
+\x83u`c\x90#@\xfbw\xb9\x1d\x16\xf3\xcfL\
{\x8dP\xe6=G\x1b\xfd+\xcb\x98\x87\x0f\xc0p\xdb\
r\x5c%\x02\xa1s\xfaq\x1aHa\x10\x9dD\xa5\x05\
@2\x84z \xc2\xff7L\xd8V\x86\xab7\x03\xc4\
Q\x8ew>\xe1\xe3\xd8\x8a\x89a0\xf6\x02him\
'\xc3\x89\x13Ul\xf63t\xfa\xbbh\xf7\xfa\xb8\xb1\
\xb1\x8e\xaa7\xc4\xb3\x8b\xcb\xf8r\x9e`\xc9\xa8\xe3A\
\xcbE\xabj\xc3\xac[\xa8\xb6\x17qb\xf7]x\xd3\
l\xe3?\xb7_R\x19\x07\x8d\xaa\xef\xcd\x7f\xcf;\xc1\
\x8f\xca\xc2\x9b\x05DM\x1b\x81\xa3\x1a\xf8\xe9r\xd5\xa3\
d+\x0a\xcf\x8dU\x9a\x19<\xffa\x98\xde\x03\x88\xfa\
\xaf\x22\xec\xbc\x01\x07mXY\x07n}\x01K\xc7\x96\
\xb1\xb5\xb1\x89\x9d\xfe\x06\x06\xd1\x0a.\xbcs\x09\xf1`\
\x88\x985\x19\xb9%\xbc\x8e\xd44`\xd86\xbc\xc5*\
\xd6\xbfp\x19W\xbe\xb0\x05\xa7f\xc3dp\xc0\xb4\x80\
\xa5R\xc2L#\x1aL\xf7r\x110L\xd4\xec\x0a\x1a\
\x8e\x87\xd0d(\x11\xc2\x14\xf2\x90\x890\x8a\xb1\x1b\x0e\
Q\xb1-\xd8\x8c\x0f\xf7\xb9\xaf\xbb\xd4A\x99\xb1\x8d\xb1\
\x0b\x9d\xd3\xde\x17'\x9a\xc4\x1ax=\xf3{ \xca;\
\x1by\x00\x07\xb9\xda\xd3\x17w\x04T~\x1euZm\
\x04\xe6\xa9\x07\x1f\xef\xb3\xcf\xaa\x22\xaeZ\x06\xd4O\x22\
7=E\xc6\xd9|\x15y\xd0\x91\xf8\xdfs\xeah.\
?\x80\xb5\x85\x05D\x81\x854\xa6\xfc\x13K\x82\xad\x91\
e\xe7\xaa\x90e&L\xd3\x84\xeb\xe4H\x13\x0b\xbd\xae\
\x92\x97\x22\x8c \xe2\xc5RVj\x8a8h\x96\x00o\
\x7f\xf0\x02\xce\x0fC\xb4\x13\x13i2\x84'\x0e\x878\
\x9cR\xb7 $\x13\xc6\x99Y\x8a\x9e\x15!\xc8\x02X\
d\x19\x8e\xd0\xdaY\xcfu\x1a\xef\xb8\x9b\x116\xcbU\
\x9d\x85\x9f\x94\x9f\xe9<^\xc3\xacm\xbf\xef\x1d4(\
\x0b\x97\xd5\x84a\xaf\xc1b\xbc\x94G\xc8\xa2[0)\
\xea\xc1\x01J\xe5\xa5J\x03\xb9\x95\xe3\xd6\x8d\xebXi\
T\xf0\xa7?\xf5\xbdx\xe8\xc4\x12\xa2~$\xae\xbe\xe0\
\x06\xfaY\xabx\xdd@\x9e\xd0\xab\xb3Q\xad\xb9\xb0*\
\xb6J\x05\xd2oKr\xa4Q\x86\x9d\xcbC\xa9\x00\xa9\
\x1f\xf3\x91\x19\x5c\x0c\x94)\xe5{\x97lO/\xc3\x9d\
l\x803\xf6\x02\xfe\xf8C\xef\xc0N\x1c\xe0+\x9b7\
\xe0j\x8a\xf0\xbd\x82xey\xbd\xbdy\xfe\x02T\x98\
\xf7\xb9\xabg|\x14#P\xec\xa7\x97\x8f\xe2d\xf3\x9e\
\xf4\xe0\xed(\xb2E\x87?\xc8|\xc6\x9f\xd1\x99\xa6O\
,\x14\xce\xbc\xf5\x08\xac3\xbf\x1b\xf10F\xf7\x85_\
\x92\x22 \xc3\xb4Q\xf3\x9b\xb8x\xf2=8\xb5\xfc(\
z\xfd\x1c;]\x03\xeb\x9b&\xeel\xf0\xa8\xe4~)\
\xb0\x87\xc3\x92B \x11\x91\xe1n\x8e\x9b7\x0ct\xbb\
\x0c\x0f\xb4 \x06\xddz\xfe\xc9\x134+\x1e\xfe\xea\xf7\
\x7f\x0a\xff\xf3\x1f\xff\xb3X\xa9\xd8\xb8v\xeb\x0d\x04\x19\
\xd1h\x12I\xc8gQ/\x9a\xb6\x88Fw\xc1\xf3\xe1\
\xd8\x16zY\x80a\x1e\x97DM\xa6\xefqzbN\
\xbf\xa3{{W\x93\xcf}\xfa\x99\x1e\xf5\x1c\xb3\xde\x8d\
\x068'\x8c\xf6\xf8\xdf#\xed\x02Z\xd0\x1cpk\xef\
\x83\xdf\xfc(\xd2(B\xda\x7f\x13i\xd2E\x12\x0fP\
i\xf8X9\xb3\x02X)\xbe\xfa\xe5/a\xa9\x06\xfc\
\xcb\xff\xedo\xe1\xbf\xfe\x0b\x7f\x009\xf3\xb62\xd6\x0a\
\x8f\xc6\x84\x91\x99p=\x0b\xe6\x82\x07\x83|\xe1,\x95\
wV\xdc\x09\xc5Az;\x11^\xf8\xf4u\xbc\xf8+\
7\x90\x06\xfc<\xc7 I\x10\xa7\x1c\x01\x96\xf0\x04n\
\xee\x1a\xf8\xfa\xa5\x1e>z\xecI\xfco\xdf\xf7'\xf1\
C\xe7\xdf\x8ea\x9c\xa8,\xd1\x8c\xc5m\x12\xdb\x98o\
\xdb\xff\xe9\xce\xfb\xfc\xf7~\xae\xe6\xdea^\xe1\xf8{\
\xda\x03\xd8\xaf\x1e\xf9\xad\xdb\xee=\x0d\xb27\x96-T\
T2\xb2\xee\x0a\xd5_\xc7\x13\xe9'\x11\x83e5@\
\x1a \xcb\xbd\xd1\x80\xa4l\x14\xf9\x09\xae\xcdRS\xa0\
\x1f\x91$D\x97\x1cH\xb2\x0c\xbb\xc3T\xfe^s-\
\xace\x06\x12+\x87Y\xb5`\x10)\x1a\xe403z\
\x09\xb1\x94\x9f\x12\x81\xa2\x09\xe9\xf6v\xe1\x841n\xd6\
\x97q\xb3\xea\xc16L4$\x8b\xccz\xf3\x1cNn\
\xe3q\xf7\x18b\xcb\xc0\xb5|{\xaa\x05\xd7\xbeO\xec\
\xbe\x19g9\xda[\x9e\xfe\x9dnLQ>_1\xde\
l\x98\x0eI>>\xb2\x94\x05\xb8\xbbZ\xb4\xd3\x86\xcb\
\x82\xab\x0a\xe5\xbb\x800\x0c\x91%\x99\xb8\xe0\x9c\x80\xe9\
\xce6\xc2\xee.,\x16\x08\x15\xe6\x84\xb8\x0c\xc3=\xdb\
@o'F\xb4\xddAg'E\x98\xdaHBU\xdb\
A\x03\xeez\xb9\xf0=\xcc\x9cE`\x0a\x0f\xa0\x87\xb6\
\xe8\xfbp\x9a\x166\xa3\x00fn\xa1mg\xa8x\xb9\
\xb0=\xd3A\x1f\xa1\x8c\xa7\xf1}\xec\xefI\xddo`\
\xd68\x14|\x9f\x94\x91\x9b\xd5U\xab|\xac\xc2\x80\xa9\
\xdf\xd8\xf7{\x80}\xeb&\xff^\x03\xa0X\x80\xfc{\
\x9c2)Xk\x1a\x97\x86eZ\xe2\xe6\xf1)\x11\xdc\
\xdf\xecp\xe7!\x96\x9b\x1e\x5c\x1b\xf8\xd2kml\xf5\
R)6a\xe6`\xbd3D?\x08\xf1\xceG\x17p\
\xfe\xd4\x12\xcc\xba\x81\xc5\xc7\x1aH\x06\x09\xb6\xbf\xd9\x91\
\x13\xb9\xae\x83\x8a\xefI\x86\x81\xd2\xd4\xaf\xbe\xfc2\x82\
d\x88\xe1\xc3\x8f\xe3W\xcf?\x8cO\xe46>\xe5\xd4\
\xd01#\xec\x84C4\xe0\xe1\x7fZ\xfe>\xac\x1b\x03\
\xfc\xe5\x8d\x9f\x91\xdfW\xe0\xee\xfb\xac\x18\x1f\xd3\xaa+\
\xaa\xec\xec}f\xc5\xd5\x07=\xaf\xbb\x15\xef\x9c\x7f\xcb\
\xf7\x19\xbe*\xf6d%\x1f+\xfb\x9c\xea\x07@\xaef\
\xda\xbf\x8d4\xdd\x82\xe1\xd2\x133\xb0\xb0\xe2ba\xc5\
\xc1\xce\xd6&6\xeet\x91\x84\x99P\xb4Y\x9aK\xa7\
\x8a\xe2\x1d\x13\xf7@\x84~\xa1\x02\xb7Q\xc1g\xff\xd7\
o\xe0\xf2W:\xa85|)\xfd6Y\xe0\x93\x01\xd5\
j\x8a\x87\xcfT\x10G):\xebJG@\xbc\x88<\
\xc5\xf7\xbf\xed\x22lT\xf1\xbf\x7f\xe5\xeb\x18l\x03_\
A\x1b\x83(\xc4\x1fK\xd7\xf0\xf6tE\xd1\xc4\x8b\xd4\
\xe6\xbe\xc0t\xf9\xdf\x07\x8fq\x99m\x07R\x0b\x0e\x0a\
\xc9\xf4'Z\xfd\xb8|\x8c\xf1#\xd9\x0f\x90\x9d\xcc\xcc\
L\x19\x80Y\xff\xbe?a\xc1\xf8\xa2\xf3\xb7t\xb0I\
\xfeT\x93l\xca\x97]\xa8Y1\xf3)\xb5\x02z\xd5\
uY\x1b\xca\xdfR-\xc8$\x02\x5c\xb4af6Q\
\xa9\x07\xd9L\xd9\x89\xdb\xcf\x81\xe4 \x8fR$\x11\xeb\
\xd0\x09\x08\x98p\x1c\x03\x0e\x19j\xae\x89c\x0b\x0d\xf8\
\xae\x09\xea\x8e0\x96\xec\x1b\x19\x86\x1c<\xd2\xa3\x82\xab\
\x94) %\xbd\x0c\x12T\xd6\x8c\x1a\xaa\x86\x87\x01R\
\x91\x19\x9b\xbe'\xcb\xac\xc2\xb6j\xc8\xf2\x00q\xd2\x99\
r\xef\xcc#\xd4\x80\x1fee*V\x96\xe9\x9a\xfcY\
\xc7\x9cu\xfcR\xf8\x22\xbf\x9e6\x01\xd4\xe7'\xff\x92\
\xf7\xa50\x10V\xf3\x11\x90\x13a\x0f\x9e\x97\xd8\x09C\
$\x86\x08\xa9\x89\x8acbu\xa1\x86*\xadt29\
\x11E\x1f\x82\xde\x9e@*\x16\xa8\x02\xea\xb9>,K\
\xc9}\x8d\x9e\x16\x0fk\x96<\x10\x83Z\x91\xba\xa5\x1e\
\x01\xc4<\x12\x95D\xe1z\x98&\x12\xc3BJi\xe1\
4QY\x01=\x8e\x0e/\xbb\x9e\x9e3\x93\x06y\xcc\
\xf1?h\x9b\x0e\x05\x0f\x13\x8e\x99\xaf\x15\xd8\xf4\xf5L\
e\x01\xf6N\xfcI+U\x9cl\xff\xbc\xf0A\x95S\
G\xdb\xf6\x8b\x81\xf7\xdf\x84]\xa7T<\x90[\x9c\xbc\
\x5ci\x8a,\xb3\x06]tN7\xcbT\xc3\x88\x95\x86\
\x82B\x94\x16\x22\x0d\x07\x07S\xaezH\x14 \x0dE\
42U\xac2\xdc\x8dp\xfd\xcb\x81\xaa\x1b\xa0\xf8l\
\x9e\x8b\x01H\xe3\x18\x7f\xf9\x93?\x88j\xb5\x86\x7f\xf8\
\x9f~\x16\xbfp\xebY$Q\x8cAo\x804\xad \
cU\x8a\x99bu\xc5\x15\x9e\xc1\x1bw\xfa\xf0\x0d\x1b\
\xff\xf8\xf4\x0f\xa2\x9b\x85\xf8\x9b\xb7\x7f\x01\xd7\x11\xc3\xe3\
\x08e\x0d\x82\xc8S\xc58\xb6\xf4\x14\x8e/}\x04;\
\xed/\xe1\xfa\xc6\x7f\x16\x83$\x02\x1c2Q\xf6\x96\x1a\
\x8b\x01+\xbc\x1f\xf5\x06\xf5\xbf\x15\xa1\xa5\xfc\x89\xda\xf6\
R\x90G\x80\x92\x86)';\xef\x96\xdeG\x1e)\xae\
\x05?\xe7\xf3$\xc2\xce\xa79\xd2.\xd0]\x98\xf4\xd9\
\xe5Xy\x02\xd3<\x06\xbb\xfan\xa9\xbaK\x87\xdbR\
\xa5\xa7f\x16\x0d\xa9\x0b\xdbI\xc5\xa0\xf2\x1b\xc3a\x80\
W_\xbf\x84?\xf7\xfb?\x82\xff\xe6\xc7\xfe,\xa2$\
B\xd0\xee\xca\xe4-\xae\xdc\x92i\xab\xab\x22\xa5LX\
PW\x05q\xe9\x95\xa0X\x22F\x88\xfa\x08e\x87\x92\
4\xc9\x08\x04*\xdd\x01\xb5\x86\xa8\x0a\xa0BN^1\
\x0c\x0b]\x86\xf9\xe7\xc3\x9e1ZJ\xad\x8e\x97\xad\xf2\
\xf1\xa6\x9e\xf1\x81[y\xd2+\xa3\xb6\x17\x8b\xc8\x0f\xfc\
\xee\xa1L\xc0\xd9\xf3v6^0\xafr\xe9|[1\
H\xe7\xc1&\xca\xb1\x8d`\xb9z\xaek\xf1L\xfd\x1b\
\xae\x08\x9c\xac\x94\xf9\x8e\x05\xa0\xd2 \xd2\xe8\xfaKG\
\x9cR^\x22\xea\x9f\xb0cP\xacut\x0bj\x81\x16\
\x17L\x8d\x04U\xdbA\x056\x928\x85k;\x8ao\
\x10\xa6\x88\xcc\x1c=RQY\xdd\xc6U\x8d\xb8\x83\xa9\
&Y5w\xc5\xe3\xa8\x1b\x1e|\x16\xbbp\xe5\x13\xc2\
\x89\x9at\xccP\xa4\xb9\x85\x94\x03^\xc8)\x16l\xc6\
\xaf\xd2\xe1\x88W2\xad_?\x8e\x0b\x951\xa3Gc\
\x09\x10\xa6d\xce\xa6\x19~\xb3\xf0\x01\xf2\xe9h@9\
7\x93Q\x08\xa2\xb6\xa2j.\x87iU\x15\xe5Z\x9e\
\xb3\x09\x93\xd8\x8b\xf0\xf9G\xf1\x97\x16\xdc\xd0\x86\x889\
v\xf9&\xc5=|\xa9\xd7\xe0\xe7b0d\xfe3D\
\x8b%\xfb\xc2\xc9\xc8\xb8\x9fX\x8b\x99\x11|K\xb0\xb2\
XE\xaf\xaf\x0c\xd3\x1881D\xd2K\xde\x03\xbb8\
\xe5\xa6\x80yR\xd0\xa9\xdf\xe3\xf8\x05\x17H9\xc3?\
u\x0e\xa6\xfb\xf2$G\x9c\x850r[\x00\xde\x91\x88\
\xec\xc8\x98Ng3\x8e\xea\x15\x8f\xbf\xb7\xd7\xed/c\
\x07\xb3\xbes\x94-;\xe2\x5c9\x90\x09\xb87^\xf8\
v\xba\xfd\xfb\xd3a\xcb\x9b\x16\xfa3\xf6>\xda(I\
qf\xb1\x86?\xfb\xe1\x8b\x18\x04=\x99\xa4\x19\xab\xc0\
\x0a\xe1\x07\xb5<i\xdd9z\x0e\x9c<\xeaw\xb6i\
\xa0\x13\xc4x\xfe\xd2\x16Z\xc7\xaax\xe7\xf7\x9cGL\
\x06\x09]z=.\x1c\xcb\xc1\x1b\x9f\xbf\x8a\xa8=\xc0\
c\x0f\xbe\x0b\x0b\xab\x1f\xc0\xe5[_\xc5o}\xeeg\
\x90?\xfe><\x7f>\xc7\x85`\x80\x0f\xf5,\xc4\xac\
5h\xf82in\xe5}\xd6\xb9\xe1\xaf\x9c\xf8\x98`\
\x13\xff\xe8\xce\xaf\xe2\x85\xf0\x06|\xcbV\x01\x81X/\
5\x8b(?V\xf7\xcf\xe3\xd1S\x7f\x00\x83\xf0&^\
\xbc\xf1\x1fF\x13~\xe6\xaaaX\x88\xd3\x08\x8f-\xbd\
\x0d\xef?\xf1\x11\x5c\xea\xbc\x84_\xbf\xf6i\xb8Bx\
)\xbe3\x89j\xf3\xef4\x0bq\xfe\xf8G\xb1\xd2z\
;\xde\xbc\xfd_pg\xfb9\xb8vUw\xa2\xa5P\
b\x02\xb7z\x1c\x0f<\xfcI1\x16\xd4\xe1w\x0c\x0b\
\xd7/\xff<\x06\xbdkX8\xfeQ\xd4\xeb\x0fag\
\xe3\xf3\xe8\xb6\x9f\x87iTE\xce\xcbtN\xc3\xa9\xbc\
W<\x9b\xac\x7f]{\xe1L\xc5\x02\x0b+'\xe1\xd0\
m7\xef\xa0^\x8fq\xfd\xda\x0d\xdc\xbe\xbd\x85\xef}\
\xd7w\xe0\xff\xfe\xceO\xe2\xf4i`wk\x17\xa8\xf8\
\xf0\xd6\x96\xa5\xca\xb3\xd0w0|\x96\xed\x9a\xb8\xf4\xb9\
\xd7\x91\xb6s\xbc\xf4j\x077\xd73<\xbcjb\xad\
\xe9\x8a\xda\xaf\xba\xb7\x229\xab\x8a\x89\x8c\x9c\xe1\x18m\
Q\x8e\xa7>~\x1e\x8e\xe7\xe0g\xdf|\x0d\xd9:c\
C\xdd\x1fR/\x22\x13clrd\x1eaRN\x02\
p\xc5\xdc\xda\xcbm\xb9\xdf@\xe2\xe4\xf9\xee\x9b$\xd8\
Q\x89<\xb3>\x9b\x07\x8c\x1ayM\xfb\xeeZ\xec@\
\xbf]\xa7A\xca\xde\x88\xd0\x81\x05\x83G\xc33`2\
\x87/\x1fi\xa5\xd8\xd1qK\xf1\xa2\xf0\x03\xb4++\
.\xac\x89\x18.\x0c\xd7\x85\xbb\xe6\x82\xaa\x91t\x0b\xc5\
\xa9\xd4\x98\x81\xf0\xc7\xa5\x91H\x05\xd5\xbc\x09#6\x10\
\x0f\x87\xd8J#8\xb6\x89E\xdb\x02\xa5,$\x06\xb6\
\xd5\x0a\x13\xa6T,\x06V\xec*\xaaN\x05V\x06\x84\
Y\x82\x0a\x9b\xd6\xe8\xb8V\xce!\xa2\x154\x09\x0e\x5c\
w\x05\xfd`\x13\x01\x0b\x8c(mey\xe5\x97R2\
|\x8aZ\xeb\xdb\x15\xac\xd5\x8f\xe3z\xef\x0d\x0c\x86\x1d\
)\x92r-\x82\x8e\xe3=\xc5\xc5\xd5\x83\x93\xd5\x90\xb6\
\xd5\x80\xe7.\xc1\xb6|%\xa7U\xe4\xad\xe9\xb6\xe7\xb1\
Lz\x0atP\x8f\xdf\x92\xd8\xd9B\x12G\x08\xa3\x10\
\xa6\xd9\x84a.#\xcfU\xbf\x04NpI\x8b\xa2\x02\
\xc3]\x81\x91t\x90\xe5\xeb\xba|[\xad\xde\x16\xd9\x92\
\x1e\x89)|~\x0a\x1f\x89\xc2\x08v\xe6\xa0jT`\
\x9b\x09\x0c\x86\x19\xc4b\xb4\x82o\xc1\xfb\xcd\x1dW\xc6\
\x91\xdbO\x11\xb5\x13\xf1\xd2\x82\x94\x81\x00\xdb\xb9Y\x88\
\x18Re\xa4q\xb3\xd6\x83\xcf\x94\x12b9,\x09=\
\x14\xdd\xb7\xb9R\x81\xe3;\x92) g@\xc9\x88\xab\
g3.\xe3.Z\xc6\xeeM{\xce\xae\xf1W\xde\xd9\
4J?\x1dN\x8d\x8e\xbd\x87\xe7\xf2Vn\x8a\xcb`\
\x1f\x9e\x22\x9a\x5cY\xf6\x138\x1c\xa3\xee\x05\xba\xb9\x1f\
RZ\x1cg^\x01\x11}\x0d\xd3\xa8\x9el\x93\xc7\x90\
hLv\xa1\xfb\xaa\xdav\xa5\xa4\xf9\xea\xd0 \xa6\xa6\
_\x92\xc8$Ub\x1aE\x94\xacK\x95M\xa0\xe2:\
\x88\x92\x1c\x01\xcbGcN\xfbT(\xa0\xeb;C\xec\
\xec\xf6pv\xa7\x86\x95V\x0d\xf0r\x9c~wK.\
-%f`\xa4h\x1e\xaf\x22\xf3\x13|\xc7\x93\x15x\
n\x05\xd1oT\xf0\xccK\x1ez\xdb\xebx\xe5\xab]\
\xd4\xbc\x06>\xde8\x8f\x1b\x0e\xf0\xcd\x96\x03?6\xf0\
\x8e\xedH\x8e\xf1\xcb\x8d>\xda\xee\x00\x1f\x5c}\x1a\x9f\
L\xde\x81\x9f\xed<\x8f\xaf\x0e/I\xccOp\xb2H\
\x9b\x0d\xb3\x10\x97\xb7_\x81\x9d\x07\xf8\xe8\xc5?\x81\xcc\
\x08\xf1\x85+\x9f\x96I)r\xe7\xa5~\x00J4\x94\
\x13&A\x10oc\xc9_\xc1\xef\x7f\xf4\x8f\xa1\x13\xf7\
\xf0\xec\xad\xdf\xd0\xc7\xcd\xa4\xbb\xce\x85\xe3\x9f\x80e\xd6\
\x00\xb3\x0d\xcbL\xe0XK\xc8\xb2\xae\xee\x94\xa8k*\
\xf2\x04\x95\xdaY\xd4\x9boSZ\xfbA\x80\x0c\x11n\
\x5c\xff<\xd24\xc6\xd2\xdaw\xe3\xd8\xa9:\xf2$D\
\x1a\xdd\xa1\xfc\x86L$\xd79\x07\xb3~Q\xe5\xfc\x07\
\x97T\xe8%\xecL>7\xbe\x0bV]\x92\xd4\x93\xa1\
?\xdc\xc1\xa07\x14\x12\x17=\xa23\xa7jx\xec\x11\
\x0f\xde\xb1\x0aj\xe7\xd7d\xe2\x9a\xa9J\xa9\x16\x9a\x0f\
\x83\xe7o\xc26l\xfc\xf6\xf3\x03\xdc\xb8\x19b\x10\x99\
\xa8\xfb\x196\x86\x11\xbaI\x86\xb5\x86\x87\xe3\x0d\x1b\x86\
\x99\xe3\xce:\x8b\xbe\x88\xc7X\x0ax\x94\xeaLz=\
\x19LR\x1286h\x05\x08\x0a\x22\xe7\x1d KT\
%(K\x8b\x95\x071K\xbc\xa5\xbcq<M\xef\xb3\
\x7f*\xaf\xc8\x8c\x8c\x8d\xc3a\xf1\xfb~\xe7\x9d\x85\xe7\
\x8cC\x0e5u'\xf7\xb1\xe7[\xb1'\x11\xccq\x88\
7\xb9,\x17\x00\x87*\x9e9\xac\x02j\xef>{\xa5\
\xab\xcb\x16qz\xf2\x1b\x93\xb1:W\x19JxS\x00\
\x84\xc2\x0f^\x15\x03\xf6~c\x83\xc8(Bg\xd0C\
\x18\x04\xda\xd3\x1fw\xf1\xa1\xa0$W\x13Z}\xcb4\
Q\xf5L\xc4\x99\x89~g\x880f\xe5\xa0:\xf60\
\xc8\xb05\x0cP\xa7$\xf8U _\x00j~\x05I\
\x1e\x22\x08b\xb1<\xa6m \xb3\x0d\x9c[\xf3\xd1j\
TQ\xf33\x84\xf9\x10\xbd^\x07\x83v\x1b\xbb\x8d\x94\
\xda\x16\x08M\xe0\x8dJ\x8e\x05;\xc3\xdbU\x10\x8c\xeb\
\x95\x1c\x1bn\x86\xc7\xfd%<\x1e\xf9\xf85\xfbu)\
5&\xf0\xe8\xd8\x8e\x88R\x08 \x8d\x0c\xbd$@\xdd\
\xb2\xf0\xc8\xf2\xdb\xd0\x0b6\xf1\xebl\x87e\x05\xb0s\
\x02X\x8a\xc5(\x82\xa6D\xc19\xc1\x887\x98\x09\x16\
\xfd:\xd6\x9a\xc7p\xa3{\x03\xf9\x0d\x05\x9a%\xc9P\
\x90q\xd7]\x83k,\xc1\xf1\xabplr\xe1)u\
\xeeH\x06DyU\xea\x9dXf\x1d\xd5\xca\x03\x02\xe6\
\x11\xbc#J?\xe8\xae#\x0c\x078s\xf6Sh4\
\x1f\xc4\xf6\xe63\xc8\xd2\x81`\x14\x82\xf2\x9bM\x98\xd5\
s\xc8\x86\x9bH\x86Wu'\x1d\x95\xad\x11\x0a6!\
B\x83\x8d9C\x09?\xc8\x09HS\x8aw\xf3>\x22\
4\xbd\x04N\xbd\x06{\xa1\xca\xfe^\xf2\x8e)\x03f\
8\x1e\xac4\x83\xd3\x0b\xe1f\x01n\xac\x0f\xf1\xc6\xcd\
\x10\xf5\x0ak\x01,\x04i\x86^\x18`\xa1\xe6\xc0\xe3\
{MSlo1\xc4S\x13.\xd3\x98@q9\xfc\
{\x98d\xe8\x07\x09\x5c\x97\xd0\x22D\xcc\xc5\xb4\xc9S\
P\xc7\xf2-WR\xc4\xe3\xb90\xf6\x08\xc6C|\x1a\
\x98-\xc6\xfax\x9f\x89\x85T\x00\xe8I\x15\xa6Y\x94\
\xf7\xd9Z\x83\x87\x81\x8d\xfb\xcf\xc1\x831\x80\x02\xf1\x1c\
)\xd8\x94\x8d\xc0\x8c\x8b\xd0\x1d\x85\xf6^\xc4\xf4\xbe\xfb\
<\x9c\xa2W\xda\xbe\x9c\xf2|\xdf\xda\x00A\x99\xa9\xe3\
v\xfa\xbb`\xd6O!\xdc|\x1d\xc3\x8d_B\x1e\xf6\
\x10\xc6\x09~\xd7\xc3O\xe0\xbd\x0f>\x8a\xba\xeb\x22\x8a\
\xa3\xd1\xf1\xe8\xf5~\xe3rW\xd2yK5O\x88&\
In\x89N\x80\xd5/$\xc8\x95\xa1\xa0\x91\xa8\xfa\x1e\
\xba\xc3\x0c\x9f~\xe96\x8cJ\x8a\xb6\x17\xa3\xda2q\
\xea\xe1\x9a\xb4\x9d\xf6\xb8\xaa3\xe6$\xb1d\xb9\x8e\xc7\
\xdf\xf6(\xbe\xff\xea\xf7c\xa3{\x13\xdf\xb8\xfa\x22\xee\
\xb4\x16\xf0\x9f<\x03\x9e\x91\xe2c\x03\x1b\xce\x90.l\
\x86\xc8$O=\x85g\x18\x88\xf2\x18]\xf1d\xc8P\
\xcb\xd0\x0f\x07\xd8\xecn\xa1\x17SO\xc0E\x1a\x87\xe8\
t\x9eChyxi\x97\x0f!\xc3\x87\x1f\xf9\xa4\x84\
\x18L[R\xdf\xd0\x89\x03Tr\x13/\xee\xbc\x82\xaf\
\xdfy\x1e\xbbq\x07_\xeb\xbf\x84\x8a\xe1\xe1\xbcy\x01\
)WP\xe9\x93i\xe1\xe1\xb3\x9f\x80aT\x85 \x95\
\x1a[\xc8pG\x8cZ?h\x01\x03N\x08\x16\xda\xe8\
\x8c\x10]j\xd7\xc6B\xc3C\x10F\x18\x0c\xb7%\xb6\
o-\xd3\xdd_Fo\xf05\x0c\x83W\x10G\xdb0\
\xcc\x18\xa6\xbb\x04\xb7\xf9a\xe4\xa8 \xe9]\x92t\xda\
h\xb6\x09Rocq\xe18r#\x81k3\x9c\x89\
\xd1\xebv\xa4\xa5\xd7b\xe3\x14\x8e/5\xb0\xf6\xe8Y\
\x9c\xf8\xc4\xe3b\x14\x12\xcbU\x10\x8fe \x8fS\x0c\
\xaf\xdd\xc6\xa0\x17\xe3\xe7?s\x156<\xf4\xfb9\xea\
\x156\x07\xd1k\xaa\xa1\xd9\x9b\x12\x02*l\x88\x85=\
2b$\xe5\x98\x17>\x92\x1e\x0f)\xbe\xe7\xf1\xd3\xf8\
\xcecg\xf0\xe57\xaf\xe3\x8d\xf5\x1d\xfc\xf6N\x177\
\x07\xaf\xc1wW\xf1\xe3\x1f\xf9Sx\xb9\xbb\x8e\xff\xe5\
\x9b\xbf\x06\x8f o1\x19\xe6l\x099\xb1\x8f^$\
\xc7\x83yo\x9ap\xef\xf7\xcb\x9e\xdd\xe4\x9c\xdc\xff\xbb\
\x07\x1b\x09&Ju\x98\x5c\x1cT_\x8f\xfcgru\
>\xa8\xbc\xfb[\x11\xb5\xec9g\x09\x09\x16V\xe9\xf2\
E`\xf1Q\x84\xd7\x9eC\xb6\xfe\x02\x1c\xbf%\x15]\
\x0f,\xad\xe2\xe3o{\x0f\xb6{m\x05\xdei\xc3\x91\
&\x06\xae\xac\x87\x08\xe3\x148\xce\xd5\x8e\xab\xa6#|\
o\x194\xda\xb5(\xe8\x9f\x8ee\xa3\x1f\xa6x\xee\xcd\
-\xb8v\x86\xc7\x1a\x0dd\xad\x1c\xce#5\x18\x8e\x01\
o\xc9\x87\xe9*.Au\xb5\x8a\x95\x95\x15\x9c]\xbc\
\x88 \xea\x22\x0a:h[\x06\x9emTq>\x0c\xf1\
\x87b\x0bA\x92\xe0\x16\xc9C\xa2\x0f\xa0r\xba\x15\x18\
\xa8\xf2\xdab\x96'\x0f\x11D\x09\xfaQ\x8a!\xaf\x9b\
\x84\x998\xc20\xba\x84\xc4\xae\xe1\xea`\x09\x0d\xaf\x86\
\xef<\xfd~T\x18\xd3\x0bA&\x87\xd3\xdfF#\xb3\
\xb05\xdc\x96J\xb9~\x1a\xe0jp\x0b+\xee\x12\xce\
;\xac{\xe0\x00\x8c`\xc1\xc1\xb1\xd6\x130\x8c:\xb6\
z\x1bH(k\x96w\xe1\x9a!\x86\x89\x8dp\xe8\x22\
\x88bq\xd1YU\x19\xc6}\xf1$j\xbe#Y\x91\
n\xb7\x87,\x8f`\xbb\xac\xd0\xb30\x1c\x5cBF\xbd\
\x05\xbb&\x9e\xb5a\x9d\x85U9\x8fxx\x13\x18^\
U\xf2^\xb2\xf0\xab\xee\xbbt\xa8-\xcb\x83\xe9\x92K\
\xd1\x95\xb0\x90\xac\xbf~\xb7\x8f\x85\xa6\x07\xd3\xa8\xc3]\
j\xa2\xf9\xf8I\x84w\xb6\xe4\x9c\x04\xeaM\xaa\xf8f\
\x11*a\x8c\xa0\x9f\xe2\x1b\xaf\xc6\xc8R\x1b5b\x08\
L0\x08\x0f\x84$\x1f\x86\x80jt*,EgH\
\x8a\xa5(\x1b\xab?\x0b\x96\x90\x02o;\xb9\x02w\xd9\
\xc7\xe5\xcdu\xbcq+\xc7\xa5 \xc6Ww\xda\xf8#\
g\xcf\xe0\xf7^x\x1bV\xaf\xbd\x80\xbf\x9f\xa6\xf0\xc9\
:\xa4\x07\xa4\x22\xc7\xa3\x8f\xdd#\xe2\xea\xe5@\xfc@\
8\xec\x88\x1b\x1f\xd7\xcc\xe9\xbbG^\xba\xf4\xf3La\
\x82i\x1c\xf3@>\xc0t;\xa5I\xf0j\x96\xce\xfd\
\xec\x9b\x1e\x9f\x95\xd7\x94\xe6\x01\xf2\xb8'\xab\x225\x00\
\x99\xf6\xe2\xe7a\x12\xa3=\xe8!\x88B\xd8&]i\
\x9d\x176\x00\xd7\xb6\x05\x10tm\x16\x8fX\xd8b\x81\
\x09\x0cz\x9aR\x1a\xcc\xef\x86\x22\x00\xa2s\xec\x02$\
\xd9R;\xfe\x85\xcb\xb7\xb0\xd82\xb0\xf2ZKj\xc7\
\x97\xce\xfaL\x02J\x87\x99h7\xc2\x8a\x97\xe3;\x1f\
m\xa0\x9fV@a\x80,\x8a\xd0\xbd\xf62\xd6\x0d\x0b\
_\x5c9\x87\xa1\x93c\xd5\xa4X\xb9\x12\xb3 \xad\xf8\
\x8ao\xa2\xef\xd0\x05?\x863\xbe\x0f\x93\xd7\xbe\xfb\xdb\
H\xb3\x1d\xe4l}e\xe6\xb03W\x5c`\x18t\x99\
-\xec\x0c.c@a3!2e0\xe3\x18m\x1a\
+\xdbC\xb5\xfa0\x5c\x82y6S{\x16\x02\x22\xf0\
\x96\x07\xaf\xf1\x08\x5c\xbb\x22D\x97\x0c\x01\xa2\xec\xa6P\
\x9e\xe3\xac\x83(\xa2\x0b^\x17\xaa-\xff\xd0\xfdm\xd4\
\x8f\xe1\xc4\xc9\xf7\xa0\xe2.\x09\xd0\xc7\x98\xbd?\xbc&\
\xcfC\x22e\x1a\x14\xd3\x92g\xd3\xeb\xef\x22K\x12X\
N\x15\x86\xe9\xc3\xa4\x8a\xafa\x8d\xf9\xfa\x92\xeec\x1b\
n\x22\x9dm\x98f\x80\xc1`W\x8c\x0b\xc30\x82\xb9\
\x1f{\xe7Y<|\xe24\x1e^\xab!k\xf7\x95b\
/s\x99I\x8a\xac\xd7C\xb7\x1d\xe0\xb3\x9f\xbb\x85n\
\x8f\xad\xdb\x13\x18V\x84v\x14\xcb`\xe2\x0a\xc9,A\
\xc3\xaf\xca\xfbf\x8c\xa3R\x7fR\x13\xa8x\x1e\xe2e\
e\xda\x12\x14\x19\xf9\x1cA\x9a \x0eI\xba\xe2\x8a\x92\
K\x97`\xdfv\x11\xa6\x11\xd2\xde.\x82 \xd0\x5c\x0c\
\x86g\x041\xe7\xe1qO#\xfc\xf7\x9a1\xbb\x7f&\
\xc0\x9e\xa7\xd9\xa6\x22\xc9Lv\xa2)6\xe3\x88\xd74\
r'K\xe7\x14\x97m\x8f\x05)r\xc7\xdaE\x9bi\
\xa7\x8a\xf0A\x9d\x9cJ;$\xa3\xa8\x15^\x11R\x8a\
\xcb\xa2\x90G\x19\xe4,<\x1cZp\x0e\x00\x0e\x14\xdf\
\x04\xb6\xda]t\xc3X\x0avl\xcb\xc6n\xbf\x83\xad\
\xfe\x8ex\x06\x16\xd87 A\xbf\xc7\x9c\xb1\x89\xaf\xbd\
r](\xc4\x0f\x1f[\x83\x95\xc7X<q\x0a~\xd3\
D\x1a\xf3\xcaC,\xf9&\xaa\xc7\x16\xf0\xa5K\x06\xc2\
l\x88\xdd\x9d\x0dt:w0l\xb6\xf0\xeb\x8b+\x88\
s\x13?\x90\x9b\xb0\xd3L\xb2\x01d\x0d\xbeTa\xec\
\x99 \xb1\x8e\xe3|\xfe \xae\xdd\xf8\x066\xb6\xbe\x0c\
\xcf\xad\x89K\x1bS\xf9F\xdc\x17 \xca:0\xb3\x08\
Q\xb4\x05#w57^\x11\x9cRb\x06\x8c\xd7\xab\
\x17a\xdb4q\x1di{:H#q\xa5\xbd\xd6\xe3\
\xf0,\x1f\xb9\xbd(\xf9\x8d \xb9\x898m\xeb\x0e:\
\x0c\x11\x96\x05Agx\x94\xc4]x\xee\x22\xce\x9f\xfc\
\x18\x92\xb8'.{\x9a\x93\x22}KyLNUB\
\x0fE\xf7\xb10\xe8\x13\xc8\xeb\xa0ZsP\xa9\x18\x82\
\xde\xd38\xc8\x9b\x94\xbc\x1b\xf9\x18\xbc\x1f\x03\xb5f\x08\
\xdb\x0eq\xfd\xca\x96\xac\xdc\xd4\x5c\xdc\x19v\xf0\xee\x8b\
\xcb\xf8\xe1\xef{\x07\x82zUDY\xe5\xf8\x96\x894\
\x88\xe0l\xb7\xb1qm\x07?\xfaO?\x8b4\xf5\xe0\
{\xae\x80\x92\xad\x85\x16l\xd6\xfb\xb3>#K\x04;\
i:\xa6\xb8\xfd|\x9f\xc4#\x1c\xd6\xf5\xd3\x00\xb0:\
\x0bj\x1cp\x08\xa8\x8e\x11\x99\xd0\x8c\x8b\xc1\xc9\xff\xf2\
\x99\x09\x059K\x05\x871\xa5\x1aL}\xba\xbf\xe4\xfb\
\xf4z\xbdg\xb6\x1cy\x9b\xf8\xe6}t\x01\xa8\x8e\xb5\
\xff\xc1\xa6\xae\x7f\xa6V\x9c\xfa`R\x9e\xfa.y\xe6\
ec\xb4\xc7(\x1d`\xa4\x8atMf\xaa?\xb2\x9a\
N\xefS\xae\xddV\x17)\xffV\xa96\x03\x9b\xdd\x00\
\xbe\x80\x86\x90P@\x8au\x95\xca\x84\x0cr\xc3\xcc\xb0\
\xd3\xb9\x81\xb5\xb5E|\xec\x13\x8f!\x8b\x15\x12\xedX\
\x19V\x1f\xf2\xe1X\x1e\x06\x9b!\xa26)\xc3tS\
M\x04} \xb62\x9cX>\x85\x8f=\xf1Q\xc9\x14\
|\xed\xca7`{>\xbc\xc5%Xq\x8e\x8dA\x07\
\xad\x0cx\x7f\xec\x83\xe0\xf4\x1by\x84]\xe9NK0\
R\xb5/\xb3L\x17\x8e\xd3\x82c-\xe8G\x91\x83\x97\
J\xc0\x8f(\xf8n6\x84g\xa62\xd1\x8a\x97fJ\
9l\x82\xd3\x8b.\x0c\x93\xe1D\x8a\xc4\xe5\xba\x95 \
\xcb\x99\xc3\x1c\xca\xf5\xb8y\x076\xbb\xea\xca3\xa1\x91\
T\xd9\x93\xa6\xef\xa2\xe6X\xb0\xf2\x15\xc0x\x87\x80\xaa\
\x9d\xc1\xcbJ)\xd9H\x11\x84=\x98\x862:\xa4\xdd\
\xf2\xbc\x89\xf4\x5cT\x8cIz\x02\x9c\xd0\x04\x19\x99\x91\
\xb1-*\xac*z\xb5\x18kr\xf0\xed\x1ca<D\
\x92\xb1@\x8be\xba\x09\xbe\xeb\xa9w\xc0Jr\xb4\xaa\
\x0dt;]\xc1v\xb0m\x09A\x87\xd7\xc7\x89\x985\
+X8e\xe0\x87\xff\xfcw\x22\xcfl\xc9\x0cP\xd4\
\xe3\x0b\x9f\xbd\x84A\xb7\x8f\xba\xdf\x90.\xc1\xf4&\xa4\
Mx\x90\xe0\xfav\x88D\x88I\x11\x5c\xc7\xc0\x92G\
\xaeG\xc1\x14,\xc6\x08m\x9f\xd2\x08\x90v`z\xfc\
\xab\xc6\xa2\xf4\x08\x18j(J\xf0dS\x94\xc3\xc1\xf3\
yX~sK\xf3\x8f\xa9.\xf7\xbc\x09\xc8M\xa0k\
\xdfS\xe7\xb3\xe2\xee)l\xe0>\xc6@\xb3=\x92\xc3\
\x88\x11j\xd2\xab\xceES\x07.\xe8\x9c\xfb]\x87\x08\
F\x9a\xb8\xb6E\xe8\x8d\x13\x97\x15g\xda\xbekz0\
\xc7I\x98\xf4p\xf9\xe67q\xe1\xf1w\xe2\xbf\xfd\xd1\
\xdf\x8b\xbc\xd7\x81A (\xcd\xd1\xdd\xee\xc0\xcaS|\
\xfd\x17/a\xb0\x1e\xc0qL\xa4\xa9\x8dJ\xcdFc\
\xc1\xc3;\x1fz\x12\x17\x96?\x88\x97\xd6_\xc1\x17_\
\xfb\x12\x22\xcb\xc0pe\x19F\x90\xe2r\xbb\x83\x07R\
\x13\x9fL\x1bpS\xe0\x9f\xdb[\xb8\xcdX\x5c\xd0\xfc\
\xc2]M\xe1ZM\xd4\xab\x8f\xe8\x15\x94\xa9A\xba\xdd\
[\x88\xcc\x0c7\x86j\xf5${\xb0\x80\xeb\x98\xd6Z\
\xa84\xf1\xc8\xe2*nv\xee`k7B\xcd\x22\x85\
8D\x9e\x0d\x91\xe4}8y\x8c\x9a\xb5)yp\x83\
u\xf8\x9a\xff\xcf\x1e\x06T\xd9=V%\xef\xe6\x114\
\x8f}'\xa2\xe8\x12z\xc3\xd7E\xd3 \x0c;\x13\x94\
V\xd6\xdd\xf3\xc7DK\x1cq\xf2p\xc2\x08\xe1'\xa2\
0\x0b\x0br\xc8\xfd\xe7\xca\xafUwD$A\x14\x13\
\xa4\xa9J\x18%\x08\x87C\xfc\x91\xdf\xf5Q\x5c\x5c=\
\x81\xd6\xf1\x9e0\x05\xe3\xad6\xc2\xed]\x85\xc9\xc4\x19\
\xdcc\x8b\xa8<\xfd\x00\x8e\x9f\x02\xfe\xd2\xfb\x1e\xd3\xeb\
7Ws\x1b\x7f\xf0#\x7f\x0b\xeb\x97\xb6\xe0\x9fz\x04\
\x16\x8b\xab\xe8\x05\x9a&6\xba!\xee\xb4\xfb\xc2@\xa4\
\x9e\xe3b\xd5\xc1\xd2\x03K\x1a\x88\x9c\x9a\x92\x1a\x91W\
5\x0aE\xc1\xd18\xc7=\xf6\x0dT\xf1\xd9\xb8\x01\xcb\
\x9e\x9155~\xcb\xfc\x81\xbd\xdf9*Y\xee~5\
\x0a\xb9+\x22\xd0\x84\xba\xe9,\x04t>\xda^\xb1\xf3\
\xd4\xcfZ$sV\xa6a\xd6\xb7\x0bP\xa9p\xc8\x04\
\xed)\xd2L\x9a\xa4S\xfcN\xb1E\xc7\xac7V\x9d\
U=x1k\xc1#\x0dL\xe9\x17_NB\x8a\x9c\
9\xd3q\x0a\xe1\x1flv\x91\xf4\x06\x88\x06L\x85q\
a\x18\xca=7\xea>\x9c\xd8B\x14\xb3!\x05\xddE\
\x03Y\x9c!\x8ec\x0c\x86&\xe2p\xa0RP)\xfb\
\xd1GH\xa9Ih\xb0\x0bm\x8aW\xb2\x01\x5c\xe9I\
\x9f`\xd1\xb0\xb0\x95\x03\xccW\x88\x11\xe2\xa2$\x13*\
\xd1\xf8\x06\xef!\x16\xb7\x97\xc7S\xb4]\x8d\xab(\x8b\
\xaed\x113\xba\xefL\x9b)V\xa3LJY\xe8s\
,x\xb6\xc8\x94\x0b\xcf@\xee\x94\xaa9\x91\xa2\xc6\xea\
\xbb'6Ao\xc1$\xdb7\xed!Kc!\x02\xf2\
\xbc\x04\x05\xf9L$\x9b@c\xc5\xae\xbcQ8\xc2s\
\x14\x1fc\xb2>}\x94\xb5\xa1\x14U\x95\x9a\xfc1\x02\
\x8a\xb5\x08\xd5\xd8\x90g\x16\xa5m\xc4\xa0\x90\xa7\xe2\xb6\
\x8b\x06#\xbfD\x97\xa7b\x89\x90gN\x99o>\xab\
\xdd\xae\xbe\xd7\x04\xa9\xa9@9a\x16r\xe2\xcb\xca$\
\x91\xbe<\x0b\x09\x8f\x18\xf2[\x04\x1e5M\x1aj\x14\
\x94W1\x8e\x15z0\xf4T\x0a\xcc]\xe1\x16\xe5v\
\xe1j\x5cM\xb6\xca\xdb\xcf\x08\x94'\xff\xac\xcf\x8e.\
\xe75\xeb\x18\xea8\xf9\xbda\x00\x13n\xfcT\x183\
\x11\xb3\x179\xca\x82\x098\xfd\xbd\x89/\xcfs\x13\xd3\
?+\x16\x9e\xd8\xdbCL]q-\xea\xbc:\x04\x18\
Ym\xf5]\xc9\x8a\xf3Z%<\x18%\xa1\xe4\xd0\x0f\
\x1c\xab\x88X\xc7n\x9f5\xdf\x8c`\xc7\xc6A\xbdh\
\xad4)?Y\xf0\x09\xac\xc1\xc4\xb0\x97\xa1{\xb9\x8b\
4\x8aE\xa8\x92\xab\x9a\xef\x1b\xf0V\x1dl\xdc\x8c\xa5\
_\x80\x9b[J\xefB\x0fL\x05e(a\xd2\xe1\xf6\
\x96\xb8\xbcy\x1c\xa3\x07\x03\x9f5\xba2\x05\xdd\xd4\xc4\
\xd9\xdc\xc4\xae\xc4\xf1\xda-5\x94\x5c\x16\x17\x7fJ\x91\
yu\x05t\x11\xbd\xa7&^\x8c\x01\x5c\xe1\xbd)\x0e\
\x7f\xf1\x14\x85\x81'd(\x1e\x84\xc6J\xe9#V]\
\x0f\xef=~N\x15\x14\xb1\xf2\x8d\xb1;\x07\xbeT@\
\xa9\x15\x9c\xd3;1\xc8H\xdc\xc6\x02\xee`=kc\
7\xea\xc11]\x09\x9b8\x01\xd3t\x88<\xb7\xd1l\
4\xe09U\x0c\x03\xcas1[\xa1&\xa1ZA\xc9\
\xb9\xa1\xbaRU\x01qi\x0e\xb7\x1a\xa3u\x92:\x0a\
\x01^\xf9\xeak2q\x9b\xadU\xb9V\xae\xecO<\
\xe1\xa0\xd7\x0d\xe4\xbd\xc8\x18\x8b\x13XU\x17\x8d\xd3$\
'\xa5\xc8no#\xf7]\xb8\xc7\x97\xd5 0-8\
NEyn\xc2\x9dP\xc6\x9e\xef\x90\xc8\x8d\xe8Ch\
b\x0f3\x03\xf2N\x13\x0by\xc2\x0c\xc7\xb8VA\x8d\
\x1b\xdaX\xa1>\x8d\xc0\xc2\xc2\xae\x16\x94\xd4Qu\x09\
\xf9\x15\xfb\x8e\xcf\xe9\x15\x7f\x7f\x03p\xb8\x87[:\xea\
\x9e\xb2\xef1\xaeu7\xdb\xddS\x815z\xaa\x17\x9c\
{8\xc8\xacM\x93\x22\x8et\xe0B\xf6e\xb4\xf4\x8c\
l\x80b\xbc\x15\xbf.Q.ens\xe5W\x95\x83\
\x9c\xa8\x89\xd0\xc1\xd4\xb1X,\x92J\xe3p\x02@\xa6\
H\x8a%\xb1\x8dK\x977\x11u\x02\xb4wz\x88\x82\
!\xce\x9c^\x14r\x0aW|\x9e\xd2\x1fX\x12\xc7\x9a\
L%\x14|\xf3R\xaa\x95\x9b\xc9_f\x19\x22\xdb\xc2\
07\xd0\xa0\xb4U\x9e!\x94\xf3\xa6p\xf2\x14-\xcb\
\xc6\x96\xa9\x0c\x06\xa9\xb0\xcdJ\x22\x8d+%\x0c\x10\xb7\
Z\x81V\xe4\xf6\xdbB\x9f%\x08\xa7\x0b\xa2d\xd55\
0\xcc\x03I1\x92\xb2K#\x12 \x90A\xeb\xa4\x82\
\x87\x0b\x19\xa6\xfc\xb8H+\xa6z\x12\xeb\x8d\x12[\xc1\
z\x11\x9f\x0d\xf7\xe7\xc5i\x8f\x8b\xf1\xb5W\xa9)v\
\x5c\xb1:\x96\xa4\xb2\x14\x1b\x94\xf2j,&\xb2%=\
\xa8l\xb4B\xe4\x930\x15\xb6\x9fZi\xf9\x89\x80\x1a\
\x8a\xeaK%\xe6\xc2\x99\xb3Ld\xae\x0d\x8b$+=\
!\x99<\xa0g\xd3\xd9\xee\xeb\x0a8\xeeO\xc1\x0eW\
\xd2\x8a4r\x0cc\xa24\x11T\x9f\xc6\x88-\xc0y\
La<3\xf9\xd0H\xe0\xb2\x91\xe3\xa4\xab\x07\xd3S\
\x9e\x9e\xed)0\xb1\x18\x8b\xa3!S\xba\xbf\xf9\xc7v\
>\xc31\xbe\xbb\x1e\x18\xca\xfb>\x9c3p\xd7\x06\xe0\
\xd0\x06?\xa3\x1dgO\xdf\xf9\x01\xcay\xa8\xc0\xe5\xa3\
N\xffn\xd6\x05)wm\xfc\x1bm\xd1\xf7y[\xfc\
m\xbdJ\xf2\x0fcj\x85\x02o\xf4\xb6\xd1\x0f\x87\xa3\
B\x1fI\xfd\xc9\xde6\xce\x9d~\x18\xaf\xbd\xbe\x8d\x0f\
\x7f\xf2oJ\x8b\x81\xc1`\x88s\xe7V\xf1\x99\x9f\xf9\
\x1fa\x93\x0fO\xd0\xcc\xb6\xb1\x12\xb3\xf3\xb0\x85\x1b_\
\xba\x81\xed\xd7\xdbR0#9g\xa99O0\x0c\x07\
\xd8\xd9b\xda\xcb\xc0\x89\x07N `\x06\xe2\xd6\x06\xcc\
 \xc3\xebN\x86\x9d4\xc5\xc3N\x15\x0f\xd6\xd70p\
|\xbc\x98\x86\xa8\xf89N\xad\x18\xc2F\xbb\xb5{\x1d\
\x9e[\xc7\xd2\xf2\x19\xf1\x1a|\xf2\xf5a\xa0\x17\xdc\x96\
\x09\xe72}\xc8\x94`f\xa0\x1b\xf6`9\x16VZ\
kTB\xc0\xfa\xf06*v\x05K\xde\x82j\x91R\
\x84r\x1a\x5cl\xf8\x0b0\x19cT\x1c\x0c\xab\x11\xb2\
\xd4Cb\xb2\xf9\xa9R<\x12\x8f\x83h\xba\xe3\xe3\xf1\
G\xdf/\xde@\xb4\xbd]\xe2\x83\x15\xd2\xec\xf4\x10\x12\
\x01\xf8\xe4\xe7\x8c@\xa0%D\xa2$I\xd1\xd9IT\
\xad\xbf\xbc\x082\x15U'fY\xc1\xf5\x9bK\x93\x04\
\xd5S+\xf0\xcf\xae\x89\x17\xc4\xd6kL/\xda5\x1f\
\xaf\xbf|\x13?\xf8=\x7f\x11f\xee\xc3\x16\xcc%\xc7\
J\xf5\x02Z\xcb\xa7\xd1\x1d2U\x97\xe3\x8dM%\x18\
zfi\x0d\x17WN\x22\x0d\x07\x94y\xc2\xc2j\x0d\
\x1f\xfa\x83'\x900\xa4a\x99v6\xe6\x08\x9cz\xe7\
\x0aj\x0b-T_zM\xfaD\x14\xa5\xe2\xd2\x15H\
\x87\x92\xe3j\xc7\x83\xc6\xef$\x060\xd6\xea\x9b\xb5b\
\x1fu\x12\xabc\xed\xed\x9b\xf1\x16y\x00\xd3E?\x87\
\xf5{\xb8\xf7\xcb*\xd75\x1fa\xa3\x8b\x1b\xab\x5cp\
\xd9\xb9\x1ay\x07\xc5\xef4\xe8)\xea\xb0\x9c\xf6\x89b\
\xc6qi\x91\x97\xcbUg\xe4\xf6\xf3\xbb\xbahH\x8a\
f\x80\xc10\x86\xe5\x9a\xa8\xb8\x0dYY\xc30\x16\x1a\
0=\x06f\x00D\xdb^\xcae\x15\xcd\x98(\xbbm\
\x91F\x9b\xa1\xe6VQq|dI,\xabh\xe6\xd8\
\xc8\x0c\x1b\x91^uC\x93\x89'\x16\x09\x91\x7f\xd0\x17\
\xf7\xd56mqe\x95(I\x22\xea\x85\xc4\x00,\xd9\
S\xe9\x17\x14EP\x9c\xf8EItV\x08eR\xf2\
L\xfa\xdb\xd1\xdd\x0fU\xa3Rz&\x1a\x17\x90\xeb\x95\
\x90Y\xaf\xf0L\xa7\x0a\xb4V\xb8\xba\xe3%\x8f\xa9V\
\xa6Li\xe8\xc4\x0a\xd2x\xea\x8fi\xf4\xf2L\x95\x1e\
\xeb\xf4\x90\xe0\x0d\x02\x1ch\x06=9\x03RkO\xd1\
\xcf\xc2\x00\xe4\xcc\xb5[\xb0}_:'\xc9\xf4\xb7\x88\
o\xa8rfQ\xf2\xe5\xc5\x8a\xf7@aO\xf6q\x04\
\x9c\xdcA\x9a\xd9\xd8i\x87\x92\xe3o\xb9\x80\xef\xa8\xd8\
\x5cA\xa7\x19b\xe5\xf8+\xd1O]\x5c\xc5?\xb6\xa3\
\x0a\xa5\x0a\xbd\x82\x22,\x14~\x05\xbd>\xb96\x85\x09\
\x15\xe1\x94R\x14\x19\x1b\xcc\xa3ls/\xacsl\xe3\
2\xe5{?\xe8d1\xd0\x8c\xe3\x8dQ\xcf\xa3l\xe3\
\xf8\xbb\xb8\xce\x02\xa4+b\xaa\xd9\x82\x06\xe5\x7f\x97M\
\xc8\xfe\xca4c\xc3j\xc0\xec\xac\xc3\x8e,\xe4\x04\xa3\
4\x08\xa4\x9c8\xd5\x1f^\xb9\xc7Z\x16[\xdeg\x8e\
Sk\x0eB\xee\xf7\xa2\x02\xd3\x16\xaa\x8bX0\x80\x9b\
\xbb\xb7\xd1\x89:\xb0\xa9\x18\xac\xb3\x01tu9\xa8\xc8\
q?\xd1j\xe2G~\xe8/\xc04S|\xf1'o\
\xca\xf9\x1f8i\xa2\xe2\xd3\xe1\xe6\xbe\x06\xb20\x87W\
sq\xd27p\xeet\x8a\xa5\x8d\x93\xa8y\xff5z\
i\x07\xff\xf4\x97\xfe\x15\x5c\xbf\x82\x95\x96+\xd5\x81\xdb\
\x1c\x88v\x8e\xe3\x91\x8dG\xcc:\x9e\xbd\xf5u\xfc\xe2\
\x9d\xd7\xf1\xe8\x99\x87\xf1\x87?\xf4\xc7\xd1\x09\xfah\x0f\
v\xe5\x8d-7V\xe5eE\xfd\x8eLV\xabE\xc2\
\x0d\xe0\xd5We\xd2\x90-\xc8\x98_\xf5\xf8T\x93Z\
\xaeI\x1e\x86\x9a`\xd2\xf3\x10\x09\xda\xc3\x9e\xd2\x1a`\
z\x8f$\xa2F\x05\x96[\x85\xe9\xaaJ>\x9a\x0c\x11\
O\xe13\xcc\x12x\xd5E,\x9e8'\xaa\xc6,\xdf\
e\xbd\xbe\xb4Y\xcds\x9c^>#9\xf7~g\x0b\
!=\x0f\x82\x85bQ\x88Z\xb2\xb6\xc0\x80a\xf5\x11\
\xc7\x03\xf4\xb7o\x09&\xc3\xb2\x5c\xdfq\xf0\x17\x7f\xef\
\x0f\xe0X\xb5\x86\x07OT1\x08\x07\xa8\x9c<\x01g\
E\xb5rK\x87\xf4>\xd8\xca\xdd@\xbc\xde\xc1\xe0\xb5\
u\x1c3m\xfc\xc2\x8f\xfd?qg\xa7\x87?\xf1w\
\xfe5\xba\x83T\xd9#=\xbe\xc4,\xe9\xae\xd0\x8a\xfe\
\xab<\x0b\x86,\x08rl\xbf\x14\x88W\xb3\xf4\x88\xa3\
F^\xb1\xe0Hh\xc6EAg\x80\x84\xb5H\x1bD\
$\x91\xc7+\xc4c\xf6[\xe4\xcaq\xff\xf4\xef\x0b\xda\
\xf1\xbd\xb6\xc2+j\x05f\x09\xbc\x94\xb7\xc3\xb1\x051\
\x00\x05\x10(7\xb6\xcf\xd2=\xcab\xce\xb1\xb4O\x16\
\x01I\xaeM\x15~\x8c\x17\x86\xd1\x85\xcf\xc7\x198\xd8\
\xa7(&\xb6\x12\xe5Tu\xe2J\xf0A\xfdM\x04}\
\xfcZ\xf49YUf\x00\xbeOr\x88\xaa\x14\xe3^\
\x12\xffQ|\x92\xf4\x5c\x96\x8c*\x5cL\x0d\x1e\x1d'\
+A\x10\x1bU\xcf\x95\xf2\xdd\x9d\xedH\xe2\xec\xb0\x12\
\xc1k\xa8\x06Wd\x1b\xaag\xc1\xce\xc4&\x1c\x97\x03\
\xddD\xd3]@\x1a\xc6\x88\xa2\xa1PZ9q\x18\xe3\
G\x8c\xa5%\x0b\xa0\xd2\x904 $\xfdp\x10\xbb\xae\
\x073b\xa6!+\x96/Y\xa1\x88\xc4+\xd0\xb2(\
jQi@a:\x16$\xb7R\x1f\x002\xdfXc\
\xc0\xff\x89\x87C/@\xe2g\xa6\xe2\x98eP\xe2\x1e\
\xaa\xfe\x81\x13\x9e\x9f\xeb5P\xbb\xe7\xe4\xf3\xd3\xeb\x11\
4\x9da\x86\x84\xd4\x84\x1fs\xa4\x16s\xef\x92\xa2\x90\
\xb0\x8a9fv\xddU\xc5WJ]\x88\x9eKF\xa1\
M\xa9G 3\x8f\x86'F\xcd\xb1\xd1\xaa\xf8\xaa0\
\x8ba\x00=*\xcf\x85A\x9a\xb6\x00wj\x1cq\x22\
&\x11\x8dN\x82\x8a\xe3\xa2\xc2\x12^\xf2\x83e\x96\x92\
\xf8O\xc1\xd6\x11\xbb\x7f\x84\xf4\x17K\x92\xea\xf4\xabp\
\x06\x83%\xc3RX4\x1eG\xe3Q\xaaV\xd9\xe2\xdd\
Oc\x00\x13\xa3s\x92\xe4\xbfwL\xcfp\xd5\xef\x9f\
&\xe3\xf8z\xf7\x86\xca\xf9\xfd\x05\x01\xe7\xc5\xe4F@\
I\xe9\x1a\xf6\xbb\x94\xd9\x8d(\x0bU\x96\x82hP\x94\
\x8e\x1e\xac\xaf\xaef\xa8N\xdf\x94_J\xe9z\x94\x1c\
\x84Z\x05\xe5\x05\x17\xde\x83\xb8w|\x1cJ,\xb4@\
\xb1{\xc3\x0e\x06!\x19r\xaatV\xe2\xc6\xdc\x82[\
1q\xf1C\xab\xb0\xac\x04\xa0\xca\x90m\xe2\xd2\x17\xaf\
\xe3\xea\xad\x00\xab\x8b5\xb8\xae\x92\xc4b\x91N\xa7\x97\
\xe0\xda\x0d\xa07H\x91Z\x01\x92\x9c\xe8\xb3-1\xf2\
\xf5\x1b\xd7\xc4\x10\xac\x1e?!\xab\xf9\xb6\x95 vc\
D6\xe0PS0\x0epm\xfb&\xa2\x98\xaa\xb9@\
\xeeV`\xb5\x16U\xcf\x83\x8d[#dZ\x80\xb5d\
\xa8\xddj\x0e\xf0\x14F\xbd\x0a\xa3V\x05\xfa\x01\xf2>\
\xa5tH76\x10\x1a1n\x0fn\xc9\xf3j\xf7\xb6\
\xa47\xc2\xe2\xda1\xb9\x0e\xb7\xd6\x80\xe1P\xcdHO\
\x1e!\xc7\xc4p+u,\x9d~\x04\x16?s\x09r\
\xa6\xa8n\xb5\xe1g\x80oVde\xbc\x95D\x88\x0d\
`i\xe5\x22\xfc\xe6\x83\x18\xf6\xfa\x18\xf4z\xc2\xc23\
\xadPr\xf0\xbd\xc1\x96\xba\x0f*\xf4\xda\x1e\xde\xf3\xd8\
\xc7\xa9\xbd\x81\xe3kuP#E\x8cLn\x22\xb8\xb5\
\x83`\xb33*\x9a\x11\x18\x81-\xc3ZUT\xbf\xe3\
\xb4d_\x88U\xb4\xda\x0d\xd4[+\xd2\x07\xa2\xddc\
q\x12\xcb\xa2\x95D\x98\xefVaQ\xfcDL\xb2\xca\
\x910 0}\x03K\x8f\xd6\x11\x0b\xa8\xa9\xc4V\xc6\
\xf2oz2\x15X\xf2\x04i]\x13\x84\xa6\xc6\xf9\xde\
1\xad\xbf9\xc1\x11\xc8\xdf\x22m\xcc\xe28\x93\xd5\x84\
e/|.\x03pP?\x812;o^#p\x94\
\x98G\x19\x81)Q\xc3\x92\x04\xf3\xc8\x22O\x1fS\xa7\
\xf5\xc6M\x14\x94\x8b\xa6\x8e\xa9\x1f\xf2T\x05\x95\xaan\
W\x01I\x81\x03\xd0\x93\x22\xc1\x85\x7f\x0ca\xb0)\xda\
*c\xf4A\x12`\x10\xd0\x00(\xe3PHC\xbb\x15\
\x0f\xc7..\xc3\xb0\x13\xf4\xc3\x1e*\x15\x0f\xc1\xb3\x19\
\xeel\x0f\xd0\xf0]\xc5]\xb7M\xd8\x0e\x0bj2\x91\
\xb2\x0a\x22]\x94\x22*Dj\x15\x8a\xa2\x00FFx\
\xce\x90\x82\x9a\xc8\x04\x06\xe4\x17I\xd2Z\xadtaF\
0Ne\x22x\x1d\x99\xe3\xe8\xbe\x87\xea\xde\xd5\xf5\x12\
\x7f`lO\x03\xa0]K\xde\x8b\xe7\x01\xc3\x88j\x22\
2\xd8%\x866H#\x1e\x0a\xe2\xde\x8f:\x82}4\
\xfd\x93\x02\xec\xa5\x06\xe3j\xa5\x89'\xa2\x1b\xe2R\x90\
Pc\xc1\xab6\x94\xb14\x5c\x98y\x08\x7f\x98\x80:\
A\xbet\xccQ\x99\x00\xc6\xd5\x96\xd3\x10\xcc\x224\x22\
)N\x22\xb3\xd2dF!J\x10Sv\x9b^\x82\x08\
qX\xa8\xdbu\xb8F\x06\xd7&\xfa\xae\x90z\xca\xa0\
%\xfd`d\xd8\x84\xb1'\xaaN1*\x15K\x8c\x80\
\xcd\xe7\xb1\xb8\x80\x85\xad\x1e\x5c\x9bLL\x1f!{\x09\
\xa4\xa1x&|\x97\xa6\xed\xc03\x95|Z\x91\xa1I\
(\xe8\xca\x95\xdf\xa67\xa33\xbcj h\x8cO\x8d\
5)\xa9\x9e\xc8(\xa9\x90\x82\x0c\xc7\xf9\xc7u1v\
\xef\x1fso\xfemV(\xb2\xd7(L\xea\x01\xec\x0b\
,\x8c\x891c\xde\xc0\xd8\xdd\x98\x9e\x98\x93Fb\x8a\
D\xb0\xe7\x22\xc7\xa8\xe8\xa4V]\xc9\xb5\x99a\x9c\x14\
\x90W\xf2\x14J.\x9c\xd4V\x97R\x82\xcaA\x1d\x91\
\x14\xf4\xfbVy\xf5\x17.3\xdf\x0d<q\xf6\x18\xe8\
m\xbetm[\xdc\xd7\xee`\x03\xb7v\xae\xc8*R\
\xaf.J\xbc\x18\xc6\x81\x1c\xddq\x12\xaco\xec\xe2o\
\xfc\xb7?\x89z\xd5\xc0_\xf9\xab\xbf\x1b\xae\x9b\xe0\xf1\
\x0f\x9e\xc2\xc5w\x1f\x87\xcb\xda\x02\xdb\xc2\xce\x9b\xbb\x08\
7C4\x1b\x0e\xeau\xd6\x19\xc4X\xbf\xa3@\xb4\xc5\
\xfaq\xe1,\xec\xee\xde\x96\xd4^0\xdc\x12\xd7Z\x11\
g T\xd8\x07\xcf=,\xf5\xf8Y\x1c\xc3\xf0|\x18\
\xad\x05\xed\xe1d\x02\x00\xf2{\xbc\x99agC\x0c\x82\
\xe7\x92\xb2\xac\xf5\x10\xe9\xee2~\xa5;\x5c\xf1a\xb8\
\x1e2v\xbb\xdd\xdeTUx\x1c\xe0B|\xb2\x8bJ\
*$V\x02\xc3o\xc2\xf2}\x84\xb7n \xe9v\xe1\
4\xea\xc8}\x07v\x94\xc0\x1e\x06\xc8\x1bu\x0c\x97\x16\
`\x0f#X\x9d\x10A\x9e\xe0Z\x1a\x88\x81\x1dRM\
'7\xb0\xd4\xf4\xc5\xb0n\xa1\x81\x9e\xe3b\x18lc\
\xbb}U\xe8\xb9(\x01\x8f\x0c\x0b\xde\xf3H\x0bU\xd3\
F\xddu`\xbb,\x06\xa21\xa4\x11Q\xf4_\xbb\xe5\
\xc3mV\xe9\x0e!\xaf\xd6T\xf1Q\x96\xe3\xf6\xed\x1e\
~\xf4\xaf\xffk\xf4\x07\x06\xae\xaf_E\x96ZBI\
f\xfd\x86Z}34\xfc:\xea\xd5%T\xdd\xaa\x18\
\xb5\xe5%\x07\x1fxO\x0d\xad\x935X\x8d&\xe0\xf9\
\x85$0\xb2N_cC\xba\xbc\xaf \x91\xe9a*\
\x15\xa1\xac\xa4\x94\x08B\x8d\xbbi\xa4j\xd6$;\xa8\
\x80n\xef\x5c\x98u\xac\x83>?\xfa6\xbd\x88K-\
\x80\x22\xdc\x14$\xb2\x02\x0f-\xb61\xb1\xa48\xc0\xe4\
\x05\xed\x03\x85\x1cZd\xb4\xd7\x1a\x8d\xe9\xa5\xe5\xb8\xa6\
\xa8\x14\x9au3\x9az\xaaw\xc9'bo\xbd\xcf\x94\
~\xfcD\xf2%\x07\xb6z6\x92\xdc\xc4B\xc5\x95N\
2\xaf]\xdfa=\x9f\xf4\x10\xec\x0d\xb7%\xfe\xae8\
ub\xe7\x22\x07\xae\xe8\xb2d\xf6\x05\xf8\xeco\xbe\x89\
\xa5\x05\x1b\x7f\xc3wP\xa9Z\xf0\xce\xd4e\x80&\xc3\
P\xb0\x84\xdd[m\x0c\xfb1\xdc\xaa\x03\xa7b\xc0\x19\
\xb0\xba\x8c\x92\xe0\x11\xfa\xb1\x02\x14\xe3`K4\xff:\
\x1d\xb6'\x22`\xe5\xc89j\xe7\x1fA\xab\xb5\x82$\
&\xff\x9c\x00\x97\x09\xa3R\x11\xd0\x8d\xa0!MZ\x92\
q2P\xd4\xb2/l\x05\xcfYTI\xf2\x82\xb0\xc2\
\x14\x17\x0d%\xf5\xef]\xe2\x0d\x8a{ \x84)\x8d\x8f\
\x086PrG\x85\x0a\xed\xbaR\x80\x93\xf4\xfa0\xfd\
\x0a\x8c\xaa+\x1e\x84\x19\xc40\xaa\x19\x02\x8fq\xb6\x0d\
\xd70\x11f\x06:\xf2\x12t}\xbaa\xc0smF\
\x09\xe8{\x1e\xa2\xc8D\xa7\x1fb\xb7s\x1b>\x0b\x9a\
\x18\xdb\x93\x92+F D\xc31\xd0t=\xe9\xd9\xe9\
P\x5c\x98\xa2\xabR\xd0EL\x22\x92\x82%\xcf7\x91\
3/\xbfX\x95\xea<,,\xc2\xef\xa7\xf8/\xff\xf9\
\x9bH\xb2\x0a\x06\xf1@\x8c\x8aK\xe0\xb2\xd4;\xc1s\
\x5cT\xbd*\x5cJ\xa6e\x06\xeaU\x07\x17\xceW\xe0\
,{0(/n*\xdcD\xf0\x0dcPN\xf6\x97\
\xc6\xbaf\xfdk\x01V%\xdc1\x86\xc6g\x1b\x80\xc9\
y0\xdf\x96\xdf\xd5\xe7\x07\x9b\x88\xe9\x93\xef\xbd\x18E\
\xe2\xde\x83\x17N\xe5,\xf7\xe5\xe7\xef-\x19\x9e\xe9u\
h\xea\xe4|\x0f\xa6\xf8\xa0L\xbd\x1c\x7fG\x1dN\xb7\
k\xd6\x8e\xbcp\xe0\xa9\xa57\xfa~\xc9\x93\x98\xaa\x05\
\x90O\x0aF\x06]:\xa6\x83RC\xda>\x09\xe8\xa5\
s\xff\xaa\x81\x88b\xd6\x953\x18\xa2\xa2b\xd5%\xfe\
\xecE\x97\xb1h.\xa3w\xb3\x87\xe8Z\x8c\xca\x22\xb9\
\xee\x96\xc8\x81\x07\xf6\x00\x95\x05\x1b\xd6cu\x04\x9d\x18\
\xc1f\x02\xcf\xb2pl\xd5\x84W_\xc0\x7f\xf5\xbd\x1f\
\x96T\xdf\xcf}\xa3\x82\x80`\x9e\x9c\x8b\x14\xe1!\x92\
(\x14\xa2\x0f\xf3\xe0rn\xae\xeaq\x84l{C\xa9\
\xe04\x1b\x82H\xdb\xcbk\x0a\x85\xdf\xd9\x94\xb4\x9aR\
\x00\xa6\x9an\x8c4\x8d`\xf4\x070\x19\x8apvU\
u5\x9e<\xc8R\x1c\xab\x9f\xa7\x02\xc8L\xc4\x83\x81\
\x00\x8c\x82!\xd8\x06\xd2 \x10\xe0\x8f\xa2\x9fN\x85\x05\
K\x19\xcc\xcd\x1d\x18Q\x8a\x0d\xaa\xf70T\xd0G>\
\x17\xd9\xa8\xc3\xc6u'C \x0b\xa6\x0d\xd7\xc9\xb0\xba\
x\x0a\xad\xfa\xa2\xac\xdc\xdb;\x9br\x9dI\x96\xa0Q\
qq\xe1\xe1\xa6\xb4W\xab\xd5\x14\xd0V9\xb7\x0a\xbf\
\xee\x88\xd1#<i\xf9\x16\x12\xcf\x166#\xab&\x9f\
\x7f\xe5\x1a~\xf6W~\x0a\xae\xd5P\xbc\x8b,\x11\xed\
\xc5r\x08)\x95\xa0\x04\xfb\xa3\x10Iw\x07k\xec\x0e\
e5\xe5\x18\x142A\xc2z\x04\xb5\x84\x93_0\x12\
\xf5(\xc6\xe5H\x00e\x5c\xa9\xaa\x98\x9c\xca\xe3\x22=\
\xb9`C\xde\x87\x9c\xf7\xd4\xb8\xdf\xff\xf3qF\xad\xf8\
\xc7T\x0d\xcf\x1eW\xfcp\xd0\xd1\x96\xf4\xea\x9ey;\
i\x00\xe4X\xc6\xb4\x0bQ\x02N\xca\xc7\x9e\xf8wA\
\xa6\x19\x03x\xa5`\xe2\x80\x9b\xd6\xa8kQ\x12<\x1e\
\xba\xe3\x01\xac\xc3\x05\xfe\xcc\xdat\x89[%\xed\xa3P\
h\x9d\xbc\x9e\xba\xb1IU!\xf1|Y_.\xa0\x9f\
\x02\x83\x08\x84\xb1\x92\xae\x1c^\x14XN\xc1\xb5g\x13\
KF\xe7\x9b\xbb\xaf\xc3\xb7v\x10_\x0ea$9*\
\x8f\x9b\xc8\x1d\xa2\xdb\xa4\xaf\xe6h\xac\xd5Qy\xc8\xc5\
\xc6\xab\xbb\xe8\xdf\xa07a\xc3\xa9fh5\x9bx\xe2\
\xcc;\x10\xe49\xbe\xb2\xd5\xc6\xe60\x10\xc0O\xcaa\
\xd7o!O\xda2\xf9\x13\xf6\xb5/\x94\x92\x18\xdb\xc7\
\x11\xac:\xbd\x8c\x9a\x02\xae\xea\x0d\xe4Y\x8ct\x87y\
r\x9d\xee\x14\x14=F\x1c\x07\xb0\x02\x0b\x88R\xa0Q\
\x83\xd1\x90\x96\x17S[!!>6\x02\x9c\xf8<\xb7\
d\x01\xf8l\xe3\x10y\x10\x22s\xab\xb0\x1bUD\x84\
\x16\x06C\xe4a\x84Mv`\xd6\x86\x94\xcf\xebLl\
b-5\xb1ce\x18\xa4\xe4\xe0\xb3<\xdb\x81\xef\xad\
\xa0iW\x10\x86\x01\xb6:*M\x9ad!L\xc7\xc5\
\xd9\x07\x9bh\xfa\x0e\x82\x90rn&\xeagW\xe0-\
TD\xf1\x87\x1e\x05\xfb-H\xb8\x90\xe7pk5\x5c\
\xb9\xbe\x8d\xbf\xf5\xb7\xffW4\xedc\xd2\xf8SV\xf0\
QIk\xa9!\x0c\x05W\x93\x10\xc3\x8c\xfa\x8e\x0b\x88\
\x88\xf1H\x92c<n05a\xa4\xed\x98\xd4R\x17\
\xcb\x8b\x1e\xb1R\xff\xc04\xa0%\xfa\x10\xdb\xdd\x1d\xa4\
\x95&|\xdfS\x0dI\xf6\x8c\xde\xd1\x809\x02\xe0w\
\xb8\x15)_\xd5xf\x94?\x9f\xfa\xcdt(>\xe3\
[v\xd1\xa6Q\x07g\x13\xdf.\xc8\x06#\xe2A\x01\
\xac\xe9\xe3M\xb8\xd3\xd3\xb7#\x83bF\xe3\x8a\x09`\
\xaf\x8c\x01\x8c\xbf\xa7\xfeQ\x5c\xd9\xd8\x18\x8dYy\xba\
\x89\x07)\xa3v\x15\xc9\xc5\xefF\x94[\xb0\xe3\x08\xc6\
\xf6\x15\xf2De\xf0\x8d<\x05IC\xf2\x9b*>V\
\xd8\x96\x1a8\xcbMEx\xd9\xdcU\x1cQ\xea\x00v\
\xa3T\xf4\xe3\xd4\xc9T\x9f\xc0\xf15\xf3{,^\x01\
\xaa\xfe*\x92\xd4\xc3O\xfd\xe6\xe7D\xce\xebS\x0f~\
\x10+\x0b5\xe4f,\x05'\xc1n\x82\xad7\x07\x08\
w\x86\x8a$#9e\x13\xdd~\x82\xd7\xae1\xa8\x00\
\xba\xdb\x1b\x88\xc2\x98\xcdl\xe4\xf8\x8b'O\x02&\x19\
~\x19L\xc6\xf4\x9c\xa0t\x89\xc3\x00ygW\x81p\
\x92\x9eS\xe9\xb3\xa2\xb5\x15'KR\xa9\x22u\x1d\x11\
\xe5\x14w\xbf\x10\xbd\xe4\x16\xa7\x92\xf6*\x03\xa3J\x0c\
J\xfd\xdb\xe2\xa0'\xc1\x86\x9d\x92\x0a\xe4\x9d\x12`6\
\xf5\xf5\x0c\xe4\xb5*\xbaK\x8bH\x82>\xd2\xa0/\xcf\
\xbe&\x14k\xd2\x8d\xd5\xb9\xaex)6\x90c\xc90\
p,\xb5\x10Q%\xa8\xc24+\x09J\xb4\xc9\x0e\x9e\
:}J-\x22i\x8a\xa6g!\xfd\xe2\x1d\x04,\xf4\
a\xe9.R\x84\xad&\xa2c51v\x5c\x9d\xed\x8a\
\x07\xbb\xea\x11\x01\x14PU(\xd2\x955,6\x17E\
\xebQ%e\xc7a\xe3\xe8\xcaM\x12\x86BDY\x08\
\xdfNq~\xc5C\xa5\xaa\xe9\xc8\xc5>\xb9\xf6&\xf5\
\xf8\x90\xceM\x9e\x87\xbcYSD'\x19\x86\x9aK\x10\
\x9a\x88n\x848\x8dE\xfc\x9d\x8f\xffa\xecD\x01\xfe\
\xdds\x9fWD+f\x1dt\xf5\xe0h\x98L\x8c\x99\
\xf2\xd4\x9a\xe9\x22\x1f\x82\x01L\xbb\xd9z\x0e\x1cj3\
f\x85\xbee\xedB\x09\x01f\x13\x12\xc6\x0a\xa2\xe3U\
|t\xc8\xe9k\x9d\xb1\x98\x8f\x94\x7f\xa6\x1e\xc4\xdeM\
\xb7y*}O\x18uR\xaa]\xf6MJ\x1e\x80\xb2\
D\xc25O-\x13\x83\xd5\xf7 \xe3@\xbd\xf4\x1b0\
\xbb\x9b\xd4\xd3\x12\xc6\xda\x18F\x18\xbb*\x02\xfe\xc9\xca\
\xaf\xba\xff,5i\xa6\x12l\xee2&\xce\xd0\x1d\x0e\
\xd0\x0eHaMJ\x9c\xeb\x22\xe4Pd\x12\xc9|\xd3\
]\xf5[\x08\xb3\x14\x7f\xe7\xdf\xfe\x04\xc2\xac\x8d\x0f\xfd\
\xc0\xd3x\xb0\xb5\x82\x9d]C\xc4E7^\xdc\xc1\xad\
\xe7;h\xd4L\xe9y\xc7U\xb5j\xbb\x18\xc4\x09.\
\xddtD\x9fp\xd8o\x03Y\x08\xc4\xae`\x02\x0bg\
\xde\x05gq\x19\xc9p\xa8\xe2{\xa2\xe5\xb6)\xee\x7f\
\xb8u\x1bv\xe6\xab\x81*\xddC\x98\xdbO\xc4\xe0\x09\
\xb0V\xad\x00\x95*\xb2\xce\xb6\xca\xbf\x0b\xd5WQ\x82\
YJK\x1a\xedD\x08\xa0\x8d\x01\xffGm\x02\x1a\x0d\
\xb3j\x22e^\x8e\x03:\x8a\xe1Tm\xf8\xb6\x8f~\
\xad\x8a\xde\xf2\x0a\xd2\xcd\x10\xd9\xcd\xab0-\x0fk~\
]\xce\xc1g@\xec\xe5\xaa\xc7$[\x8a\x8f\xc6>\xce\
\xa6T\x132\xe0\xf8*\xb4\xe0\xeaJC\xe07\x16\x15\
\x1aOQ\x10\x0a\xb8>\xb7\xa1<7\x8b\xa1K\x84\xe4\
T]\xda\xa0\xe5\xfd\xa1d5\xfc\x13\x8b\xb0i(\xfa\
l\xad\x12\xcbs\xa1G\x90NvgQ\x9e\x0ccz\
v\x06\xd2\xad\x1e(]\x1e\x04C\xf8n\x82\xb3\xcb>\
\x12\x9b\x06P1\xfc\x0a)<\x14\xf9 \xf9b\x0e\xa3\
V\x81\xb1\xd8\x92T(\xc7\xa1\x0cD26{\x19\x82\
~\x0f\xe7O\x1e\xc3_y\xdf\xfbqe\xfd2~\xe2\
+\xcf\x88\x91\x1a\xe3\x02#7w\x8f\x01\x98\x08K'\
g\xda\x01\xf3\xe3\xa0\xcf\xe6\x05\x05\xa7B\xef\xa9O\xed\
\xe9\xd8@\x09\xa6N\x03\x81w\xbb\x1d\x8eb\x96'\x7f\
\xf9k#\x8f`\xd4\x89f\xf6q\x05\xb4d\x99\xa8\xe3\
(\xd9)6\xfb\x10\xa4|\xd2\xa8\x14\x06\x89\x0c8f\
\xadjM\xb5j\xa9\xc2\x13\xb1\x83jU\xd5F\xabh\
\x08\xc1\x12\xdc0\x19\x0aY\xc7\xb1\xabr\x8c(f\x11\
\x8a\x96,\xcbs4\xebu\x84A\x86\xf5\xcbC\x5cq\
\x060\xbc\x10y\xd5\x84\xe1gh=\xe4\xc2\xe8g\xc8\
\x87\x16\x86I\x8a\xabm\xf2\x0arl\x05}\x84q(\
\x9eJ.)FU\x99\x17\xedvD\xdc\xc2d\xea\x8c\
\x886'6\x0d\x22I6k\xc7\x05\xa0\x13Yl\xc6\
\xfe!\xcbo\x13\xe4\xad\x96\xa4\x10\x0b9k%\xd0B\
\x96\x1d\xcby\x01\xd3a\xc5\x806\xa8r\x8fE\xaaT\
\xfbXZ\x00\xd6\xe6W\x07}\xa4!\xfd|\x17XZ\
\x15\x09\xb1\xa0\xbd\x8e\xcc?.8\x04\xdb\xf5\xdaK\xc7\
\x04\x84\xa4^!\xc3\xafb\x121\x9e\xa4'\x12\xb2\xe8\
\x88\xc0\xa6\xc9\x02c\x03\xe4:rLIw\xa64F\
%\x07\x96\x92\x08>\xb1\x96Z]\x01\xf1\x9c\x7f\x04\x02\
\xfb\x09\xcc\x8d\x01\xcc\xb5\x06\x0c\xea\x02\xd6\x5cd\x5c\x8d\
\xe5\xfdR{\x90\xab-\xef\x9bgQ\xd5|\xcc\xf2\xf0\
\xbf\x91\x84\x82\x19l\x93z\x82\xec\xeb\x17a\x10\xb5\x11\
%\xac,\xcc\x90\xb3\x03\xb4xD\xda\x0b\xca\xb5\x11\x90\
\x97\xaf\xeb\x10D\x10D\xad\xea\x0e\x9f\xa9zP\x14\x5c\
\x83c\xdb\xe8[\x09\xc2\xc6\x10;}R\xce\xb9\x98\x14\
\xe5\xd4\xfb-\xc7\xba\x9cy\xcf|\x98\xfe\xf9\xa0\xe5|\
:H\xdfg\xf2\xcf\xc2\xe0\x0e\xd9f$5\x15KN\
\xe5=\x0b\xf7\xe5\x88G-m\xe3\xaf\xee\xe5/\xefw\
\xd8\xfd\x9auLn\x8a\x17N\x9d\xbc\xfc\xccyd^\
\x13\xd9k\x9f\x97J:\xdd3u|?:\x0cP\xe1\
\x80\x81\xaa\x03\x5c8gK\x0d\xc0\xd5;D\xfc\xd5\xe4\
W\xa4\xb5\xa2\x0b\xac\xe2\x89\xb3\xc6=\x88\xfap\x9d\x1a\
j\xd5%\xc4\xc9\x00\xbd\xe1\xad\xf1\xd3.\xdci#\xc7\
+\xbf\xb9\x8b\xc1W\xeax\xf2}9\xec\x05\xe0\xf8\xb9\
E\xb4>\xbc\x84\x1b_\xdaB\xef\xd5\x0c\x976n\xe2\
G?\xfd\xab\xd2\x07\xb8\xbdsSV=\xdbRq\xac\
\x14\xe0\xe6)\x06\x9b\xeb\xb0;=T\xd7V\x81\x86\xab\
4\xf0\xd2\x04F\xc5\x87\xd9z\x08\xd9\xb0\x0f{wW\
\xd8\x8d\xe1\x163\x08&\xec\x07\xcf\xcb\x84e\x1d\x84\xbc\
2Y\x90h\xa8H\xa1\x0d\xe0\xf9\xac\xfb\xe7\xaa\xa7\x94\
m\xc6\xcfVq\x0d\x8a2X:\xe1\xd1\xd6\xba\xc8\x98\
W.<\x02\xe7\xccI\xb4_\xfb\x06z\xb7^G\xb3\
\xe1\xa3J\xbe\xa3\xe7\xc1Z|\x00V4D\xef\xea\x15\
\x91B+\x98\x83\xc5|b\x85\x05\xef\xe8U7\xc3\x1b\
\x8e\x85\xaa\xe6\x13\x08\xe6\x02\xd2\x9ds|\xaa\x0b\xf89\
TOdz\x1e\xac!0\x1cT\xaet\x90\xde\x8e\xe1\
\xfd\xa1\xf7\xc2~\xfbCl\xa8\xa6\xdeuu\x07F\x18\
\xc3\xaf8\x08\xa2m\x84\x111\x0dr\x12X\x0a\x5c\x15\
\xd5!\x96#\xb3\x1e\xa4Q_\x91\xaa\xc6 l\xa37\
\xd8\x14\x0f\x8f1<\xd3\xa6\xaa\x93\xe1d\xfcjh&\
\xa4\xd2\x13\xd0\xd8qnH\x16\x81\xa1\x9b\x15\xab2p\
\x9b\xcf\xeeD\x15\xde\x1f}\x12\xdeW-d\xff,\x81\
\x95\xb3\x9a\xa4t\xac\x02K\xd9wF\x18w\xf9\xfb\x91\
;\xbb\x8fA(\x87\xf0{3l\x07K\x82\x15\xc7(\
\x9f\xf4\x10\xa5\x9f\xa3\xf2\x98u\x0b\xbd\xd2uM\x02t\
{\x1c\x81Rh2z\x043@\x8d\xcc4\xe10\xf5\
&\x84\x1e\x1d\xefjC3fb)\x0e8/7\x8a\
\x12\xb8\x0e\xfb\xedQ\xd7\xae\x88 sT( \xa3\x1b\
[\x16\x85#\xcah\x95\x05\x0b\x0bJ\xa8\xa6\x15\xe9\xeb\
\x17\xadJ\xc3\xc2\x8d\xee\x16\xd2\xd8Av5Fc;\
\x81\xdf\xdfE\xa3\xbd\x89\xf5\x97w\x91m\xd8\xb8\xd1m\
\xc3u\x5c\xc9\xe1W\xebU]\xc1\xcf\x09\xa8\xf1\x0aV\
\xf2\xb1T\xd5\xcc\x91\xd3;\x08\xb8\xf2\xd9\x14\xed\x87\xc9\
B'\xc6\xc1$\xf20MW4\xbf#V \x00`\
\xd1Y\x98\xb3\xca\x83e\xb4T\xb5]\x14\xaap@\x8c\
\x9c\xea\xd2#\x0e\x9e^\xb7G\x22\x22\xc5\xa0ax!\
\x85M\x14\x17M$.WEML=2\x9c\x08a\
2S@\xd2Q\x8d d\x0a\x9be\xcf\xa3-\xc3\x8e\
\x14\x0c\x99\xe8\xdb\xaa@\xa8\xc8\xc68\x14M\x89!\xec\
\xc1\x8eI\xd5D\x13\xb7\xf3T\x0c\xe00\xa5\x86\x02P\
\xe9\xa5\x88\x87\x09\xf2\xaf^\x83\x13g\xc8\xc3\x14\x8e\xe7\
\x22\x1d\xf6P32\x5c\xbd\xda\x86-\x92\xdc\xf4\x8e\x94\
\x80\xabd,4\x1eQt\x86\x1e)\xf9\x08I\xc9\x12\
\x05h\xabj\xa1\xba\xda\x80]w\xc7\x8d;\x0cM\xa4\
*\xba\xfe*\x01\x069\x06C\x16\xa9\x01\x10\xef,\x93\
\xda\x11i\x19\xd7\xed#\xd8\xeeH\x1a\xd6\xbe\x9be\xf7\
\xc0F<\xd3\xdb\xf4\xa4\x9e5\xb1\x0f\xf2,\xe6\x14\x04\
\x19O\xe8bE\xdb\xe7rF\xb3q\x0a38L6\
\xbc\x98\xef\x05\xedR\xba\xe9\xc8/\xf4\x1e\xa54\xceh\
\x80\x1e\xae\xb8\xcaU+g:\xc85U\xb3\x08\xf1\xdc\
9\xad\xe8Z\xab\xf4PQ\x9d7\x88R\xdc\xb8\x13\xe2\
X\xe2\xe0\x09\xc3\x17N\xbc \xff\x86\x81s\xc7\x98C\
6Ex&M\xe9\xfa\xb3#P\x0c[\xf2\xbfe\xe8\
Q_s\xe9\xfe\xa5i\xa7e\xe3\xffx\xe6\xd3\xd4\x17\
F\xf6k;\xc8\xb3`\x94W\x12v\xa2\x99baa\
\x0d\x0f?\xf6n\xc9\xed{\xf5\xd3r\x1c)N\xd1\xae\
y\xd18B\xba&\xf5v\x91\xb5wa\x9d\xbe\x00c\
\xe5\x0c\x8c~\x1bqw\x0b\x99[A\xec\xd4`\xc4\xc4\
\x08\xae\xa9\xd6Z\xbco>>]\xf0n.\xae\x88\xee\
`\xbc}\x1b\xd9\xe6mI\xa9\xc5\xc3\x01\x10Rc\xb0\
\x1c\x1a\xa9\xd6\xda\x85*\x90\xee\xf3\xab?T\xf5\x80#\
n<_\x1a\x056\x83\x0c\xe6\xc6M\xa4~\x13\xd9\xb9\
\x07\x85lT\xd9\x8ce\x05W*@\x19^In\xe3\
\x15\x83\xe4 \xa5X\x942\x86\xb6-4\x87)\x1e\x1f\
\xf2g\x03\x97\xd8\xcf\x0f\x16^\xe2\xf9\x91\xe3\xcb\xd76\
\xd1\x093\x18\x97\xd7\xa5\xd8*\xfc\xb5W\x15m\x97\x13\
[\xa7\xdd|\xf6R$\x9f\xc0\xa3\xf1\xd4MIY_\
\x98\x04\xd2X\xc4\xb1*\xc2\x91\x10\x85$rB\xc8\xb4\
$\xf8\x99\x1b\x88\xa2\x18\xb5\xaa\x87\xd3\xdfq\x01!\xcb\
\xbd\x95\xda\x08(\xebV\xd6\xd8\x93\xe7C@\xb2\xe0\x08\
\xe8LVJ\x16%\xf9\x14\x9d\x08\xbd\x17\xae`\xe7\xca\
\xedB)`\xefX\x9f\xfe\x85\x02\xd1&\x7fUz\x0f\
\xf3\x19\x82\x83\xf0\x80\xf2>\x851\x9e\xd3\x03\xe0\x7fD\
\x04j\xea\xb8\xf3Lh\xa9.\xd3)\xa0Y9\xc7\x03\
o\xa8\x90\xea\xba\xe7\x10C\xb7a\x12 \x97\xcb'\xfb\
\xc4QYW\x93~E\xc2Y\xedS\xf4_\x11\x0fY\
sb\xe4\xd2\xe5\x99\xa5\x22\x14\xe1X\xb9\xf4\x05\xf0\x1c\
_\x08@\x14\xe4T\x8a?#\x0b\xb6\xc7\x05S\xbc\x02\
5h8\xd9\xd9\xa4BM\xa5\xb1J\x1f\x95r\x1c\xdb\
\xd39v\xa6\xb6\xf4\x97\xa5\xba\x8c)3N\x96\xa2[\
N\xaeY|\x8cI\xe9\x09\xf4$\x1d\xa7\xf2X\xaa$\
W\xe2^\x16\x09\x91=\x18\x13\xddV\xc3\xbe\x88m\x19\
6\x8c\xc4Z\xc5\xc5\xd6\x19\x00-\xa0\xa1\xc0W\x95\xaa\
\x1b\xc9f\xf3I\xb1\x0c\xd7\xf3\x15f\x90\xb2\xcc\xd9\x86\
U\xad+_A&\x0e\xab\x0c\x1d\xc1\x1b\xf8}\xb6M\
c\x81\x91\x22/\xeb\xb4,\x8d\xa6 \xeb\xe2v\x882\
\x92\x9b\x99\xf0\xa8\x19J\xa9m\xad\xb2$\xdd\x8b\xe8\xbd\
\x11\x0bpH\xdb\xd5\x92^\xb0\xe13\x8c\x90\xda'\x8a\
\x97P\x1e-GDe!\xdf\x97~\x06\x8a\xbfS\xc8\
v\xa9JF\xd5\xedYW;2\xd4s}\x1co,\
\xc0\xafX\xc8\xdd\x106\xd3v\xf2L\x8b\xd4g>\xae\
<U\x17>\xc2\xa4F\xb2q\x9a\xf5'\xe2\xa4\xa2R\
\x92\xc3[\xa8\xc1kVU\xdd\x826\xa4\xf7\xa3\xb6g\
>Cp\xe8Q\xa6\xbc\x86\x837\xbb8\xd9,\x18\xe3\
P\x1ac\xb96\xda8\xdaM\x145\xf9G\xf9\xce\xd4\
\x11J\xffV/\xd2l,\xc1f@\x1ftUE\x99\
x\x1bJ&{|}j\x8d\x13\x92\x8d\xce\xf4\xd1D\
\x10\xd4\x22\x0e\xf0\x8eG\xcf#\xca]\x5c\xbd\xb3\x84\xcd\
v\x82\xab\xeb\xcf\xe3\xa5+_\x16\x0c`\x9c\x09\xd1\xbd\
\x05K\x99\x11\xf2\xfb\xd3xK>\xab\xd7\x17`9\x9c\
4\xca (\xcdB2\xd3\x1ct\xdb\x1bJ\x92JW\
\xc9\xa9\xd89Cc\xf9\xf8\xa8\x18I\xae\x8f\x7f[&\
\x22\xf2\x026oK\xcf\x00I5U\xeb\xb0\xd6\xd6\x90\
S#\xe0\x91\xb7K\xeb\xec\xc1k/\xc0\x88#xg\
\xce\xa8pA\x9b9i\xad\xcd\xfb\x0fCd\x91*\x89\
\xa6\xa7B\x8d\x01\xea\xf8\xf3YT['e\xc2\xc4\x04\
<\x93\x08\xce\xb15\xd4\x19v\xe4l\x85\x1e\xa1\xb1t\
\x02\x8d\xd5\xe3\xc8\xd9 \xe4\xf5\xcb0\x16\x1aH\xce\x9c\
\xd7\xd9\x03C@\xbd`xCa/:e\x99ml\
\x02\xfd\x81\x185\xe6\xdf\x8f\x9bU<j/\xc2O2\
\x9c\x12\x1d\x02\xa5\x04$\xfa\x05\x96\x89\xa1cc\xe7\xac\
\x8f\x015\x1340Y\x09r\x9cj\xe7X\x08\x80e\
\xc7\xc5/u\xde\xc0?\xbb\xf1uT\xc8\xed\xa7v\x82\
<&\x0d\xf7\x8f^\x82\xae\xbe\xb4,t\x07C\xfc\xf0\
G\xdf\x8b?\xf6\xfe\xb7\xc3>\xe1b\xf5\x91%\x18\xf4\
\xea\x98:\x94\x9cda\xfdu\xc8P\xc6\xe8KQ\x91\
b7*A\x10\x8b\x05H^\x05\xee\x03\xc7\xe1on\
\xe8\xa1W|k<\x86\xe7\xaa\xf4;\xc0j\xdc\x1fC\
p\x1009\x0b\x04\x9c\xc7\xc3\x98\xda\x0a\xf9\xc8\xb7\xa6\
\xcai\x9e\xad\xf4\xda$\xbe5\x91\xb2!\xc8H\x12\xab\
0\x0dj\xb0r\xefB\xc2\x8a\x12WR\x0a*r_\
\xdc\x91.\xa3\x01\x97\xa0b\xc6\xd5\xc7\x11Z\xae\xc8d\
OT\x88\x8d\x1b\xcf\x0bp\xc7RU\x01\xf1\xa4\x9d\x88\
\x10v\xf8\xb3\xea\xba\xa6$\xb2G\xc0\x92\xc8^Q\xcc\
\xa2\xf0H\x14\xb3L\xa9\xd1\xa8\x10`\xfc\xfc\xd599\
hU\x8cO\x8f%\x81\xcd\x9f%b`\x97\x1cG\xe5\
\xf7\x0d\x82\x5cJ\x1cD\xbe9\x0a\x15\x95\xe4\x97B\xe8\
U\xd9o\xe1\xd2N\xa2\x00\x9a>\xabAUQ;N\
\x12\xc1\x01H\xadUd\x17^\x07\x8df\xa1\x05\x99I\
6\x82\xa0\x1b\xe5\xc0\xc5\xc3\xd0\xfc\x0a\xd1\xda\xa30\x0b\
\xa9\xc8\x04\x1e3r\xfc\xd5\xb9b\x81;T\xc91\x9f\
\x9aM\xe0-\xcb\xe0K[3C\xd8~\xe25\x98\x06\
\xaa6\xe0\x1b\x09Z\xd2W\x18\x08\xf3\x08\xf4M\xc8\xa8\
\xa4\x11\xa3\xf7!\xafb\xa4\x01\xa8\xe2}q\x84\xb3\x14\
\x15\xcb\xc6\x82\xeb \xf5L\xf8U\x16\x02\xa9*I%\
\x96\xa2&\xa1)\x9d\x80\xf5\xfb\x18\xb1F\x0b\xcfQ\xc5\
\xc8\xf4\x0a\x02;\xc7\xb0\x06D\xcc|2\xf7/\x8dY\
t#V\xcd\x8f9z\x89\xef\xc1\x93\xf4\xee\xf5\x02\xe6\
;\xfe\xa4\x01\x18!\xb8\xa5\xafO\xc4\xe8\xb3\x0ft7\
\x97W(\xb6\xdc%v2\xd1F\x99.\xa5\x14fp\
\xc5\xbf\xf8.Y5\xf3_\xbe\x81|\xeb\x0a\x1b\xbf+\
\xd1\xe8\x9c\xdd\x81\x08\xfa\xe5X^\xa8\xc3\xb6s\xbcp\
\x89o;\xc5c\xe7\xebb\xdd?\xf3\xe5\x0ez\x81n\
\xa6i\xa5\x08#\xa5\x15\xc8\xc1\xc1\x02\x958f\xdan\
K\xaf\x1c\x1c\xa4\xea\xe5p\xb5\xa95\xce\xaat[Q\
\xf7dSz;\x82U\xad\xc1\xae6\x05X$\x88\xc6\
\xb2\xd8T\x84\xd8S\xa4\x83@z\x07P\xda\x8b\xc7d\
\x1b\xf1\xdc\x08\xe1\xf9l\xb2\xa1\xd4|\xa47\x01\x07\xb5\
P\x81c\x80q<So\xdd\xaeLR\xbb\xb9*\x03\
\xba\xda\x5c\x14*q\xdcn#Ova,/\x89\xa4\
\x97\xb8\xe9\x96\x83\x8a[C\xc3h \xccBt\xe3\xb6\
\xf2ah\x98\x184d\x0aeGN\xc3\xa9\xae\x8dZ\
\xfb*|0\x05;\xb0H\x07f^\x9d\xfd\x03\xf4\x0a\
\xcdIn\xdf\xbe&\xe5\xc5|\x07,l\x1a\xdc\xba\x85\
$\x18\xa0~\xec8\x9c\xe5%\xf1t|\xc3\xc0vn\
\xe2Y\xe9\xd2L\x8d\x00\x9eC\xf1\xf0\x19\xe6\xd0Ps\
\xd5\xffP;G+\xce\xb0Xq\xe0q\x82\xb2\x10\x88\
\x9d\x99\xc8\x81\x883\x9c_:\x8bO\x1e[\x85#\xaf\
\x9e\x0d<\xfb\xf8\xdc7?'\xca\xc5\x86\xc1\x92_m\
\x90i(\xf8\xac\x00\xec\xb6\xfbx\xe1\xf5\x0d\x9c\xf0\x17\
\xb0\xc2\xf7\x1f\x90\x07\xc1\xb0\xc7\x84\xc5\xda\x8f\x14\x88\xb6\
v\x05#*\xc00\x12\x94hhyN\xd14\xb4\x1c\
iF\x92\xbf\x7f\x19\xfe\x9fy\x9fxS\x88\x02M\xc0\
*\xcf\x0d\xe5\xc9)\xcd\xc3y\xe6\x80b\x9e\xee/\xf6\
Y\x96\xfc\x9aWfk*u?\x03B+{\xeb#\
&`\x81\xf1\x8cv(o3;\x87\x1c\xd6\x1e\xf9n\
\xb6\xc93\x97\x1f\xe2^\x97\xa8\xb8`\xc5\x80c\x0e9\
\xe3@i5%\x86M-[\x0d\x14\xbd2\xd8\xb6\x07\
\xcf\xad\x0a#,\xd4\x0d+\xfa\x94\xfd\x93N\xaf\x0ah\
\x1aD@74\xd1\xf2\x0d8\xf2;%-\xc5\xdew\
\xac\xb1O\x8d\x14!;\xf1\xe4*\xa7^\xb6\xfc\xac\xe2\
\x13&\xffHY\x85\x88\xbc*\xddey\xb1\x10z\x8a\
U\xa5X\xb5\xc4\x0a\x16\xab\x8dJC\x09\xc8(\x88\xf6\
H\x93x\x94\x87\x96\xd5X<\x96\x04&IL\x5cQ\
+\xaa\xb30\xcb~\xe9\x0d\x18\x9d\xb6d\x0a\x5c^\x83\
iJmD\xc1P\x93zx)!.h\xd6J\xec\
\x83*?*,*\xea\xff\xd5u)\xbd\x04\x85\xb0\x9b\
t\x9b\xa9\xfd_\x10\xa2\xb8\xdae\x19\xac\x88i0 \
'\xcb\xd12\x90\xf6\x03$\xdd\x1ep\xcc@\xce\x92e\
\xad\xd0\xcb\xf0\x82S\xb2\xecj\x93\xb3Ac\x900c\
\x90f\xd2\x13a!\xcc\xb1l\x1b\xa8\x98L\xcd\x12\xe6\
S)Jr\x09\x88u\xd0#\xa3\x00\x8b \x19\x16\xc9\
O\xc4R2\x98\x0e\xef\xa1\xf0b\x800\x0a0\x8c\xa8\
\x8f\xc0{R\xe1\x82\xca\xef\xf3z\x15\x01\x8c<\x8b\x5c\
\x17S\x09\xf1L\xa0\x12\x03~\xd5\x83\xd9\xf2\x95\x00)\
\x1b\x84\xa4l\xd3\x16!\xf5s\x98\xab6\xb0\xcb\xf1\xa0\
\x0b\xa94}|,\x14:\xf9\xef\x99\xa3|\x8fu\x98\
\x0c'\xc7s\xa1\x9c\x22Sc`\x7f\xbb2\xb5\x7f1\
o\xf6[c\x8b\xb9Am\x19\x05\x91\xed\x97^8\xe0\
\x94\x137z\xb8y:\xdcE\x9a\x91\xd7,\xc5U3\
\xee@\x06\x07\x8bA\xd2[\xb7a\x99\xdb0\x97\x96`\
\xd4\x9a\x12\x1f\x83\x80\x1bs\xb9\xae\x87\xe7.\xbd\x86\xeb\
\x1bw\xb0\x5c[\xc5\x07\x1f\xfa \x1c;C\xb3\xaa^\
\xfa\xcbo2\x8f\xcd\xf8\xd5\x96\x16Z\x0f\x9f\xafb\xb1\
ia\xe7\xb9\x01vz\x19N-\x5c\xc0j\xfd\x04\xb6\
\xfb\xb7\xf0\xfc\x1b\x9fS\xac\xbc\x9cT_\x17\xf5\xc6\x9a\
v\x91i \x00oq\x01\xb9\xeb\x009\xe3\x7f\xe5>\
\x93\xf1F\xf6\xa1\xc2\x9c3\xf8Q\x22+c\xca\xcc\x85\
S\x81W_\x93U\xdai,h@N\xe9\xd2Y\xfd\
M\x18aO+\xfcj\x95\x1e\x8bUt)\x06\x83M\
\xd8n\x05-\xeb\xa4\x0c\x8cx\xd0\xd3MLb\xe6\xda\
\x10uw\x80A\x17y0T\x1cv\xb9\x96\x19=\xeb\
G\xefC\xa9\x12\x15\x8dP$R\x19\x0c`\xb0\x0f\x1e\
C\x07\xae\xd2\xb5:\xac\x05\xa6\x16\x81|\xa7\x0d;\x0e\
\xb1\x90y\xe2j\xafoo\xcaD\xf1W\x97P=\xb1\
\x02\xcb\xf5$\x84\x90\x863:\xd4UjEj\xd0U\
\xd2\x14O\x05\x19\xfc8G\x941ob\xe1y?\xc5\
\xd7\x98\xa6\xb3\x22\xc4\x96\x8d'\xdb\x06\xce\x0c\xd9\xabP\
\xa5s\xcf\xa4\x06>\x198\xda\xe3\xcb\xb1\x9bW\x81\x87\
?\x82\xa1\x01|\xf5\xd2\x17\x11\xb2)\xa9\xe1\x8a\xc4\xd8\
\xa7\xde\xfb\x1e\x9cn.\xe2\xf8r]\xb4\x08\xd8\xff\x91\
aH\xdc\x0b\xb0}\xad\x03\xbf\xe9\xa3E\x06_\xa6&\
\xbf\xd0\xab\x1b5\xd8\xae\x87\x7f\xff\x7f|\x11\xeb\xd7c\
\x5c\x7fs\x13\x9em\xe0C\x8bk8\xbft\x0aK\xcb\
\x8bH\x92\x18\xf1F\x0fw\xbep\x03\xbd\xf5\x0d\xc1/\
\x14;t\xf2Y*o`\xb2@i\xefv\x94p\xe1\
0\x97\xe2\xe8\xaet\xe1\xdc\xdb\xea\xf2\xc7\x80\xc4\x9e\xea\
\xbe}\xbe>\xd9\xdf\x5cY\xa8\xe9\x0e\xc3\xa3\x8fG\xdc\
\xf3y\xe3\xa4\xfd\x0cR\xb1\x15\xbc6EZ\xcaz\x03\
d\x88`7\x9a\x02r\x91\x0d\x16\x07\x03\xd8>\xe0\xd9\
6nom\xe0\xe5\xab\x97\xf0\xf8\xe9G\xf1\xce\xb39\
\xdc$E\xbd\xa2X\x80\x9d\xa1\x22\x14)RI\x8eF\
\xd5\xc0R\x83-\xbf\x18\xde\xe6\xa8\xbb\x0d\xd8\xb5UD\
\x09\xcbE\xf5*\xad\xc9B\xa6\xe9j\xf9-r\xef\xe9\
E\xdb0+U-I\xc5X_\xc5\xfb\xe4*(\xc0\
,\x12\xd7YU\xa0)\x80\xd0\xa4@\xa8\xe5\xc3\xaa.\
\x8d\x5cp\xa9\xfe\x1b\xec\xaa\x90B?kA\xa1\xb9*\
\xa6\x914\xd3\x10\xc5>\xe2\x1dI\x86\x94\x02\xa3R\xe6\
Kc\x91!\xe5\xe4\xd5\x80\xa7\xb45+\x0d\xc4Q\xab\
\xec\xc2=\xd43T\xb5\xc2R\xff\x16\xa9/\x16\x04\xd1\
\x00\xd8\xacJ\xd0r[~\x1dY\x18 c\xadA\x92\
\xc0M\x09\x9dR\x9b\xb0+\xd4\xea\x85\xb5S\xb0<_\
\x94{(\xb1V\x94bKo\x02\xc9\xab+\x01\x9eJ\
\x02<\x15\x18p\xc2\x14\xbb\xaa\xbe\x1a/W2\xac\xf3\
}\x19\x06B+\xc5\xb9\xae\x05#!\xdeA\x91\xd1\x1c\
\x8b)\xb0\x0aKB\x0e\xb2\x006,\x1b\x9f\xafS\xba\
;C\x90\x06\xe8G\x03Xv]\x8c\xee\xf9\xe5e<\
y\xf2,RS\xb7*\xd3T\xdd$\x8c\xd1]\xef\xc9\
\x00]Jj\xaa\x10\x8c8\x86e*\x86e\xa5\x82o\
<\xfb\x06.\x7f\xb3\x87\xe6J]\x0c\xf1\xf1\xdc\xc6\xd3\
V\x15\xa1\xe5\x8b\xc7\x840\x83\xd3\x8e`\x0eH\x7f\x16\
\xbfN'P\xa77M&\x1b\x89\xd5\xecmo?\xde\
T\x13\x94Y[\xd1\x1b\xe3\xe0Y\xb3\xa7\x11\x9e\xfa\xef\
!sM\x82\xb1q\xd2@\xf3\xe7\x0a\xf8sb\x0aN\
[\x85=3\x5c\xff5\xce(\x1c}\x9b<f\xa1\xcc\
\xa2\xc87\xb3\x8f\xa8\x069`o\xdfRN\xee\xe9\xe3\
\xca%\x7f\xfaC\xb0\x1f|\x1c\xd6\x9b/ {\xe3\xeb\
p\xbd*\x1a\xcc#{\x15\x0c(\xe9efX\xaa\x99\
\xd2\xca\x8a\xc23\xa2\x8d/\x95\x84\x16n\xae\xe7\xe8t\
2\x04\x11e\xbe\xd8d2\x93\x14\x1c\xad?cLN\
\xd8\x8a{\x5c\xe2k\xab\xd5T\xd5p\xf2\xfc- \xec\
#\x0f\xba\x0a\x84dx\xe2\xd4\x909\xbe\x12\xde\x90\xae\
4.\xd2F\x13F\x16\xc3\x09\xbaB,\x09\x87\xebJ\
]\x97b;\x0eY\x81\xaay\x059\xf9\xb9\xdf\xd4\xca\
?\xf4t|X\xcbK\xc8{m\x98\x9d;r\xfff\
\xaf\x03\x93,\xc1\x9c\xf9o\xb6\xf6\xe2\xa0\xd4<\x02y\
\xb1\x0a\x98\x18\xb9\xf3y\x8a~\x7fW\xc2\x12\x9b\x86G\
j\x84\xc8\x0d0\x91Y\xa9\x0a\x13\xba\x03\x80iEf\
S\x18V\x88V\xa1\xe6\xcf\xf3y',\xb8\xba#\x86\
m+Q\x03\xb3\xb5\xb8\x22\xd7\xe9\xa4\x945\xce\x90\x06\
\xa1\xd0\x86\xe9\x96SW\xf1\x8cW\xc1q\xc3\x95\x16\x7f\
7\xfc\x0c=\x0b\xf8l5\x83\xed\xb1\x8e@\xa9\x1a\xf7\
-\xc0&\x05\xda\x01*\xb9\x81\x97j\x09n;*,\
Is\x13'\x03\x03O\xb6\xd5\xeaJc\xc5D\xeb'\
\x0d_\x80\xc0\xef9\xff1\xc4y\x8a\x7f\xb9\xf1*\xae\
\xc5\x03\xdc\xecg\x88o\x878\xb7\x08\x9cn\xd1c+\
H\x8f\xec\xaad\x22\x1a\xa6\xb8\xf5\xca\x8e\x84I\xc7\x1e\
;\x06C\xd4\x8cS1\xce\x95J\x15\xf5f\x22\x0bG\
\xbf\x17 }\xc2\x87\xfd\x813H=\xde{\x8a\xed\x9d\
\x10/~e\x07\xd7\xb3\xae\xd6\x17,\x83\xaa\xe5q|\
\x94Eo2\xad\x5c\xfe\xb7jX2\xcf\x9c\x9ak\xe5\
\x9e\xd8E\xe0\xaa\xc9]K1\xb6\xa6\xda\x8e\xe9\xbb\xfb\
\xbb\xf9\xf7\xa7O\xd94\x08r\xc8&\x97\xa3\xd4c\x9c\
nOj\xf9\x09\xcc\xa6\x8e\x09\xe3\x91\xb7\xc3\xae.H\
\x1e;{\xedkB\x0e)\xa0qV\xf9en\x86\xaa\
\xef J\x0c\x84\xb1\x92\x87\x8e\x92\x1cqJ\xfd>\x16\
\xa2\x99\xa2\x09/\xeb\xb6I-\xfb\x86\xb8\xfc)Wz\
\xa3\x09\xaf\xb2(\x93\xdei\xb4\x94\x07\xa0y\x00\xc9\xd6\
u\xe4\xc3\xaer\xe5E\x93\x8fi._W\x01\xe6H\
\x19w\xb3qe2\x84\x11u\x05(L8Y8O\
\x93\x16L\xe9\x9e\xa3\xe0?\xab\xc2\x19!,ze_\
r_Vs\xa4!R\xb69\xe7\xea\xdem\xc3\xe6\xff\
\x0c\xc6\xac\x0e\x06\xf9\xae\xd2\xcf\x97G\xa9\x95\x814\xf5\
\xb7x\x8f\xa4\x07\x13\xf9\xf5x\xfcB\x0e\x9c\x83\x9f\xab\
6g\x09\xcbr\x19\xf7s\xe0\x8a<\xb8\xe6y\xf0|\
\x0eU~3\x98\x1d\x9e\xc7BO\xbc\x08\x13\x0b\x0b+\
\x8a/!\x88\xbe\x01\xa3\xbd\x83\x8ci@fP\xd8\xf5\
\xa7b\xe0m\xb6\x87Kn\x86\xeb~\x8e\xd84\xf0\xbc\
\xaf3H\xe2-%p\xf9\xbd$C&n\x02\xf0b\
\x15\xc8*\x0a\xd7\x0f\x8c\x0c\xef\xda\x01\xbec\x87\x98\x81\
\xc2\xf9\xbd\xd4\xc0;(\x06\xcap\xa9\xf9 l\xc7\xc1\
/\xec\xde\xc0\x95\xa4\x87A\x08\xdc\xc93\x1co\x90\xcf\
\xaf\xc6\x95\x84n\xd4[\xa0,Y\x1a`H%4\xd7\
\xc4\xb1\xa7O\xc3\xf0\x14\xe7\x80*D4\x8e\xd2\xab\x90\
\xf2\xefl\x11\xbe\xe2\xa1\xf1T\x1df'\x85Sq\x91\
\x18\x0e\xee\x5c2\xd0\xf3\x95|:L\xd6\x04\x1c,\x13\
\xa6\xdeAa\x84\xf3C\x08<G\xcf\x06(\x03Sp\
\x12\x0e\x9f\x8ce\x7fb\xc4\x03(]n\xc9\x22\x15\xd4\
\xd7\xc9\xd4Q930\xfb\xba\xf6\xcf\x1c\xdc]\xbad\
\xe6]h\x91\xcb\x14F\xf7U\xe4|\x0fw\x1e\x90\x01\
l\x0c\xbb\xa0\xff\x9fooI\xdc<N\xee\xaa\xe6\x13\
\x09\x0bi(\xa2\x99gxs[e\x09\xce\xadZ2\
X\x86\xd2\xe6Ou\xa11-\x07\xdb\xdd\xabX\xbfu\
\x05A:D}\xf1\x04l\xdbG\x9aG\x02\xe2%\xdd\
]U\x0c\xc2\x1c\x13Qu\xbf\x098\x15\xcdH\xa5\xdb\
\xecI\xba\xcaHb\x98\xf1\x10F^\xd3\xc5G\x06\xf2\
\xd6r\xa9=\xb5V\xfa\x1dU@\xe50\x06\x91\x80}\
\x85n}&\x92X\xac\x0ctP=\xfb\xa0\xb8\xe9Q\
\xb5\x22\xeaEf\xbf'\xec9\xcf]\x10\xbd\xbd(\xd9\
E\x92IgA\xb9wI8j\x82\x11\xaf\x935\xef\
\x83\xe1P\xc2\x8a\xc1\xb0/\xf7\xd2t5\x13Q\x9at\
\xd8\x88)\x1f\x96\x04p<J\x8eSW \x80\xb5\xbb\
\x85|\xd8G*\xdd\x92M\xb86\x03\x11v1\xce\x10\
\x13Gi\xd4\xa4h)\xaf\xe9\x96;\xfd>\xaca\x17\
\x1b\xb6\x8bo\xe6)v\xf9*D[\x95\xe4\xa0\x82\x1d\
\xa7\xe9\xde\x9e-^\xcf\xc5.\xd0\xa2\xf8'\xc9C#\
\xd6(@\xed\xd5/,*\xf2\x10\xbd\x9cFb\xe0\xb1\
\x81\xf2\x1e\x88\xdc\xb3\x96\x92;\x13\xe8\xe4\xca\xec\xd9J\
_!\xb3L\xf4\xbb\x09\xee\x5c\xea#\x08r\x1c\xbb\xb8\
\x0a>\x9a\xee\x8d\xce\x88\xccDp\xb0}c\x17.S\
\x86a,S\xe9\x1dp\xd1@\x8eS\xb9'\xb2\xe7\xd1\
\xd6\x00\xc6\xd5\x00\x9b7\xb7\xf0\xa5\xf0\x9b\x08\x84\xe9I\
pV\xcb\xcd\x1d\xb2\x15\xe3~\x9e\xd4\xdedi\xbc\xf6\
\xc6\x0f\xfd^y\xbfC\xaee\x94\x14\x97|\xcc\x1e\xfa\
\xcf\xcc\x15_\x85\x8aeKU\x0e\x05f\x9d\xf1\xe0\xf4\
\xe1QE\x15\xf7=~\x12#\xb9\xf3U\x85\xc6\xbe\xf9\
0\xf2Z\x1f\xd9p[PqswS\x06sq\x05\
L\xe7\xf9\xae\x0f\xcfN\xe00\xc5\x94dx\xf5VG\
\x96\xd8?\xfa\xf8\x12\xea\x95\x1c\xcf\xbe\x94I\xe997\
\xdb6\xb1\xd1\xb9\x8c\xe7^\xfd4ZKgPo\x1e\
\x174Y\xda\x89\x91f\xba;\x94\x1au\xcf\xa7\x0b\xce\
e\x95\x95m\xdae\x13\xb7S\x09k\xd0:YA[\
\xaa\xf2\xc4\xdd\xb7}\x18K\x0d5\xd9t\xbf\x01\xc9\x0a\
\xc8\xff9\xc9\xd9\xe3\xa0\x0fs\x97\xe1\x0a\xd7\xe5\x14\xa8\
;0\xaa\x1e\xecF\x03\x8bKOi*#\xb3\x071\
\x827n\x8b\xfb\xba\xd4<\x0e\xd7\xaa\xc3\x182F/\
\xfa\xda\xab\xcaB\xf2\xf8\xe5\x04\x14@\xcd\x13\x04R\xf2\
\x9c\xa17\xe8\xc1b\xba\xb3\xa9\x9e\xa9\x229\x99\x88\xc2\
\x1e\x06\xfdm\xb4\x96N\xc2\xaf\xb4$\xfd\x95\xdc\xba\xa1\
\xc8E\xe2\xf5\x99\xc2\x18\x147?NTk\xf6\x9a\x8b\
\x84L\xc8\xe62\xf2f\x13\xc6\xed\xab0\xb7\x12\xac\x9b\
\x066\x12r\x01X\xb7!\xd5\x0f\x9aN\xa5_2\xe7\
n\xc5\x81\xe9\xd9xb\x93\xf1\xbf\x81\x9ai\xa2I\xcf\
\x88\xa4 \xc3\xc0\xd7*\x19\xfe\xcd\xb1LX\x85\x03\xe4\
8\x19fxr\xe8(\x96\xa0\xe0\x0c&\xda\xc9\x00\xbb\
\xe9P\xf0\x06\xa1\x88\x93\xf0d\x9a\xe8\xee\x86RDU\
]\xf6q\xee\x83'\xd0\xb9\xd3\xc7\xf6\x95\x1d\xf8\x0e[\
\xa7\x0b\xf7\x1b\xc3\x9b\x1b\x92Ab\xfa\x8f!\xc3\xbb\xac\
\x0a\xde\xe6\xbb\x88\xc9\x8a\xac\xfaHn\xdfF\xfe\xcc\x06\
\xael\xbc\x86\xffx\xf9\x17\xd1\xa8\xd6\xe4~\xc4\xa2I\
\xe3\x93\xf9\xb7\xd9\x93yJ\x14\xb74\xfe\x8f\xb6`N\
\x87\x13\x07\x1b$m\x00\x8c}\xa4\x85\xcb\xb2\x87c}\
\xf9\x89t\xdcL\xd7\xfd0\x0b7#e\xb1G\x1a|\
\xd6\xf1'O\xa5\xd6O\x12y\xb8z\xaa\xce\xba\x86\x95\
\x88,\x97A1M\xa1\x1a\xab\xf4\x09\x11\xdb\xce\xa0\x8d\
\xe7\xaf\xbe\x88\xe3\xad*\x9e<u\x01\x83\x90:r\xaa\
~\xe0\xf5[\x01j\x15\x13q\xcat\x97\xaa\xc3\xa7g\
\xe0x\x15\xd4\x17O\xc2\xab4\x15\xe2\xcb\xea=\x8fZ\
\xb8\x8ac.)Hm\xd9\x19r\x08\xed6/:\x14\
):.\x91t\x8b+\x12e\xbb\xdaD\x8f\x99\xc6c\
\x92\xae`\xda\xb3\x94U\xda\x7f*-}\xae\xea\xbd\x08\
.\x17q\xcdZ\xb3l\x1fv\xc7c;\x02$-C\
\x08,\xb2\x1a\xd2\xbd\xd4\xaa\xca\xa2\xfb\xafe\xab\xac\x91\
>b\x8a0\x0d\xd1M\xdb\x08\x92@\xd3~3\xdd\x0d\
Y\xbdWa\xe5I\x0fB6\xec\x0cU{l^\xb3\
\xe5\x08\xf6\x11\x06}\x19\xec\xf2\x87$\x1c\x83\xadH\x95\
\xc8\x08\xfb\x8bd\xcd\x1aRN$>w\xe1,\x0c\x91\
wU\xaa0w((b\xc3\xa0S\x10DH\xbaC\
]h\xa5\xa22^\xa7h\x9b\xeeFH\xcc\x08\xaf$\
96l\x03\xf5\xdcFM\xe8T\x06\x5c3\xc75\xba\
\xe8=\x05\x90R\x81\x99\xbc\xfc\xe7\x9b\x06j\x09pf\
@4;\xc7w\xd7O\xe2\x82\xbf\x80E\x86#ro\
J\xe9W\xc8_\x22\xae\x9a\xe3\xcekm\x04\xddP\xa5\
A\x8d\x5cT\x82\x19\xf2|\xf3\x95]\xa4aF\xdd\x15\
yW\x11=Eb\xcc\x22\x13\x90\xaa\x8e\xc2\x22q\xe6\
\x8aN\xa4o\xf3\x1c\x8aW0\x1f\xa6\xb5\xff$\xde\xdb\
\xe2kr\x12\x1fEQ\xe8\xa8\xc4!{\xaf\xdb?y\
\xc0\xe9\x95|o\x8c1\x1b\xbc8\xea6\x99V<:\
\xa3J\xad\xba922\xe4X\xe0S\xd4\xc5S\x1c\x84\
9g\xd3\xc6fg\x03\x97n\xff\x02\x1e:v\x16\xdf\
\xf5\xf0\xa3\xe8\xf4\x95\x84v\x9a\x1bx\xf6\x95\x81X\xf2\
\x07\xd6\x16P\xa7X,=\x073\x87\xe5\xb5\xd0Z=\
'1.\xe5\xa4\xa15\xf9\x14\xa3LY*iB\xc2\
\x95<b\xa6 A\xc6&\x1e\x03Jejn<\x09\
5\xf4e\xc3\x1e\xf2\x9d[\xb0m\x03\xce\xee\xa2\xe4\xb6\
)\xee\x11\xe7\x86\x94\xe0\xa6\xd4\xb4\x17\x8a\xb0\xaa\xcac\
\x0aO\x94t\xd3\x04\x0b\xf5c\xa8\x856\xb2\xba\x03,\
\xd6dP\xaa\xa6\x1f*\x1cQ\x80(u\x034\x90+\
\xf5\xfd\xd4\xe3w0\x08\xba\xd8\x8e\x86\xca\x1b\xd2\x031\
\x08\x94\xc2q\x01\xa4\xaa\x9c1'\xc0@\xa4\xc8\x93\x94\
\x8dH-\x11,\xe9'\xeb\xa85\x16\xd1l)\xc0\xcc\
\xa9\xd7\x84\x1a\x9cn\xb5aX\x19\x8cc+\xf2{\x91\
\xfb\xa6\x01 m8\xe8\xc1\xf4]\xe4\xd5U\xadI`\
!\xdd\xdc\x01\xde\xbc\x03\xc3\xd3\xdeHF\x99m\xea\xf3\
\x19\xe2\xc9p\xc6='\x1f)OE\xc20iMN\
\x09\xb1\x1c\xc9 \x81\xe3\xb3\x1b\xf1*\xd6\xed\x0c?{\
\x22C+1\xf0\xe7\xdf\x04\x16\xa2\x04\x7f\xfd\xd8;\xa5\
\xc0\xeb'Q\xc3\x8b\xac%\xb0\xd9\x09\xd9B\x90\xb3\xba\
\x00\x08\xbb\x09.\x7fe[2<4\x22F\x0e4\x1c\
\x07\xfd\xc4\xc0\xa7\x7f\xf5\x0avv\x22\xd4j>\x98\xc9\
\x95go\xa9\xd0\x89\x99%\x1a\xbf\x8a\xe1I%)\x0d\
\xb5<\xfd\x03;\x03\xcf7\xf9\xa7%\xef\x0e\xdb&\x8a\
\xb9&\xbc\x83\x22\x048\x9a\x11\xa0\x06Di\xb5\x9fu\
\xc2\xf1\xe9\xa6\x18\xd3\xa5=\xf6\x9ePO\xe7\x03N}\
\xc0E\x96\xa4\xaa\x0e\xde\x8a\x14\xa6\xfa\xc9\xeem\xc8\xc4\
L\x9c:2\xcb\x85e{0\x1a+b\x0c(eE\
W\xb8\xe2\xbbb\xf6^\xd9\xbc\x89 \xe4J\xaf\x1ak\
:\x0e\x99p\xd4\x8fc\x19l\x8av\xb0\x83\xadA\x0f\
\xfd\xa8\xab8\xee\xa3\x87\xaa\xd3{\xbaJP\xe7)\xd4\
\xc4g*\xc9\xf0d\xf0dl\xd9\x95\x92\xb4\x13\xc1\xb0\
}\x986\x8b\x94T\xc1\x12\x0d\x8bC\xdc@Fy \
@Z\xad\xae\x9ai\xb2\x1cQz\x13\xe8\xe7-\xf8\x00\
Wy\xcbE?\xee\xc1\x88<\xd8D\xa0\xa4\xd57'\
\x07\xa5\xb3T\xe1\x93Z\xd5\xc6d\x1d\x93MB]\x17\
\x8e\x08\x9b(*\xb0\x14\x09\x8dt \x95\x0eA\xf1\xf6\
%\xab-\xb5\x09\x0a\xf4\x93\xec\x05\xb1\x09\xae\xe0\x96'\
r\xe6\xc2\x03\x18\x84\x22/\xc64\xa5\x14c\x0d\x02Y\
\x91\xc3AW\xd2r\x85Z\xf3H[\x9f\xe7\xa7A\xeb\
\x07\xba\x94W>U}\x1dt+\xf2\xccW\xb5\x88\xaa\
\xfc\x16\xf0\xa4\xa3o\xa6\xe4\xc8\xf83\x0c,\xc4\xecG\
`\xa0\xc2\x1e\x0bV\x8e;\xbe\x1a%\xd7<\x03m\xcb\
\xc4b\x14\xc0NR,\x86C\x9c\xcd,\x84=\x13\xd7\
I\xde$\xc4b\xd1\xdb3P\xa3\x1a0'0\x09>\
Y\x8e\xe7\xber\x0d\xfd\x98%\xcf\x16\xea5\xe2\x1d\xca\
\xf3\x93\xbe\x91\xb6\x818\x8c\x91\xb6#\xac\xb7;\xb8\xb9\
y\x0d\x97\x07\xdbr\x8d\xa5>W\xa5%r\xbch*\
\xae\xcd\x01\x93\xbb\x98\xa8GX\xebf\xed\x7f0=\xe8\
`\xe0\x90\x9f\xdb\xc2h\xd3\x5c\xf4\xfd\xaeF\xb9l\xa5\
\x1b\xd6\xb4\x81B]wt\xdb%gAY\xa1i\xa3\
R>~6\xdb\xf5\x9f\xc5_\x1c\x1d\x7f\xfa\x86\xb4\x5c\
\x99\xe61\x98\xd7\x9e\x110\xcay\xf0\xe3H\xed\x06\x8c\
j\x13\xee\x99'\x90v\xd6\x91\xdf\xbc\xac\xb4\x03,\x1f\
\x1b;\xdb\xf8\xb1\x9f\xff\xb7Xl,\xe3{\xdf\xf5)\
\xd1\xd8\x93<{\x9e\xe3N7\x10\x0d\xfc\xaf^\xfe\x22\
^\xb9\xf5\x0d\xb4\x16\x8fK?<Arg\xdcK\x91\
B\xe5 v[\xcb0\x5c\xe6\x8b\xe92Z\xf0;;\
\xf0v7a7\xd6\x907V`\x9b.*\x95%e\
\xe0(\xe5E\xf1\xce\x9d\xd7a\xe5)*L\x0f\x1a6\
\xec\xa5\x16\xccjEs\x00\x94\x17\xe3\xd8\x0e:\xeb\x1b\
\xb8\xf4\xf2K\xa8\xf7kX\x8b\xfb\xe2)\x08<(i\
:C\xc0.\xc9\xfb\xb2\x9eY\xecQ\x82|\xb5\x85l\
q\x11\xde\xb6#\xed\xb1\xa9\x8c\xd3\xed+\xea\xab\xf2:\
\x0b\xdd\x07\x1d\xd6\x99&\x82p j\xba\xf5\xc6\x02\x1c\
\x9b\x9a\xfc-X\x8d\x16\xcca\x80\x902\xe1R\x9fP\
\x00Z\x8aSo\x0d3Xf\x82\x8d\xaf\x7f\x0dqo\
\x17\xb6\xa9B\xb2J\xa5.Z\xfd\xe25f\x19\x1c\xb7\
\x22\x99\x13U7\xac\xc8I\xd41\x10\x03\xb6XEn\
+\xf6$\xef\xe9\xf80\xc3Z\x90\x09\xc1\x8a\xde\xd3\xf1\
\xc8\xc4\xfb\xd3\x8ax\x03\xcef\x86k\x1e\xf0\x93k\xb1\
tV\xfeO\xa7\xa5K\x02\xfe\xe4\x15\xe0\xc1\xd4\xc6\xef\
\xdam\xc32z\xf8\xb9\xc8\xc3/mTQ'\x1e\x99\
\xc6\xb8p\xcc\xc5G\xdf\xd6@/d]\x83\x81N7\
\xc4\x8f\xfc\x83\x9fF\x92\xdb\xb8p\xe28\x5c\xae\x0c\xd2\
3\x91\xa5!\x06L\xd7\x82\xb1\x1b\xc0\xba\xdc\xc6\xaf\x7f\
\xed9\xfc\x8d\x9f\xfaq\xac-4E\xf6\x5c\x88SS\
\xe9\xb9\xe9\x09w\xe8\x22V\x8c\xddy\xb7y\xf77&\
\xc1\xbe\x99\xdd\xb7\xf4qF!\xc0\xb8dYM\xf6\xf2\
\x17T\x9d\xf7\xe4VL:\xf9\xb7q\x90\xd70\x8eo\
f\xe7K\xe7\xdf\x0eFBU\x17_\xa9\xea\xd3\xcc9\
\xe1\xa8\xb3\xbb\x8ePh\xb5\xfc\x86\x91JX\xed\x1aL\
\xb1\x19\xe8\x0cz\xd2^\x9b1\x1dW\xbdv\xbc\xab\xb0\
;#\x85+\x1dj\xcb\xe0LQ6Z\xb4\x94Q\xe7\
\x95\xd5]+\x08I\xbc\xce\xca@a\x89Z\x00k\xd7\
\xa94,\xe5\xb8\x11\xe2\xb0\xad-\xa8\x8a\x91\x85\x8a\xab\
f\xa1\xc4\xab\xa4\xba2\x0f\xcf\x87^(6\x93\x9bN\
D\xbbR\xaf\xc2\xf5<\xd8\xc2l#\x18\x99\xaa\xb2a\
\xf2\x04h\x00\xa5\xe7\x1d\xb1\x09\xc5\xbcc\x0a\x8e:!\
\xaa\x80GwCfj\x91m\xbb\xa5\xac\x97\xe5\xd3*\
n'0(\x04&\xa9\xea#\x07\xc0\x85Qm\xc9\xb5\
\xcb\x22\xce\x1c\xabtic:P\x11\xb0\xa2$\x12\x8f\
\xc0\xecw\x05\x7f`E$\xb1\x16\xdbS^\x90\xeb2\
uIW[\xa7\xe2\xd8VL\xc47\x999\x1b\xcf\x1e\
\xd18\x14\xc3R\xe8\xcfSV,G\x97\x95\x85b\x00\
\x80-\xdb\xc0\x15\x87\x5c\x85\x1cnf\xe1\xa6\xa7Jt\
y\xcf4\x12LO\xder\xd8\xeb\x91\x9d\x8fL8\x99\
\x85\x9a\xc9\xea\xc3\x04\xb5\xccD\x90\x9b\xa8\xa7\x06\xba1\
\xa5\xd92\x0c\xfa=\x0c\x061\xaa\xd5\x86t\x16\x96\x9c\
~f\x8a\x8b\xafJ\xb9\x8bJA\x03\x86\xc3PJ\xf5\
B$\xd5\xa1(B\x9c\x98\xfc{45\xefKn\xfc\
\xde\xb6\xa2)\xef\x01\xd7R\xe4\xc8F\xdbXE\xa7\xf4\
\xbb\x99s\xae\xb4O~\xd0d\x1d\xa7'\xee\xc7v \
\x98\xa2\x5c\x8f\x1188\xe2;\x16>\xaf\xb0\xfd\x0az\
*\xe5\xbe\x06\xf8\x95\xaf\xff4<\xcb\xc3'\x9e\xfe\x01\
4\xfd\x16~\xe3\x95\xcf\xe3v\xe7\x86L\x94j\xb5\xa5\
:\xcd\x14\xa4jI9E\x88;\x1a@#\xe9\xc8q\
\xe0\x9f=F\x8a\xd0\xa8\x06^j\xf3ix\xaa\x15D\
\x95*X\xa0kI\xeb\xf2.\x86\xed\xd7G\xfa\x7f\x5c\
\xff|Ou\x07&jm\x91\x87\xcek\x0bTcn\
\xc6\x9f\x9c`1b\xa14\x9f=\xff\x90\xaa`\x94\xee\
\xb5\x11vo\xdf\x91F\xa6Mv\x0c\xa2\xdaQo\x13\
\xb9\xb9\x03\x8b\xc5-VE\xf2\xed2\xd9\xb4\xa6\xbd\xed\
xh:U\x0c\x83>\xae\x85\xd7\x05\x1f\xf0+\x151\
&\xdb\xfd\x9d\x89\x10\xc0h-\xc2\x5c:\x06\xc4\x0cQ\
T?E\x01\xd58\x11jM\xc4\xd1\x10\xeb\x97\xdf\x14\
\x8amv\xebMY\xe1\x13\xa6\x02\xb3\x0c\xcd\xda2\xfc\
\xda\xa2\xc8MI'\x1f\xc6\xf8Z\x9b\x80\xa2\xe0\x86c\
\xc3Z\xaa\x8e\x5cF\xd5\x82]\xcb\x86\xe9U\xeb\x8e\x03\
l0J\xd0\x8c\xc9\x1b.\xc9A\xac\x0aP\xf7\xa3d\
D\xc8\x12\xa4\x11e\xea.\xc1/.\xe6\x82\xf5\xf0\x7f\
\xf4\x1a~_\x1b\xf8\xe8.\x1b\xaf\x02n\x0e\xbc\x96;\
\xf8m\x8a\xb2\x0ev\xf0[_\xff\x92\xe0+1\xe5\xc6\
\x8b\xfe\x93F\x8e\xa5fK4%\xa8]\xc0\x8eL\xd2\
}\xc91\x91\xea\x14\xa9\x18\x9c)\xcc\xee\xa0\x86\xa1\xdf\
NCp\xd8\xb9u\x16`\xfe/\x1ce\xdb#\x07~\
\xbf\xf2\xff\x07\x1dSr\xdd\xa5\xac\x05\xad\xbaP\xe9\x89\
t+\xa6,\xcbh\x8b\xf8\x9a\x03\x90\xca?a\x16 \
H\x86\xf0R\xb2\xe3\xd4\x8bV\xb4\x01U\xa8ch\xa0\
\x8d\xf6R\xbc\x0bU?\xac\x8b\x02U\xab\xaaq)\xe0\
X^\xa6\x10\x1f\xe1\xe0'\xfe@\x060\xc7\x93r\x80\
\xc7\xfasEZ\x8c\x83\x90\xd4^\xb97M\x1d\xa50\
%\xfb\xe6\xc5l\x0b@\xd6\x9f\xdc\x90\xb4\xf0\x11\x97\x99\
+r\x910a\x8d\x02\xcb\x87e\xd5\x92\x82\x1d\xae\xe6\
J\x09\x98\xab\xbdP\x82\x85\xdcU\x00\xba\xe3\x10Mu\
\x07\xe2*\xae\x12RE\x00G\xc8K0\x88B\x9a\x8d\
\xa0')\xb4\xa4\x0a\xcb\xc4\x95\xde\xd9@\xaa\x80V\xfe\
\xbe\xeaX\xa8\xb1\xa1G\xa2$\xf6\x09\xba\xb1\xeb\x0fY\
{1\x19\x82%-\x9d\x22\xccQ\x95\xd1E\xe7f\xfd\
\x00uJ\xb5\xf0He\xd2[&\x12\xcb\x93\xccJ\x95\
\xae<\x8b\x85\xa4\xb2\x90\xe1\x1d\xdf\x10;\x0e3$\x02\
\x06600\xc9QP\x0eo\x92[\x08br H\
v\xe2\xb3+\xfa\xc9\x16\xc0\xa9\x16\x95\x19\xa3\xa2\xea\xda\
\xc8P\x94\xeb)\xc2d\x8d\xfc\x1c\x98\xa6\x1e\x8f\xd1\x83\
\xb6\xfb1'\xca\xe7\xd8\xcfK\xde\xb71\xc8X\x97\xe0\
\xdb\xeb\xb2\xdc\xad\x81(\x7fO\x89R\xaaa%\xfcy\
\xd2p\x99\xfe\xe9\xed\x92\x89\x0e\x93\x02\x8e\xa6V\x8f\xd1\
|}ig\x0d\x03\x9f\xf9\xf2\xbf\x137\xd2\xaa\xd4\x05\
'(b\xfe4\x0c\x90\x04\x81\xa2\xe9\xb2\xdbl\xad\x09\
w\xf9\xb8r\xb5\xb5)\xe1\xea\xa0VIEr\xd1\xb6\
E\x13\x8fX\xcd\x96#\xa2\xc6=r\xd4\xc8u\xa5\x8b\
Z\x18\x00\xa5J\x86,L0\x8c\xda\x1a@Su\xe6\
\xfd(\xc0\xc7\x9f\xb8\x88\xef\xb9\xf0 ~\xf3\xf2u\xfc\
\xfa\xcd\xdb\xf0mG\xda\x80\x91d\xb4p\xfa\xa2\xac\xb2\
i{\x07f\x1ec\xa7\xbf-\xa2A\xcb\xb5\x16<\xcb\
A\xde\xee\xc0\xe8t\x80f\x0d\xc6\x85\x07a\x901\xb9\
\xb9%\xee\xbc\xa4Fy}\xacU(\xaeW\x9a\xad*\
\x10\xacH\x0f&\x83\x0e\x92\xfe\x0e|\xbb\x8e\x9aW\xc1\
0\x0a\xb0u\xedEU~-iQ\x1b\x0b\xab'\xc4\
x\x1d_;&F\xee\x0f}\xf8\x22\xbe\xe3\xd1e\xfc\
\xdb_~\x09?\xfb\xb9\xd7\xf1\x87>\xf2\x08~\xf8\xa3\
\x8f\xe27\xbfq\x03\xff\xf8\xa7\xbf\x84Zn\x22\xb9\xbd\
\xabY\x80:\xfc)y\x8b\xf4H\x9c\x85*LQ\xdd\
\x19A\xdb\xaa>\x9f\x9eY\xad\x89\x85 \xc5w\xee\x0e\
\x84\xcb\xf0\xa5E\x0b1,\xfc\xbe\x8d\x04'B\xa5\x13\
\xe9\xe5&\xbeX\x8d\xf1\xcf\xd7r\xd4D\xea\x8d-\xca\
z\xb8\xfc\xc2-\xd1OX\xa8\x10sQ\xd5\x86B\xe7\
.`=]\xc3\xc0\xd0\xca\xceM\x98\xdd\x18\xb8\xd5\x87\
\x15)c\xab\xa2\xe6\xf8\x9e\xb3^o\xd5\xb6\x7f\xc7\xe2\
\xd9\xf3K\x95g\xff\xff\xe16\xd1\xe1\xa7`Y\xe9!\
$\xd2\xcf\x12k\xeaU\x8f\xb2SB\xb8\x91\xa5P\xd2\
8Z\xff\x5c\x87\x9c)\xba\xc16\xe2,@\xd3;\x0b\
\xd3`\x9e_\xbf^\x89\x8b\xd5j\xca\xfd\xa4T\x97\x81\
\x13\x93\xc4\xa3\xc5^\x81j\xa3\x92\x10\x8dc\x96\xed\xaa\
B\xe7\x89\xfakl@\x93r\xa4\xe6\x81d\x1d~I\
x\xfdj\xd5\x94E0b\xd8@aN\xa5f\xeb\x9b\
J\xc5Ue!\x14\x08GqS\xf9\x99\xbbg\xb1 \
\xdbB&\x82)\xffN\xc16\xda\x0dU\xa4C\xad}\
\x9a=\xad\x85\xa6\xaa\xf3\xc6\x02\xb0b@\x99\xc1`\x16\
BR\x90*E\x9a2\x0dG\x8e\x01{*\xe4ZU\
G\x04=t\xee\x80X\x09\xa9F\xb6#\xa5\xd4\xac\xe9\
_\xac\x91\xa2\x9c\xc9\xf5/5*\xa87]T(\xcb\
M\x9d\x04~G\xa4\xcdU8\xa3\xde\x1dq\x0d\xfd\xf8\
DhDy\x1c\x22\xd6Q\x94\x7fI\x9aWa<\xe3\
\xfc\x8b)a\x05\x9fO5\xcd\xd1H\xd5\x0a\xc8\x7f\x93\
\xb4\x15\x88g\xc6g\xc5\x0cO\x8a\xa8KB\x96\x01\xdb\
\xa3^\x82*\x91\x96v\xe2R\x19h\x0a\x0fC:\x17\
\xb1\xef\xa1kK5'u%${a\x15D\xa9\xf9\
\xf8.\x87m\xf7;,>*\x07@\xc6\xf5\xf9c\x8f\
\xbfefl\xda5\x99w\xdf\xbb\xb9\xd1qY\xb2\x09\
P\x22\x9cu\x02\x95\x13\xd2\x13.\xf7|\xe4\xcd\xd3\xc8\
\xb7o\x03\x1b\xaf*\x02\x8f\x96\xc8\x96I\xc9\x12\xdb\xe0\
\x86\xa4\xc8\xea\xcd\x13\x80\xe9\xc2\xae\x10\x95V\xad\xa5U\
\xed\xb7r\x8a\xdd\xe62\x9c\xd55dt\xd55\xe5W\
\xc5\xad&\x8c\xee&\xcc8V\x85C\x94\xe8\x1e\xe98\
\xa8J=\xc6\xe6\x06C\x0d\xb7\x86j\xfd\x04j\x95\x0a\
~\xf7\xc3\x8f\xa1n\x1bx\xf2\x91\x0a\x5c\xdb\x80[\xb1\
\xe8\xdd\x8fB\x80\x9a\xef\xa2V\xf1\xb1\xddNp\xe3\xe6\
\x10~\xc5\xc0\xd2J\x0d\x83N\x80\x8d\xab}l\xf7\xfb\
\xf8\xf7_\xff\x06R\xcb\xc2ng\x13q\x18\xe1\xc1\x85\
\x93\xa8\xdb5l\xe7!\x06Y\x00{e\x09\xee\xdaq\
$[[06\xd6\xd1\x0fzx\xf9\xd5\xe7\xa5\x1dx\
\xbd\xbe\xa4\xc92\xaal\xd8;\xf1\x00l\xea\xe8\x05m\
8\xd1\x00Ik\x0dic\x05^w\x1b\x95\x9d\x0d\xc4\
Y\x82\xed\xad\x0d\x01\xfaZkk*l1\xd8\xc70\
\xc4\x7f\xf7g?\x8a\x0b'Z\xa2&l\x9b\x19\xfa!\
\x8b\xaa\x18W\xfb\xf0\x9c\x5c\xdc\xef\xf60\x16\x0a\xae\xcc\
u\x1aU\xb6`\x0fb\xfc\xc8\xdf\xff9\xecvb\xe1\
H\x08{\xd1e\xb9\xb4\x0d\x7f\xa1\x81J\xb36j\x00\
$b\x1e,fb\x96\x81_7\x0c\x0cXZ\xcd\x8e\
\xcbI\x06J\x83\xd42G\xfc\xb1\xf3\xed\x14\x0fv\xd8\
R\xc0F\xc3u\x84\x1cD\xa5\xdf\x97\xc2.\xfe\x87\xd7\
\xbf\x04\xc3ue\xf5\xe7\x1a\xf1`\xf3\xac\x88\x8e\xb6\xe0\
\xc1\xcf\x1d\xbc\xbc\xf3\x1c\xee\x0c\xaf\xc0\xa9W`W-\
l\x0f\xfa\xb8\xd9\xde\xd1\xec\xbf\xfdY\xaaG\x99\x8co\
\x05>\xb0o\xe1\xdc~!\xc0}\xbf\x82#\x9c|o\
\x0f\x00\xdc\xb3\xa6\x80\x14\x9e\x0e7U\xd3\xc8\xdc\x93\x12\
\xdd\xdc\xab\xc1Z8.+\x97\xb1\xa9%\xbct\x19j\
\x11\xf7\x96K\xae\x847\xcf<\xb8\xeec_\xc4\xac\x22\
\xb3-\xce\x83D\x99\x13\x8c\x081\x10D\xef\xa3\x00\x06\
\x0bj\x92@r\xef\xd2<B70\xa5\xbbJ\x17\xda\
s\x138\x955\xc9\xb37\xdd\x0a\x96+&.\x1e[\
\x84e\xa5\xb0)<\xe1\x9a\xaaK\xaf\xf4\x05\xe1\x0a\xcb\
\xb9\x92!vmT+\x06\x8e/y\x08\x5c\x13\xce\x06\
\xe0\x91 \x13D\x08]6\xce(\x80P\xa2\xda\xe4\x12\
D\xb2j\x17\x12\x5c%\x07e\xe4\x9a(\x894\xf5o\
J\xa2\xe5^\x05y\xa5\x0ec\xb0\x0d3\xe8\xc0X<\
\x8e\xbcR\x85\x19t\xd57i\xf8\xa4\x87\x02\xb3+\xda\
\xcf\xc9XQ\xc86k\x16V\x17,\xb4;lC\x06\
,\xb7\xb8r*\x0e\x02=\x89\x9ak\xa1\xd5\xaah\x90\
A}\xd7\xf6-\x04A\x8a(\x0a\xb0\xd3\xed\x8b +\
\xc5Q\xb8:\xf3^jI\x82\x96\xc1\xba\x03O1<\
\xe9\x91\xd1\xd3\x81\x81\xae=V\x22f\xdd\xc0\x96\xcf\x8c\
\x86\xf2\xc4X\xbb\xf9`\x1b89d\xff\x01\x03\x0b\xac\
\xf8\x93L\x84\x8b\xdd\xb8\x8f\xed\xa8\x0b\x8f\x15\x96\xb6!\
\x0aD\xbc$\xcf\xf4\xe0\xc7\xaa\xc1\xe9\xad\xa8\x87\xe7\xe3\
M\xf8\xbb\x0e\xd2\xadX8\x10\xae6\x5c\x05y\xea \
\xf6\xdd\xbd\xcby\xdd\xdfm\xbf\xb9\xf3\x96z\x00\xf3l\
\xe3\x87T\xb4!S\x0a\xb5w\xb3\xd15+h\xb1\x82\
%Y\xe4\x9f\xfaT\x0a@\xe24\x90\xb1q\xc4\xb0=\
\xd2\xe0+r\xff<\xb3_m\x09\xd9F\xa8\xac\x04\xdf\
\xa8\x84K\x22\x11\x81B\xb6\xb0\xaa\xd7\xe14\x9b*\xd2\
g|Mc\xc0\xca!%G\xacV'j\xe1\xe9P\
\x80+\xe2C'/\xe2\xe4\xe2\x19\xe9\x9eC7\xfdt\
+\xc7;N\xe7\x88r\xb6\xaa\xae\x8b\x94U\xd6u$\
\x0ek5\x98j\xcap\xeeL\x15~%\x07Is\x83\
\xa1\x02\x9f\x928Ee\xd9\xc6\xca\xf9E\xb9\xcf\xc6\x92\
\x8f\xa8\x13\xe1\xd5\xcf\x5c\x13`\xcd\x7f\xf722\xd7\xc0\
\xdf\xfd\xfb?\x8dk7w\xd0\xaaT\xa5\x8b\xcd \xee\
b\xd0\xdfA\xeb\xc4\x05xk\x0f \xebn\xc3\xeco\
\xa33\xec\xe2\xd5\xd7^\x90\xa6$.[v\xeb\x81A\
@t\xe1\xf1w\xc0i-\xa3\xb6s\x1d^\x7f\x17y\
}\x05\xb9\xdf@\xd6k#\xde\xde\x96\xc9;\xe8\xf7q\
l\xa5\x8e\xbf\xf1\xe7~\x8f\xd4\xf8\xd7V\x96\xc5\xeb\xb9\
\xf0\xd8YT\xea\x15\xa4\xfd\xbe<\x0b\x01\x0b\xb5v`\
\x16\xb0\x92Rg`4F\x13F)^\x7f\xa5+\x9d\
\x90\xac\xe3\x1e@\x86`J:r\x82\xa8\xdbS\xed\xcc\
x\x7fU\x1f_|\xe1\x06~\xfb\xf9\xdb\xa8T\x1c\xe5\
!h0\xb6\x96\x1ax\xdf\x8e\x8b*\x8faQ+\xc0\
\xc2\x17\x1b\x19nY\xc0\xe9~\x86J\x94\xe1\xa9\xd8\xc3\
\x93\xb1+\x9e\x1cGD;M\xf1bo\x07\x1d\xcb\xc0\
\x7f\xb1B\xe2\x97\xb8\xb1\xf9\x06\x92,\x80+\xfd\x05L\
l&\xb7\xd1\xcb\xda\xaa\xb4[\xd3\xab\x0fB\xfb\xd5\xf8\
3\xee\xcb\xaa|/\xdbQAG\xfb\xdb\x9d\xbe\x98\xa6\
2\xdeK\x5c%\xab0\x01&\xea\xbf\xc9\xc4dw]\
\xb6\xdab\x1c{K\xb4\xeed\xc5\xd0\x22\x90\x82\x050\
N63T\xad5]\x91\xa7\xf8\xfbR\x07\xcfx\x98\
\x94X\x01\xdd\x1c\x18~]\xea\xe1U\xb3\x92L\x06\xb9\
:\x8e\xf6\x09\xa5\x1f\x81\xca]'\x96\x01\xdf_\xc0R\
\xfd$r3\x11\xf1\x89\x07V3|\xf7\xe3\x15\x04\xc2\
\xd5\xa7\xd4\x94\x89\x97/\xd1S\xc8\xd1\xefS\xaa\x8a\xe2\
\x9e\x06*\x9e\x89\xf6\xee\x00\xdb\x9b)\xaa\x1c\xf0i\x8a\
\xea\x8a\x0f\x7f\xc9\x97\xc1\xef,U%\xed8\x1c\x0c$\
]\xf9\xd4\xc5\x15)\xa6a5#\xb5\x0f\x87Y\x8c\x90\
\xbd\x00\xe2\x00\x19\xa5\xbc\xa3\x14flH\x86\xa1@\xbb\
U\x89\xb2!\xb2Y\x222*\xa1N\x22\x13\x8b\xc0(\
\x0d\x16\x0d\x82\x15'\xf0\xed\x10\xfd8D\xc8\x16\xe5Y\
\x8a\xdda\x1f\xb5^\x863u\x03\x0b\xf5*\x1agh\
\x00\x22\x01\xed\xacJE\xb1\x22Cr\xe7\x89\xd2\xe7@\
\x10#OC\xc9\x16\x14^\x93\xf4\x0b\xc8r\x5c\xbd\xba\
%n\xf8\xf7}\xec\xddr_E\x8e-_\xdf\x16\xc6\
!\xd1~T+\xb8}{\x0b\xbf\xd0\xeba\xc5iJ\
!\x97\x00\x96\x02\xd6\xe5x\xb0\x9b\xa3IcA\x22Q\
\x9e\xe2\xd9,\xc0\xd07\xf0f\xc6\xf0 \xc5Jl\xe3\
q\xea\x14\x90\x9f\x91Xh\xc1\xc6\xf7x\xc7\xb1\x99\xc5\
x\xd6i\xa3gex\xa3{\x19[\xe1\xb6Z8\xa4\
\x09\x88\x12\x8b\xad\xba\x15\xf8lMV\x92\xc9\x9f\x14\xcd\
\xd9\xab\xf9\xffV\x00\xdf\x93`\xf7\xfe\xdf;\xcc\xf3\x98\
\x9e\xdf\xb6\x02\x84\xf6\xdfq\xd6\x09\x0e\xdb\xe7\xa0\xef\x1c\
\xbe)\x80K\x9f\xa18\xc2\xac\xa3\xea\xbc\xac\x02\xf6\xd4\
\xc0\xa6\xd2o\x82\xf8\x81\x0f\x01k\x8f\xc0\xdc\xbd\x0as\
\xd8\x83E\x11\x8d\x1e\x857\x94>\x9c<\xc0B\x09V\
\xf2\xd3:\x1c\x10\x0d;\xd2i\xd9t&\x96\x95\xd7\xa8\
V`\xd7j\x92FK\xc9\x9f\x0f\x07\x88z\xbb*-\
\xc4\x15\x9f\xf4\x22Y\xcd\xb52p\x96\xe3\xfc\xcaC\xa8\
W\xeahy\x8b\x18F!\xe5\xfb\xe1:\x06z}\x03\
\xcf\xbeH\x0e>]U\x02P)\xac\xcc\x82c\xaat\
\x16u\xf2n\xdc\xea\xe1\xd6\xba\x81\xd6Z\x0d\xc7\xd9Z\
\xfcZ\x1f\xebWz\xc8\xa04\x09\xe2~\x1f\xbd7\x98\
\xef7q\xee\x83gdE\x0et\xae\xfd\xfb.\x9e\xc7\
\x07\xab+\xf8\xd5[7\xb0\x19qb\x13\xb8\xa2\xc2o\
\x04\xbb\xdfA\xc6\xcaI\x12\x8cF\x9d0Th\xc2E\
\xae\xb5\xb0\xa0@\xb1~\x07y\x18 \xad4`-\xac\
\xa2\xbfy\x07\xd9\xad+\xf0\xfd:*\xd5&\xce,7\
\xf0\xd4\xd9\x13\xb0+\x06*gO\x08\x856 0\xc7\
n\x08\x0c\x81\x1cCD4\x93\xfe\x10\xa6\xcf\xce\xbe\x15\
\xa4\x06\xfb\x09\xf8R/`\x0b\xefA\xa5)\xabM\x13\
\xdf\xf1\x89\xaa\x18Z\xba\xecyw\x88\xa47\x10]C\
z\x0c\xbc\xbe\xeeF \xde@\x0b\x15\xfc\xd0;\x1fA\
{\x18\xe1k\xeb\x9b\xf0\x08\xde\xe5\x06\x86\x96\x89\xcf\xae\
\x19h\xc4&\xde\xde\xb3\xd0\x8a\x81\xef\x8c\xabx\xbb&\
\xeb\x08t`\x00\x9f]L\xb0\x1a\xe6\xb8(%\x1a)\
v\xd2@@\xd2OYui\x5c\xf2\xb1\xa7>\x8a\xc4\
N\xc4(\xb1\xc8\x87}\x06]\xcf\xc5/^{\x01_\
\xde\xba\x86\x9a\xc3\xd2n\xdd7R[1\x86tZ-\
ab>\xdc-\x9eux\x99\xf0QA>5O\x0a\
-\x88Y\xe7:2\x06p7\xee\xf9|`\xa0\xa6\x87\
\xaaoL\xfd\xbd\x8f\xb5\xd3=\xdc\xb2\x88\x05\xa2\x0a\x91\
\x8e\xe3\x01\xd2\xd5\x8bH/~7L\xea\xf9\xef\xdc\x14\
\x99\xef|\xd8S\xcd6\x0bOA0\x02\xa5\xdb\xa7\xc2\
\x8eBK_\xa1\xdbL\xfd%Y\x0a\x9f\x93\xdfWu\
\xfcD\xe9\xd3p\x80d\x93\x1a\x846r*b\xb2e\
V\xa5\xa6\xdb\x86+\x91\xc8\xe5\xda\x1a\x96j+\xc2\x8e\
c\xee\xbejypm\x07a\x9a\xe1\xdaF,)&\
\x1a\x19\xd7N\xf1\xe0*I;\xa9\xa0\xf9Yf\xa3\xb3\
\x93c\x10\x06x\xfb\xf9\x05\x9czd\x01\xed\xad\x01\x06\
CN\x5cf\xfe\xa8\x9e\xd7G\xd6\x0ea5,\x1c\x7f\
\xdb\xb20Wm\xb6\x0a\xb3\x1c<\xd9X\x81\xbb\xd4\xc4\
W66p;`\x99/=!v\x06\x8e\x01\xb6\xf3\
\x12\xda\xadnu\xa5S\x15\xaa\xab\x90!\x93\xdb\x22\xc5\
5\x1c\x22\xeb1ux\x11\xd9\xc2q\x0cn]C\xef\
\xf65,\xaf\x9dE\xb3\xba\x8c\xe3\xad\x05|\xe2\xa1\x87\
a\xaexX9s\x0c13\x02\x01A?Q\xea(\
\x08\xde\xa0L\xaa\xe0(,\xa4\xf1\x1cX\x065\x13L\
\xe4R\x84\xa3Vn\x1a\xbdS\xab\xd4\xd9\x06r]\x87\
\xcf\xba\x02\x0cC\xd5\xad\xc8\xb2\xb1\xbd\xde\xc7\xfa\x9b\x03\
\xe9\x09\xf8\xa13\xc7\xf1\xf2\xc6\x0e\xbe\xba\xbe)\xd4g\
\xbe\xab\xd80\xf1B\x93\x85X9\x9e\x1e\x00\xab\xb9\x89\
\x95\xc4\x92\xfa\x07\xe2\x04\x0c\x09~\xc5\x1d\xe0g\x1aC\
<\x9d\xdbX\x91\x12\x0e\x8d?X\x06\xdeo\xd7%\x13\
`?\xf0\x8eQ\x08\x22wAJu\xab\x85\xd7\xb7\xef\
\xe0\xe7_\xfd\x1a\x96\xaaM\xdd<VaD\xcc\x164\
\xfd\x86R_\x9a(\x9b\x9fo~L\xaf\xe2w\x85\xe0\
\x1fJ\xf4\xd1\xb5\x1a\x07\x1c\xfa[\x02\x02\xce\xbf\x95\xd9\
\x83\xe5\xc9?E\xbd*>a\x91\x8f\xe5 ~\xe8\x13\
R\xa5'E\x1c\xe4\xber\xb2^\xfe\x0a\xb0\xf5\x06\xd2\
\xce\x06\x10\x87\xc2z\xa3\x07 .\xa5k\xc3\xae\xb6\xa4\
\x10&\xde\xb9S\xaa\x83(:\xe9\x00\x0e%\xbd\xd9\x15\
\x87\x03X\xf7\x9fK\x86}\xe9\xce\xc3\xef\xcanR^\
\xab]\xc0\x92\x04+Km\x830B\xc5\xccP\xb3\x0c\
x\x03\x96\x98&\xb2\x82\x04F\x02\xcf\xb2Q\xf5]\xf1\
\x1e6\xda\x94\x1d\xa7\x11\xcaP\xf5r6\xc1\x95\x9cu\
\x14\xa5\x08(I\x95\xb0,\xd7R\xbd\x00\xd9\xa98\xcc\
p\xf3R\x17N\xcd\xc4\xd9E\xe2\x14\x84\xf0\xa9\xe1\x0f\
\xd4\x9eX\x82u\xc1\x82s\xebe\xa0\xd3WZu\x8a\
\x1c\xa1\xda[%\xa9d\x00\x86\xe1`\xa4\xab\x98\xa4\x01\
\xf2\x84!H\x1bV\xe0\xa0\xea{\x02\x94\xa5t\xf7\x87\
=y6\x96\xd0\x81\xc9\x19\x88a\xd5]\xb4\xdew\x92\
\x80\x87\xc4\xfd\xc2c\xe0Msr\x84\xa1\x18\x96\xfe\xc6\
.\x92\xed!j'\x97\xe0\xb4\xaa\x88z\x11v/\xad\
\xa3\xb2PG\xf5\xa4\x92\xcdf\x88\xc4\x82\xa2\xe1\xfa@\
(\xd1*#I\xc5P\x8f}\xd7\x85\xf3\xcf\x8b^<\
\xb7\x04\xafN\xad\xbf\x0c\xae\xef\xa0\x96\x0f\x91>\x13\x01\
UE\xd8\xe1}\x13\xe43\xe2\x0c/!\xc5\x1d\x87B\
\xac\xea\xbb\xa7R\x07'c\x1bg\x1c\x1b?\x98zh\
e)\x96\x98K\x15&\xa5\x92\x93\xef\xb1r\xd10P\
\x1f\x0e`$\x9a\xd4E\x0e\x08\x9bE\xf6s|\xe4\x89\
\xc7\xe1\x9e\xf2Q5]\xa5\x9e\xce\x10\xccr\xd0\x8b#\
\xfc\xf8\x17\x9e\xb9\xa7\x1e\xda\xf7\x0a\x12\xceg\x04Tf\
Ly\xd5EG\xa8\xf1\xf7\xbe\xa5\x06\xe0\xf0T\xa0\xec\
5\xfd\xdb}=\x00!\xad\xd8\x1e\xa2\xb7}?\xf2\x0a\
'%'\x93\x01\xf3\xd5g\xe1n\xbd\x89\x9c\x93\xbf\xbb\
\x0e\xc3vaJ\xb5\x9f-\xb4Q\xc3\xaf\xc2]=%\
@]\xc4\xd4\xa0\xc4\xf9\xe3s\x10qw[\x14\xea\xa4\
f\x7f\x0a\x9b\x83\x8a}6\xbb,t\xf1\x90\xfbu%\
\xf6!\xf9p]\xb3/2\xe0\x9a\x0d\xcc\xa2\x1e\xcbC\
\xdd\x8c\xb1*\xbcy\x96\xc8\xaau7 W\xcd\xb5P\
a\x9b\xaa\xd4\xc0\xee\x90z\x83J<\xe4\xfcI\x13>\
\xabca\xa3\xe2Q\xca\xdc\x86\xe79p]\x0b\x9eg\
\xc1\xad{\xa2\xa2\xfb\xf5\xaf\xde\xc1\xd2Z\x0d\x0f}\xe8\
\x9c\xe4\xa6\xe5\xb5\xa6\x19\xce}\xf8\x02\xecj\x1d\xf1\xa7\
\xff\x0b\xba\xdd\x01\xaaU\xa5\x98C\xb0S8\x03I\x82\
v{G8\xfc2\xa13JdudE\xee\xee*\
q\x0c\xff\xd81\xd5\xb2M\x0a\x8a\x94h\xa6\xae\xac\x16\
\xe1O\x7f\xb1\x86\x93\xef;\x8bdkG\xa1\xf5\xa2\x89\
a(\xf1S\xca\x84s\xe5\xdd\xed\xa3\x7f\xb3\x8b\xcaR\
\x13v\xddC\xfbJ\x8c\x1b\xdf\xb8\x85\x13\x8f\x9c\xc4\xd2\
#\xc7T\x8b3\x1a\xe48Bp{S\xbc\x01E\x8b\
0`=t\x1ahTEk\x80\xf7v\xea\xdc2\xa8\
\xf1%\xc2\xa7\xf5*v\x9eI\x11n\xf5\xe1G\x16<\
\x8a\x97\x12\xa4\x95\xd2a\xe0s\xd4p\xf4\x18\xbb3\xff\
\x91\xe2\x13=\xe0Dl\xe0\xa9Z\x0d\x1f\xb6\x9b\x18\x18\
\x1d\xe45K\xba$\x05\x89\xe22\xc4\xa1jiV7\
jp\x5c\x13i\xa4\x84\x5ci\xe8\xa8\xb0\xfc\xbd\xefz\
7\xbew\xf9\xbd@\x90\x8a(\xabR(\xf1\xb1\xbb\xbb\
\x83\x9f|\xf6\x0b\xca3+\xaa^\xbe\x0d\xa8\xff\xe1F\
`6\xb66\x0a\x01\xeeO\x1b\xa2\xc3\xb7\xa3\x83\x8a\xe5\
\xfd\xf7\x09\x01\x84\x9diJ\x8aJ\xf4\xeb{wDy\
\xd7\x1c\xac\x03\xc9@V?\xae\xe0tE\xc5\x15\xd2+\
<\x0bs\x18\x0f\x93Oo\xd6\x9b\x1a\xd4\xd15\x0b\x1a\
\xd0\x93T`0\x90\xbco\xdc\xebK\xdb,E\xa5\xcd\
`R5\xa2`\xcfp\xe5\x0a\x06\xaan\x9f\x1b\xb5\xe4\
vo\xc0\x1a\x0e\x11\x99)\x86,0\x13\xd2\x0e\xc9*\
J\x1d\xd8wl\xec\x0eUo\xb9\x98\xca\xb7\x22\xec\x91\
c\x90\x98\xa8y\xaa\x91eT\x8dp\xa7\xdd\xc2\xfa\xd5\
\x0ev\xdbC\xac\xdf\x1a\xc2\x7fa\x1b\x1b\xd7{\xc8M\
\x17Qf`\xe3\xcd>L\xdf\xc0\xd2\x19N^ \xe1\
`N\x068\xedWa\x9e9\x86\xdb\xfdM\x5c\xe9+\
\xf2N\x14\x0f\xa5\xc7\xa1z\xcfE\x13RU\xd3.\xe5\
\xf7ZJK\xd8nT\xf7\x09\xa9\xe9\x97\xab\x1a\x06R\
|yo|.l\x981L\x10K\xae\xdfAJO\
`\x10\xc9*\x1e'9\xd2a\x8cn;A\xd0\xa3\xed\
\x1d \xbf\xb4\x83`k\x88Z\xa5\x8a\xed\x8d!\xae\xfd\
\xf2\xcb\xf2\x8c\xe8\xd5\x10\xf0\x8c\xb7w\x047\x91&\xa9\
\x5c\xd1\xaf\x0e\x00O\x9a\x86+2\x17'\x1dWi\x16\
\x01\xd5<\xbc\xfe\xf2\x1d\xd1\x03\xa4lSL\xec\xa4\xe8\
\xe5'\xcaA\xaa\x0e\x83\xef\xc9\xc9\x12\xec\xfa\x0e\xdeX\
\xb2p\xdd\x8b\xe1X]T\x9c\x04\x0f\x04\xb9x<\xa9\
\x0e\x03\x0c\x8e\x1f\x0a\xaa\xef&\xc8\xfaT\x93'\xc5\x9a\
\xcf\xc1\x91s\xc6w\xfaH:B\xab\x12\x83\x90\x0cR\
`\xd0\xc6\x9dP\xb36\xc5\x01\xd4%\xd4\x07\x8c\xfbo\
_J\xd08p.\xda\xf7\xe3BgM\xee\xbb\xc9&\
\xecE0\x0f\xce\xf9#\x1dRK\x0afD\xc0\xc8\x01\
H\xee\xd8%\xd5S\xe7\xefe\xf1Ud\x9e\xa2\xfe\x99\
\xf5\xf3\x94\xd5\x11\x22\x90e\xc3[;\xa3]X-\x8e\
!R\xdd\x16\xd2\xf5u\xa1\xd8\x12 \x8as*H\xaa\
|9SEa\xd8\xd1\x95\xfa\x94\x8b\x01z7vt\
+R\xe5\x92~\xf5\xdaeu\x85\xcc\xab\x171\xa7n\
\x86\xaa\x22\x8c\xa26\x91\xd5yL\x03\xaa\xa6\x1b\xd2`\
\x94\x930\xcd\xb0\xfa\x9f\x97\xd1\xf0\xeb8{l\x0dk\
\x0bu\xbc\xb11\xc4\xd2\xf3\x1b\x92{g\xba2\xdb\xca\
\xf1\xea\xafl\xc0Y\x00\x96~xYR`9\xab\xf3\
\xf2\x04\x1f\x7f\xf8!\xd4O8\xf8?_|\x16\xaf\xde\
\xba)\xabgg\xb0-\x80\xa4\xe4,\xf6\x84Y\xdc\x14\
\xf8)\xc0\xa0a\xa3\xb7qK\x0a~\x14S\xcf\x12y\
\xb1N\x98b\x98\xe8\xbe~Z\x84\x84\xb5\x0d\xc3[]\
\x18\xb1\x81 \x0e\xc4\x03\xdb\xbc\xd6G\x7f'D\xc0N\
J\xaf\x13\xb0\x04Z\xcd\x0a\xbe\xf4\x95\xd7\xf1\xcf\xff\xcd\
3hT\xa9\xc1@\xf2\x8e\xad\xe4\xc7e\x12\xab\x0aK\
i\x80\x22\xaf^\x957k\xbe\xa6\xa2\xac2\x1c1-\
8\xae\x87h\x93\x18\x8e\xee\xce\xa3#0\x01\x84\x99a\
\xc9m\xe4Q\x84W\x9f\xb6q\xe5L\x05i\x1cc\x88\
\x10O9\x06\x8e\x87\x04E\xd5\xbb2\x8a\xfa\xfa\x1c\xe8\
^\x1d\xc8si\x9di\xc2\xae\x9aH\xaeu\x94Z\xf0\
 \x85I\xf2\xd2\x03>\xac\x07<D\x97{\xc8\xbf\xd8\
F\xd7\xdcF\xbf\xd7C\xec\x9a\xf0\x1d\x1a\x8b\x83\xe7\xc5\
[i\x08f\xe1\x09\xb3\xb5\x01\xf7\x9e\xdb>jQ\xc1\
\xdcJ'sL\xfc\xe9\xd4\xc6A\xe7\x95\xc1Vt\xa6\
\x91\xb7L\x89\xed\x93\x80\xd3\x04z\x9b\x80\xd3\x83\x9d\x12\
<\x22\xa8\xa5\xd9Z\xfa\x8b\x22\x5cA\xf9kR\x5c\xe9\
\xbe\x8b\x98\xa5v\xfaI;-\xba\xaep\xbf\xb8\xaf\x0a\
\x87\xc2\x00\x8e\x96\xacVUj\x8c\x81\x81\xe5\xdc\xc5\x19\
\xe7\x81Qa\x8cx\x0fU\x0e\x5c\xf50\x99\xde\x1a%\
\xbb4\x9e\xc4{\x92\x15\x96\x18D\xa9RHz\xf6\x11\
D\xa4xH\x91\x89\x90\xae\xc0\xc0B}\x11\xbe\xeda\
\xc5\xac\xa1\x11\xb2\xbc\x96D\x14\xa683\xc49\xf5\xfa\
\x0dt|\x0f\xe4\xbc\x0d\xb6{l\xdc\x03\x8b\xc2\x9a\xae\
\x8b\xfaj\x0d~\xc5\x84}\xc9U\x02\x1e4<\xc4\x11\
\xa4\xd2X\xa5\xf2\x8az\x05\x11-\xd5\xa4\x1cNJ\x1a\
\x18\x89h\x84\x8e\xabx\x12TB\xaa\xbb&\xce\x9f\x5c\
\xc0\xe9\xa5*2\x16\xf4\x14\xed\x95\x93\x14!\x05B2\
\x17\xdb\xbb)\x86\xfd\x10\xd5\x8d\x1cK\x1d\x0b\x16\x15\x97\
l\xd5\xb1\xd8\xf3B<\xb8[\xc1\xf7,\x9eC\x8d@\
 \xcf\xc8n\xbf\x0d\xde\x81\x22\x16)\xffH\xbd4f\
\xa7\x84\x06\xcc_\xb0,\x98\x84\x22\x9b\x1d\x98\x15\x1dX\
er\x8a\xeaO\xcd\xc6\x14\xe7Mw\x07N2t\x9c\
\x0a\x06\xbb\x14\x0cU\xe3\xc0b\x83T!q\xf1\x9at\
\xcd\x856\x86\xd2\xd9\x99!%\x8dC?\x87U3`\
\xf8\xcc\x03\xda0<\xfd\xfc\xd8\xee\xb0\xee\x22;[\x81\
\x99xx<;\x81\x00\x19\xae\xed\xec\xea\x0c\xc1\xb7\x87\
W?}\xde\xa3,\xa4\xf6A(\xfd[\xcdf*\x8e\
_\xa8\xa5N_\xc3D\xdaBs\xbf\x15\xf1+EZ\
m\x22\xfd\xe0\x7f%\xa8m\xf6\xd5\xff\x08g\xd8\xd3\xbd\
\xf0\xb4 \x86\x96\xeb\xa7[\xcbF\x16i\xbf\x0d\xb3\xbe\
\x8c\xca\x89\x07\x95L\x18k\xd7e\x80\x95\x5c\x7f\xba\xbe\
\xeb\xdb0\x86C\x99\x90\xc2\xff\xe7\x8a\xab\x852\x07Y\
\x8c\xc7\xdd\xf3\xf8\x9fZ\xbf\x0fQ\xac\xc2\x00z\xae\xb6\
\x99\x0a\x0a.^\xact\xd8Q\x8d?\xa5F_\x93\x92\
\x0a7[\x19\x0e\x0eDU<\xc4D\x02W\xcd\x82\xc1\
Vt2\x16\x83\xc0U=\xa6\x9bj\xe1\xd6F\x17/\
\xdc\xba\x22\x15w\xc4\x0b\xaeT\x80\x9f^\xae`\xa1\x9a\
\xe1\xe2#5xv\x88\xd5\xf7]\x14\xe6\xddC\xdf\xf5\
0*\xcd:\x1a\xd7_R\xd5\x85<\xbe\xf0\xddS\x91\
\x1eS\xcdK\x95G\x940T\xd2\x0dEx\x91a\x92\
\x22\xceI\xe3\x1d\x22\x0e\x07\xa8\xba\x0e\xbaA\x84\xa7\x1f\
9\x81\xbf\xfdg\xbe\x0f\x91k#\xdc\xda\x96\x10\x8a}\
\x11\xc8e\xb8y}(U\x83\xff\xf1\xc7\xbf\x81k\x97\
\xb6\xf07W\xcf\xe1a\x93=\x17\x93\x92l\x1ap\xdc\
0\xf0\xbbV\x1e\x110V6\xea}=\xbd&\xae\xb5\
\xc4\xfcB\xb8\x99j\x92\xe1\x9a@\xcd\x05Z\x94BS\
||\xa1\x19J\xe1\x0ec\x09\xd6|h\x83\xcbt(\
\xb5\x12\xf8NZ\x0d\xfc\xfb\x7f\xf1\x05<\xf3k\x97Q\
o\xd4\xc4s\xf1\xeb.\xec&\xd5\x94\xf8^t5\xa4\
^%\xe4\xac\xec\xaf\xb8\x1bJJ\xb2\xb6T\x85{\xc2\
\xd5\xe3\xd3\x85A\xfd\xc3\x8d\x10\xeeR\x05\xd6\x0f,\xe0\
\x09\x9c\xc2/Y\xef\xc0\xad\xee\x00\x9f\xf8\x07\xff#v\
\x99\xee\xa5\xf7vH|^\x1e\xf3\xd3c\xfc\xad\xd9\x0a\
oo6\x5c)\xb2\xe0\xf7;\xff8\xf7\xa5\xed\x937\
\x9d%\x10*N\xe2hu-\xdc\xf9\xbeT\xb3\x91>\
\xcab\x17\x22\xc7\xa4\xb3Jw\x9b\x82\xecc\xea\xa6\x91\
\x92\xeeR\xf1\xf0\xe8\x91\xc8D\xd0\x1dzY\x88\xa3\x05\
9\xb9J\xd4S\x13\xd5\x8c/TU\xc2\xf3\x9a\xfay\
\x84\xa6\xe9!\x08\x15)F4\xf8\xb5\xb0V1\xc9\x95\
\xcf\xaf\x90d\x11\xd1\x14b\x0d\x8bLt>V\xc7\xe0\
*\xf6V\x03Q\xfd\xad\xfa\x10\xb8\xb2\x12RQ\x882\
\x5c\xaaL\x95\xc6\x80+\x94CE#\xb1\x14\x16\x96s\
\x0b\x17B\x03-\xd7\x81\xdd\x072\xcfDJ2\x91\xac\
\xeeZmG\xbc\x0e-\xc21z\xb6\x85\xdb\xab\xcbi\
\xc4[*\xba\x18\xab\x8e\xc9J\x8bP 9\x80\x12g\
\xacd\xf4|\xd8\x8b5]6l\x22\x0a2\x84[]\
\xe4\x91\x09\xb7o\x0b\x9f\xe1x\xe2\xc27\xd9\x84\xc5\x17\
,AIz\x96^\xa0\xf6&h\x88\x84\x87\xc1j\xed\
\x9d@\xd5\x0ak\x91\x15U\xee\x5c\xb0+s%\xb9/\
\x8dJ2\x18A&?\x8b\x10/\xbf\x22\xd5\xcd\xca\xc0\
\xf1;\x8a\xc4\xc7\x13%H\xda\x06\xfc8\xc6\xc2\x92\x89\
j\xd5\x84C\x03\xe3\x00\xdb\x14;\x95g\xadK\x89\xe4\
<)|%\x9c\xa0X\x86\xe26\xaa\x85D\x80?]\
N\xac:Q\x11g\xc9Dz\xcc$0\xabU\x92G\
\xda~s\xa6\xf7\x8e\xaa!p\x10\xc6p0\xf1\x87\xff\
U\xbd!fm3\xfa\x02\xcc>\xc9A\x17q7\xdb\
|5\xcb\x9ak^\xaa\xcdVd\x9b\x18F4\x84s\
\xfb\x15E\xaaY<\xa3r\xf7[7\x91\xb3tWW\
\x02\xa6\xc3\x1e\xd2\xb0\x03\xa7\xb2\x00\xa7\xb1\x06\xd3\xa3f\
\x9fV\x0b\xd2.\xa0\x18\x15#Gx\xf3\x9a\xc8^Q\
\xfc\x93\x9a\xef?\x5c\xf9\x00>^y\x0c\x9d<b\xff\
4\x05(\x1a\x06v\x83\x1e~\xe6\xf6\xf3p\x04\xf4S\
\x1e\x80\xd2\xe4S\xf1\xbf\xac\xac\x92JR\x03\x89\x13\xbd\
\xe5\xfaX\x10i\xacBJ\xa6\x9c\xee\xd4\xdeOnH\
\xa1\xcd\x93\x0d\x0f\xcb.\x1b\x96D#\xc3\x93\x1b1\x8b\
\x99\xf1\xf6\xd6qM|\xe2\xb9R|4\x01\xc2v\x8e\
\xdf\xfa\x07\xdf@\xd7\x8d\xf1\xde?\x99\xc1Yu\xb0\xf4\
\x9e\xb3\x80c\x8blwcaI\xd2V\xa2P<\xe2\
\xaf\x17q\xb6\x96\xcff\xd5\x1eY\x8f\x86\x81ngC\
7\xd8V\x93\xc9o, 3\x1b\xa8/.\xa2vv\
\x15\xc6N\x0f\x8e\xef\xa2{\xad\x8b\xcf\xfe\xb9\x9fG%\
\xf6\x85pD0\xee\x8f\xd5\x17\xd1:\xbe\x04\x8b\x9a\x0b\
:\xf4\x19\xb5\x1b\x93w\xa7\x9e\xb9\xa4buf!\x7f\
\xa3\xadY}\x9aA \xbd\x00\x945\x15\xee>K\x97\
\x0b\x87@\x93\xf0\x19\xd2\xc81U\x9f qd\xe9Q\
\x91w!\xcf\x1e)\xa2\xce\x00\xdf\xfd\xbb\xcf\xe3c\x7f\
\xe9;\x10\xf7\x13\xf8\x0b.~\xeb\x97\xdf\xc0?\xfdW\
_E\xb3\xd9\x10{cH!\x13\x8b\x8a2\xfcpu\
\x0dK4\x1d\xf4.I\xf0\xb1\xd9%\x9a\x0bC)\xec\
\xe4yI\xe3\xbc2D\xe6\xe6\xb0\xce\xd5\x85-)\xcd\
f$\xd4R\x86n\xffF_\x07ooE\x08q\xd8\
!\xef:\x0dx\xd4\x8b\xbd\xbbz\xff\xa2lE\xa23\
\xbd\xfa[H\xdc\x062\xbb\x02\x8f\xab\xd5\x88\x88Av\
\x9d\x92nRH\xb0*\x01\x95\xe2 \x8d\xf8\x0a\xfdU\
&\xa7\x8e\x8bi\xed\xe9i\x93\xf2\x1a\x1ap\x12K)\
\x00\xa5\xa6\xc8NUs\xea\xfbe\xe2\xdes\xb08\xa6\
\x8d\xd0J\x10\x91R*\x17\xa6\xb3\x0b\x94\x19\x93\xa2\x9d\
\x91\xce\xae\x0eZ\xd4\xfdR\x9d\xd6\xb5\x15\xaf]\xc5\xde\
Z\xb18\x9f\x14\xbb\xe0\x87}\xdf\x86g\xb2i\x89\x16\
\xa1\xd0-\xb4+\x99\x05Od\xb9\xb42MF\xe1L\
\xb6\xb4\xcaQ\x1bJ\xc3 8D\xb1}\x22\xf8J\x19\
_\xc9\x86e\x92\xd6\x94\xeb\xd4\xf5\xf7e\xf1JY0\
\xa5@Ww+\xa6<\xb9\xf6J8w=f\x00\xd8\
\xa7\x80\xbe\xd2\x9012\xb3\x9f\x19\xec\xd0\xc0BhK\
\xf1\x8c`\x06\xc8\xa4\x04\xd7a\xe9\xb0\xa5\x1a\x8a\xb2D\
XX\x95\x0a\xc0\xd1F\x8f\x1e\x98\xae\xf7(\xeee\xbc\
\xbe\xca}+@VM!E\x11\xd0\x19\x16i\x9bV\
\xe0\x04Z\xbd\x88\x19\x01zb\x14Z\x95\xe8J\xd7f\
F\xa4\x00\x91ei\x0a\xbf\xdf\x81\x8d\xa6\xe7\xc2kz\
0\xaa\xa4@+\x995\xe9R\x9c\x98\x18\x9a&\xa2L\
\x15y\xc9\xa9\x08\x14\x87\xd4#S\xb4i>pR\x9b\
E\x82m\xc4\xa7f\xafB\xc0wL\xc4t\x18\x12u\
Mz\x82\x1cq\xac\x1f0\x0b\xde\xca0\xfc\xcc\xca#\
{\x8e>OQ\xc3Q&\xf3\x18\x95\xbc;P\xb1\xa8\
}7\xe2\x00\xe9\xea\xc3\x08>\xfc\xe7`\x86m\xf8\xaf\
<\x033\x0e\x85\xa0\xa2\xaau5\xa0\xa7\xb5\xdc\x92\xc1\
6\xb2\xa0\x0d\xbb\xba\x04\xd3k)\xb2\x0act\xb7\x82\
\xca\xf2I\xc4Q\x80\xf0\xda+\xf0c\x13\x7f\xab\xf9\x09\
\x9c6\x17%\x7f\xcc8\xfb\xca\xceu\xec\x0c:p\x99\
\xf7\x97\xf8\x9c\x83C!\xd1a\xce(\x91\x06\x04\x18 \
\xc6\x17\x86/\xca\xb0\xde06\xd0\x03;\xfa\x16\xcdH\
t( \xae\xf8x\xd2\xa9f\xa4:\x94):\xf2j\
\xc0\xcb\x97L\x81zN\xc2.`\xfe\x1e)\x1e\xb6\xce\
\xe3\xddxBh\xaa\xec\x83\xb7\xe6Z\xf8\x93+\x8fH\
K\xad\x01\xe3b3\x83\xbd\xe4!\xce#\x98\x7f\xed1\
4>z\x1a\x7f\xfbo\xff$~\xe2\xffz\x16U\x16\
\xe8\xa4l\xd8\x1b`\xb7}{\xa4\xef\xc7I\x9b\x04\xcc\
p\x00\xae\xbf\xa4\xb0\x07\xd1\x08d\xd8\xc0\xbc\x7f\x82s\
'.\xa0\xea-\xe0\xf1\xd5%|\xea\xe9'pk\xb3\
\x8d_~\xf69<\xed/\xe2\xcf8\x0f\x08XH\x95\
\x1e\xe2/\xe9\xe5\x1d\xb8\x89\x89\x7f\xde{\x09_\x8fv\
Q\xa5\xee\xa2a\xe1f~\x0b\xd7\xf2k\x02xj\x10\
g\xac>,\xef]gTF/|\xac\x0eTx\x0d\
F\xb9`Ll\x01\xe9\xc3\x09\x9aF\x0d\x1f\xb2\xbf\x13\
v\x02\xfc\x89\x07/\xe0\x98]\x12s\xa9dHj\x8a\
\x97\xc1\x8eQ\xf1\x03M\xe0\xfb\xce\x89\xd4\x97\xb0\xfe,\
\xfe1`&\x06~\xe2\x7f\xf8el\xdd\xe8\xe1\xf7\xad\
\x9c\xc4Y\xc3GlS\xf43\x81G\x82\x19\xbd\x8dU\
\x03\xd5\x07+Z\x0c\x94^I\x86\xd45\xa4w\xc0V\
\x93-\xca]\xfc\xf1\x7f\xf5O\xf1\xfc\xcd[\xa8\xd8\xb6\
*4\x9bcl\xcf3w\xeef\xce\xcc\xbb\x1d\xc9\x03\
(O\xe2\xa3\xac\xe8\xf3\xa6C\xf6\x8b\x81T\x06(A\
\x14\xf4\x10\xdb&\xc2\xe5Sp\xda\xb6\xc4mES\xc7\
B\x0b`\xd4aG\x96%U\x1a;\x86\xf8\x09\xea\xb1\
b\xcf\x11\xb6[\x12\x0d\x11\xed\xee\xc2\xcfl\x9ch5\
q\xd6ja\xc8\x95\xcct\xb0\x91\xdf\xc6\xb54\x84/\
\x22\x1e\x9a? Q\xadns\x8d\x1c\x15\xb2\x10\x8d\x04\
m\x0cEp\xe4f\xbc\x81v\xde\x1eu#*+\xb8\
\xaa{S\xcd<F\xa2\x93\xa5\xff\x16(v\xa1=<\
r;\x85\xc8\x13\xc3\xa8.\xe0\xacc H\xd9c@\
-\xa9\x8eW\x97\x86\x18\x8d\x5c7\xf3h\x93\xa3\x90 \
a{3\xc3E\xd0\x1b*^\xbe\xc7F\x07\x94\xf4\xd6\
,7Y\xc5\x8a|\x04\xbd >#\x1aQ\xd5\xfcb\
\xf4\x9eu+n\xb6\xd76S\x0b\xd1F\x82\xfe\x9d\x01\
\xb6\xde\xec\xa0_\xb3\xe1_\xb0\x91\xb2n_\xd8\x88\x16\
b\xdb\x81\x15\x037\xd3\x18\xaf\xc7!j\xf4\xc0,\x0b\
\xaf\xc7\xdbx1\xbc\x0c\x07\x9e\xbeS\xfd^\xc7\xda\xd0\
#\x5c\xc6\x98\xca\xfa\x14E\xd7c\xf4g\x9c\xf7'\xd1\
\xf9\xb8\xb5\x82\x0b\x8d\x81\xb4\x0e\xcbL\x0f\xa6\xbf\x80<\
b\xbb\xf4\x14&;\x10\xab\xca+\xb5\x9a\x9fL\xe1\xd5\
i \xd8\xc5\x99\x80\xb1:\x0a[\x85Q;a[\x0c\
\xbb.w\x0e\xd5\x0aO\x0fC\xe4[\x88\x07y\x16\x0c\
\x0e5z\x03d>\xc7l\xf0\x92\xe3tcQB\xae\
0\x8a\xd0\x1d\xf6\xe1Q\xe3\xfd>K}}\xcb<\x80\
ou*c\xdfZj\x09\x1f\x158FZ\xaaq\xfa\
idO~\x5c\xc9U\x11\x99\xcf\x128\xbdm\x98i\
\xa4\x10ii\xa9\xdd\x91\xbe\xf4\xfd\xf5W\x10w\xb7\xe1\
UW`\xb3\xb7\x9dp\xd2\xe9.\xab\xe1$nn\xa7\
\x8d\xaa\xbb\x80\x0bg?\x81Vj\xe3\xfdW\xd7\xd1\xa0\
\xfb\xaa\xfcn\xf4\xc3\x00\x03\xd6\x0b\x88\xe6\x9e\x96\x89\xd2\
C\x94\xf1.)\xbd\x9f\x8e\x9eA\x80\x00w\xa2\x1d\xf1\
\x00B\xb0-U\x11\x01N\xdd\x97\x8c^-,\xa2k\
\x01F\x1f\x14\xc6T\xbb\xbeJ\xaa}\xbc\x0a2%\xd6\
\xb0jX2\x17\x94f!\xeb\xe4a\xe31\xff8N\
x5\xfcw+\xdf\x85JBPM\x81\x9c\xe1\x09\x17\
q\xdd\xc0VFBQ\x0d\xff\xfb\xeb\xbf\x85\x7f\xfd\xea\
3\xa8\xb1\x10'Ve\xb9\xc5T\x924\xa0\x84LT\
\xbe\xd1\xea\xb8LK\xfa\xd4\xc8wP\xf3kHm\x0b\
\xbf\xc7;\x8d\xbfZ\x7f\x12\xbdp\x88\xa0;D\xd3t\
q\xc2\xa9\x8a\xdc\xd9\x9dAO\x10\xf4\xcf\xee\xdc\xc6n\
\x9c\xe1\xe7\xe3\xe7\xf0Rt\x13>\x8b\x91(\xd8\x91\x0f\
\xd0M;\xba\xea^\xde\xf0H>qT\xf5!!O\
\xa1\xc1\xc8\xdf(\x03%)B\xfd\xbb\xa2\x8cX\xf4\x14\
\xb5\xf7\xe4\xc1\xc5\x82]\x97P\xee\xc1\x1aS\xa76~\
\xe4\xc1O\xe2qs\x85\x0c-\xb9.\xc5\xdf\xca\x91V\
Md\xc7*\xf2N\x89\x17$\x0e\xe0\xfd\xee\xd3H|\
\x03\xff\xe8\xbf\xff\x05\xec\xdc\x1a\xe2\x8f\xae\x9c\xc1i\xc3\
C\xa4\xe9\xdd\xc2,\xcd\x0c\xe9\x0eL\xb5\x11\xcb3Q\
Y\xae!\xf3\x01\xe7\x1c1\xa4\x0c\xb9\xcb6\xf1\xc0\xd7\
o\xbd\x89\xc4\xca\xf1O>\xfb\xab\xf8\xec\xe57P\xf5\
T\x09\xf2\xf4\xd8.\xee\xf7\xa8\xe5\xc3\xb3\x8es\xaf\xdb\
[&\x0a:\xefvPhP\x0cS\xa6\xe3\xf2\xfa*\
\xd2\xa7>\x06c\xe3\x1a\xfc\xd7\xbe*\x13\x1a\xd5EE\
\x1e\xc9XFK\xb2J\x0e\xc3%\xd3+A:\xd8\x82\
Q_\x81\xe9VT3\x8cQ*Q}\x9e\xb4\xb7a\
6kX]|\x08\xb5\x08h\x87\x97\xd1\x8b\x02\x95\x0a\
\xa4\xe1\x91\xce\xaf\xa5Z\xaf\x82\xf8g\xe6\xf0M\x1f\x91\
\x05<\xdfy\x0d\xfd,\x928YVRA\xbe\x8bu\
\xad\x18\xe1JiG'\xa9K2\xcdEk\x09-}\
\xa5\xea\x94u\x1fk\xfdU\xa1\xefr\x8a%\xb8\x93\x0d\
q\x1bl\x0b\xae\xde\x91\x05\x17\x97\xa3.\x9e\xac\xad\x09\
\x99H2ilX\xc9\xce\xb9W\x03\x98a\x84\x0b\x0f\
/\xc3>}\x1c\x0f\xb8>\xba\xfdM\xd8ICh\xae\
E\xc3\xd1\xd1S\x96\x89\xa8\xf8\x00t\x9f\x19\x87\xfb\xcd\
\x18\xae[A\x071\x22\xf2\xf6\xc3\x16\x16\xe2\x18\xf5\x08\
\xf0\xed\x9a\x22\xe9\x10\x9d\x0fc\xf4v\x86\xa2\xa2\xf4J\
\xd0\xc7\xad<\xc3\xb5d\x0bw\xe2[\xf0LN\x00\x22\
\xd0\x0ac\xd0\xe6w\xbc\x95~\x14J/U\x85E\xde\
L\xd1s\x95\x09\xd0FW\x88J\xf4\x86\x94\xc6\x80\x02\
\xffrt\x91c3\xe2s\xc9\xf1*\xa5\x1f\x91\xe0\xaf\
=\xf0\xbd\xb0\xbce \xdaP^\x9f\x082\x99\xb0C\
S\x00<\xa5\x02E\xbe?`P&\xc8S\x05>\xd2\
\xe8K\x97F\x17\x15\xa3\xc4{\x08jf\xdd\x0c\xb8\x13\
Km\x83_oJ-\x04\x1al\xba\xa2\x1a\xc4\xf0\x90\
\xef\x7f\xf4)\xa0U\xc7O}\xed9)\x023\xd9\xb5\
\xb9\x00~K\xf7y\xaf\xf3\xec~\xce\xd3oy1\xd0\
\xbc1\x8d\x92\xe0R\xab\x22\xb5\xe6\xb2\xf5\x97`\x7f\xfa\
G\x85\x7f\x1f\xf6\xf5j\x22s\xaa \xf2d\x82\xfas\
u\xb7\x9d\x0a\xdc\x13o\x93\x1a\x00Q\xf1\x91\x1a\xefR\
xA\x80\x8a\xf5\xfd\x96\x8d$\x0b\xa5\x00\x8c\x93\x97\x12\
\xdb\xd2\xda\x8a\x13\xa1\xdc\x06UOX\xba\xca\xdbY\x17\
\x9f\x8e\x9fAl2\xb6\xb7$\x0c\x18]\xb3\xfe\x9bx\
\x81\xfc\x97\xea\xb5l\xbcYT\xde\x95\x84/\x8b\xd4\x92\
:\xae\x81\x13\xcd\xc7\xe0YU\xa9\xab\xa7\xc7\xd2\x0eo\
agp\x0b\x0f\x9ex\x0a\xa7\xeb\x0f\xcb\x80\xaf\xb3\x22\
Mz\xd9%\xe8\xc7]\xbc|\xe3\x0b\x18d\x06\xfe\xee\
\xad/\xa0\x99\xe7\xf8\xc1\xd6C8c\xd5des\x1c\
\x0f\x83\xed!\xc2\xaf\x5c\xc6\x93\xbd\xe3\xf8\xbb\xab?\x84\
%\xcf\xc3\x89\x05O\xe9\x17J*L\xab%\xeb\x1c\xa6\
r\xb3\x95\xbe\x01\xb3\x02\x9e\xeb\xe0+;\x1b\xf8\xd5\x9d\
\x9bx\xa4\xb6,aXb\xd2\xd3\xa1\xd1\xe5\xe0\xb1\xb0\
mG\xf8G\xc9g\x11\xda\x16\xdeL\xfb\x18\xe49\xba\
yW\xa4\xd6\xa5\xd4X\x96\xdf9\x06\x86\xa6%\x7f\xc7\
\x89\xf7c\xd1ZA\x9cEB\x0f\xeeF\x1d\xe9\x88\xc4\
k\xeaG=\x9c\xa8\x1f\xc3\xdb\x96\x1e\x97:\x04~^\
\xe02\xcc\x02\xdc\xd9\xbd\x81a\x9c\xe0\xc7\xaf\x7f\x1d?\
\x99=\x83\x1f^~\x07\xde\xdbz@D<\x95g\xc3\
\x89J\xbdCQ\x8b\x81\xe9\xa8\xde\x0a\xaa\xe1\xb8fF\
\x09\x0d\x5c\xf18\x0a\xafO8\x1du\x13\xd5\xb3\x8bx\
#\xde\xc0\xbf{\xed\xb7E\x17\xd2]'\xe1\xa0 y\
p\xe8e\xb0]\x13_\xbby\x0d\x15z\x05\xfb\xdc\xf8\
Q\xca\x86\x8f\xc2\xfc\xbb\x9bm\x0f\x15\xf8\xdb\xb9\xed\xc9\
\xff\x17\xeb(A\xab\xdd\x1b\xc0\xfa\xe5\x11]\x96\x9dq\
\xe2\x8c\xc1n!\xbf\x9d\x22\xd6\xe4\xb4\xea\x89\xa7a\xd5\
\x96E\x96k\xa2\x98H\xa7hFI\xfb\xd1J\xabV\
z%\x136\xa6\x10*)\xe8\x22\x93e\xa2B\x0e@\
\xbe\x8d\xdf\x1a~S\x8e\xe8\x19\x9e.\x04\xd2\xd8\xbfN\
w\xb3G\x1e\xaf\x91\xab4\xf3\xf0,\xf5\x95\x09?!\
~R\xb8\xfd$\x12YX\xf0\xce\xc03jH-\xd5\
\xd6\x9be\xcd=c\x03\xcb\xdeI\x9c\xad>\x05\xd31\
\xb1\xd2<\x89x\x18\xc8\xaa\xb29\xb8\x81\x17\x92\xcfa\
3K\xf0\x9f:o\xc0\x8e#|\xb8~\x06\x0fx\x8b\
H\x92\xa1\x5cV\xdc\x09\xd0\x1f\xc6X\xc9}|\xc0<\
\x8f5\xcb\xc3\x05\xc6\xab:\x9dV\xa2*\xaa\xcb\x92\x09\
\xa2s\xe0|\x16\xb6\x0bo\xe75\xbc2\xe8\xe1\x94\xdf\
\x84O\x85er\x14t\xd7\x22%\x94i\xe2\xa7\x06\xcf\
a7M\xe0\x19\xec\x80@\x9d\x03\xc5\xb6\x1by;3\
\xfb\xd5M\xfe\xccg\x94\xe4)NT\xcf\xe0\x8c\xf7 \
\xc2x\xa8\xfa9Z\xb7\xb1ml\x88\xab\xdd\xcd}<\
P=\x8f\x0f.}\xa7\xbc\xc7\xba[\x13N\x81\x12)\
M\xf1\xd2\xf0\x9bHl\xe03;\xbf\x86/\x0e\xbf\x82\
\xf76\xcf\xe0\xfd\x95'\x81\xb87z\xee\xe2\xd9\x0b\xc1\
Q\x89\xa3\xaa\x94\xe4X.\x8d\x1d\x94\x5c\xf2\x15D\x1b\
\xc2\x1a-\x1ev\xcdB\xed\x5c\x1d\x97\xae\xbd\x84\x1f}\
\xe9\xff\x82m\xd7\x04t\xe65V\xd9[\x81\xe0\xa0n\
\xd6Z\xf5\xd8_P\xb5{\x97lJ1\x96\xdf\xe24\
\xfa[\xea\x01\xccB\xf2\xef\xa7\xd1\x98\xcd\x01P\x95n\
\xb2rrRU(&\xa1\xd2ZQu\x09x\xe4\x03\
\x8a\xd6\xba\xbe\x09\x8b\x8d<;w\x90\xb1\xf4\xd7\xa9(\
\x05\x9a\xf1\xd5\x8f\xfe\x12pP\x96=\xd6\xab+\x8d7\
\x95\xbaQ\x13>+\xe7\xe6u\xbbn\xbe\xc2\xa1\x11\xe3\
F\xd2\xc5\xed|\x075\xd3\x1b)\xc7\xa8\xc5]k\xf5\
\xeb\xeb&\xb5W\xc48\xa4\xf3\xb5\xea[?\xee%W\
v\xf5\x95k,\x03'\x09\x11\x9b\x0e2\x01\xf4\xe8\x8e\
r\x9dU5\xf1~\xd5\x13\xf1\x8a \xee+\x22\x13\xa5\
\xabm\x1bgV\x9e\x12V\xe0z\xff5\x0c\xb2>\x9e\
\xef\xef\xc0\x19\xb88\xdbrPgtlYhU\x0c\
\xf4\xa3\x14\xd7\xc3!za\x04k\x8b\x05\xd3\xcaR\x16\
\xeccE|\xd1\xb8\x05\xc3\x8e\x14X\xf2l4\xab\x15\
\x0c\x82PVI\xe6\xba\x15k@=\x93~\x9e\xe0\x99\
\xf6\x06n\xa3\x8f\x8aU\x93\xec\x83\x14\x13\x95\xc8N\x05\
\x15[\xfd5\xddUz\xf2]\x9f\xae>\x08\xd3d\x19\
r\x8a\x9e\xd1A\xccF\xa9l\x05\x1e\x0f\x10&CE\
\x97\x16u\xe7X\x8cE\x98\xf2.\xa8,\x9c)\xcf\x8d\
`e\xcdG\x15&\x96\x82\x0a\x16\x83\x1a\xbe\xdc_\x87\
{\xe59<\xb9\xb0\x84'Z'4\xc9\xa90\xea\x9a\
\xa5\xc9\xd7\xc0\xaaFzD\x8e\x8d7m`\xd7\xc8q\
,\x06\x9a\xa5\xa4\xa9\x00\xb4q\x88\x8b\x95U\xfc\xe3\xef\
\xfa\xa3R\xadi\xba6v\xa2\x01\xfe\xcd\xf3\xcf`\xc8\
l\x88\x0e\xdf\x18B\xfdN\xd5\x09\xdc\xa3\x08T\xfe\xe0\
\xf0r\xdd\xfc\xbe\xc73\xe5\x8b\x99\xf9Y\xd1rK\xe2\
\xb2D\xd17\xbb]$\xd55\x18\xef\xfc>\x998\xd6\
\x8b\xaf\xaa\x06\x16\xd6+\xb0\x99\xd6*\x9aY\x8c\x0a\x22\
\x8a\x9b\xd6\xd7-^\x84\x1a\xf4\x02v\x8b\xb5/\x06k\
\xa9q\x86\xfa\x96\x0c\xeca\x1e\xe0\xa5x\x13mt\x04\
}\xa6f|\x11I\x17\xda\xf6*m\xa5\x14\x80\xe9#\
\xea\xde\xc0\xc5\x9d\x8c\x9f\x9bL:~^\x84&2%\
\xf5psdUI\xb2\x18A\xda\x86e\xbbX\xa8\x9d\
@\x10u\x95\xb1pX\x81\x97\xa1\xe6\xaf\xe0\xa93\x9f\
D\x90\xf4\xf0\xca\x8b_@'^\xc7\xe5 D=\x0a\
q\xa2\xee\x88\x9e\x05\xf5\xf1k\x8e\x8d\x1bI\x1f\xed(\
\x12\x9a\xf4\x1b;\xaarR\xeeK\xdf\x83\xaa\xa8S\x1c\
\x03b\x16C\x12\x92\x16\x1aXd~\x9d\xce\x0bA0\
}\x8f\xb2\x1aJ1^\x86_\xda\xde\xc1\xae\x15Hw\
\x1d\xe5\x19\x14\x85\xb1\xfa9\x8e\x1f\xe2\xa1\xdb\x9a\x7f\x0a\
\x15s\x01\xaeIb\x11\x05=T\xea\x94n\xbej\xcb\
N%`\xc5\xac\xa4.@\x1e*\x0f\x83&\xa9Qg\
\x8a7\xc7\x89\xf4\xb4\x18\x8a|\x8b\xad\xce\x86\xf8\xad\xdd\
;\xf8\xc6f\x8e\xbf`=\x82'\x16OIW\xa71\
\xb9\x8c\xb9]%\x04C\xd9s\xe5i\x1ax\xa1\xcac\
\xa6\xf8Hj`9\xcf)\xaa\xae\xee\x84\x0cD\x17x\
\xe2\xf8)<q\xf1\x82*0\xb1ll\x0d\xb7\xf1\x0f\
\x7f\xfb\x97\xb0\x9b$hVkpx\xfe\xa9{\xfb\xf6\
Ny}\x0d\xfb\x18\x9e\x19\x1e@9I3\xff\x81\x8f\
\x92\x12\x9c\xd7\x0a\x0a\xebM_\x13Wkq\xa5\xab+\
\x88\x1e\xf8\x00r\xbb\x02\xbc\xf6U\xd5}ww]\xbd\
\xc0\xa8\x07\xc9\xe9\xe8~~\x93\x93_!\xcf\xe53\x17\
\x03T\x00(9\xc7\xb8\xb5v\xc1\xdbW\x93\x95\xe84\
W\xa6-\x84\xd9`\xa4\xa7\xbf\x9f7\xa4:\x05\x1dp\
cD\xa4\xf3P\x80\xc6\xa6{\xa2\x94\xae\xcc\xd1\x8b\xef\
 F\x88Fe\x15u\x7f\x05MoUV@1\x14\
\xe2\x91(bS\x96G\xb8\xb9\xfd<\x86I_\x801\
\xb6\x1a\xb9\x94\xdfDdu\xf0N\xebI\x1c3U\xeb\
-\x85\x9a\xab\xbe\x084|d0\x12\x0b\xdb\xd2\xfa\xfc\
\x04\xbf\x8a4$ov\xd1\xf6\xd91\x16\x1d\xf6\xd4\x1b\
F\x22\xf7%\xd8\x80\xc6\xb2\x14u\xda\x14!\xcd;\xce\
Ml\xf3yk\xff\xa9\xc8^\x1cy\x13\xb0-\x84\x95\
\x0d\xd1\x8ev\x90d\x91\x84\x03\x8cF\xfaiG\x98\x99\
\xbeQ\xc5\xb9\xe6\x05,{\x0b\xd2\xbcT\xb5\x16\xb7a\
;,\x90R\x8d:\xc4\x1bD\x8a\x9aY\xc3\x09\xf7\x14\
\xea\x8e\x8b\xa1\xb1\x8dD\xc2*\xc9\xe5)\x1e\xb1\x0e\x05\
\xf2\x22\x1b!8\xa1\xba\xf6'2\x1bT\x96X\xd0Q\
\x90\xf8<R\x17b \xeb\xd0 D\xc8vB\xe4N\
\x0ew\xc9\xc30\x0e\xf0'\xdf\xf3\x01\xc4\x96\x85\xcf\xbc\
\xf2<v\x06\xcc<\xa8\xf2\xeeY\xdb\xddx\x01\x871\
q\x0f\x9a{\x87Q\x91\xed\xbd\x07\xd83E\xe6\xda\x0e\
\xf7\x06\x0a>uq\x8e\xc3\x8f-\x8c4M\x9f\xe3\xaa\
\x95\x0dw\x80\xa5\x8b\x08?\xf9\xd7`\xdc\xba\x0e\xebW\
\x7f\x1c\x0e\xc1\x22\xc4\xb2/\xcbX\x05t*\xae^\xaf\
\xe8\xb3j\x0d\x94{j\xc2`\xf7\xa04\x81m\x10I\
\xe70\xa0\xfb\xce^pzH\x88\xa6\x80\x89v\xd6\xc1\
s\xc3\xaf\x8bZ\x8fy\xc8K,\x9c\xfdY\x9b\x8a\x8d\
c\x0c\xa3\x0d\xb8N\x1d\xcb\x953\xb0\xcc\x8a\x94\xb0\x12\
/X\x1f\xbe\x86;\x83\xd7\xf1]\x17\xfe\x0c.4\xde\
'\xbd\x028\xd95Z'\x93Lp\x854\xc1\x8d\xed\
W\x85&\x9cJ\x83Q\x1b?\xd5\xff\xbc\x1c\xfb\xe3\xce\
9\x5c\xb0\x16U\xa3\x11\xf2\xfaY\x93\x90[\xb0s[\
\xba\x1eu\x92!\x9e\x0fH\xc1\xe5\xb2\xa6Xy\x02\xfc\
\xa5\x19\xde[\xad`\xd5\xf4qy\x98\xe0Z8\xc4-\
\x96\xff\xea.\xc0\x05n\xc0I\xd11C|\xba\xf7\xab\
\xd8\xc9RTL\xc6\xfe\xe6]\x0dd\x85\x92\xb3\xd22\
CnE\xd8\xecw\xb0%\x85W=\xc4\x92\xde5$\
\xbcX\xad\xac\xe1m\x8bo\x83\xc9\xf0/JE\x18\xd4\
g;v\xa9eP\x89A\xcem^\xdd1\xf74\xec\
Z\x0b\x97\x93\xd7\xf1l\xff\xf3\xd8q\x1e\x02\x0c\xc6\xe4\
E\xa8F\xf0\x93\xcf\x82\x22\x02\x16\xbc\x8a\xca\x00\xd0\xe2\
<\x91\xd88kX\xe8X\x85\x5c|.\x8dR\xd0K\
\xd1\x7f\x83\xd2\xe8d\x19f\xc8\x1a\x80\xb7\xe0\xe1x\xad\
\x85\xff\xcf\x0f\xfeq!\x14=\xf3\x0f\x7f\x04/\xdd\xb9\
\x8dc\xcd\xd6\xa8ru\xcf\xd8\x98s\xf2\x1f\x85s3\
\xeb\xf3y\xcfCon\xea\x8b\xfa\x02\xa6&\xe9\xc8\x0d\
/\xfd\xb6\x1c\xd1\x1e\xec\xee)\x94~\xb4\x8b|a\x12\
\xc5\x1c\x9dG\x06z\xd1a+G&\x88m\x0a\xd4\x96\
\x10\xaf\x9c\x02Z\xc7`\xbe\xf9<L\xaa\xf3P\x1b?\
am\x7f\x01\xc2MM\xccr\xfb\xe6\x11\xfe\xa6\x91z\
N\xfe4\xc6\xb0s\x1dI\x94\xe2\x8e\xd1\x87o\xc5\xc8\
X\x80\x93gX\xc8+\xa8\xe5\xae$\xa4\x94\x86\x9d\x12\
\xf5\x18\xf7\x1f:l\x9b2:r\x9ft\x94\x99\x1e2\
Q\xaf\x1c\x17\x91O\x15\x82\x90^<\x84\x91\xee\xca\x8a\
O\xa1\x0d\x0f>\x92\xa4\x0f\xd7b\x02Z\xb1\xdee_\
\xf2\xdc\xe3]\xc4y\x17I\xde\x93pDV(6\xc0\
d\x1bRf\xb5\xf8\x1dix\xa1\x00\xbd\x81\x11\xe3f\
\xdaE\xc7\x09q\xdb\xe8\xa2k\x86\xb8\xe2\xee\x88\xab-\
e\xbd\xfa\xed\xd0\x00|\xd3 \xbb\xceE\xcdh\xa0\x0e\
\x07;9\xb3$\x0588\x1e\x09R\xb7o8\xb0G\
\x15|\xf3oE%\x22\xdfu\xcd\xa2,9\xc5A\x14\
\x12\xaf\xda3\xe4p\x88\xa1\x989<\xd7E\x0d\x15\xf8\
\xae'\x19\x12\xbe\x07\xae\xc2d\x02\x8a\xf1(Z\x87i\
\x5c\x83\xab\xbc\xe0D\x8c]\xf4&!\x8e88J\x03\
\x92\xaa\xc9\xb7\x86\x03$D\x8d\xdf\xb0\xd11#\x0c\xe8\
\x03V-\xbcb\x85h3|\x13\xceT\x8a\xa5\xccF\
\x83\x84 i\xec\xa2t\x0fsG\xb9\xf9\xe9V\x86\xbc\
\x02d~W\x98\x81\xefZ9\x85U\xbf\x8aK;\xdb\
\xd8\xe8\xf7\x85B^*#\xd2\xe9\xc5\xc3\x9e\xcdx\xf8\
\x8c)\xdbjb\x16sM\x85\x9b\xfb\x0d\xb72]j\
<\x9f'\xceQ\xfa\xae\xad\x90\xcb\xc9U\xbf@\xb3g\
\xcd\xe8\xf2y\x8bI\xaf\xdc\xc8\x83\xbd^%\xb5\xa9\x1f\
\x87\x80\xed*\xe7:\xfeT\xdf \xc1\xbb\xc2\x83\xa6e\
\xa7\x06\xff\xb0\x8b\xe4\x91\x8f\x22\xfd\xc8\x9fB~\xed5\
\xb8\xbf\xf9\x0bJQF\xbb\xed\xc2\xd8\x12\xd7\x94t\xb0\
\x12\xff\x8e/`T\x82\xab\x8b\xd2\x8a\x92]\xc3D\xd2\
\xdf\xc4K_\xfa\xd7\xf2\xf9\xf3R\x9a\xab\xaa\xe2\xc24\
\xc2\xf7U\x9fB\xcb<.\xaeh\xe1 r\xf5-\xae\
\xff\xa0\xad\xa8\xeeS\xbdG\xa4\xe7\xaeZ\xe5\xf2\x08\xc3\
h\x17\xf5\xca\x12\x1eX|\xbf\x02\xe0Y8c\xe4\xb8\
\xd5~\x01\xc3t\x13O\xac}7\xce\x98Ob\xc19\
\x06\xc7tD\xf6\x9bq\xafp\x13,\x13q\xd2\xc3\x9b\
\xb7\xbe\x89A\xba\x8bW\xba_\x10\xf4\x99Tc\xbeG\
1V\x14\xb8\xe4(\x95\x09E\xaa\xab\x8d\x1bq\x1b_\
\x0c\xaf\x8b\x82\xce\x97v\x9e\x93hC%\xfb\x0a\x83\xa6\
\xb9\x01\x86\x0dkH\xf5\x1f\x03\x1f\xf3\xbf\x03\xe7\xb2\xe3\
\x08\xadH\x0c\x95\xb4\x12/\xb1\x1cx.\x8e\x1bR\xf1\
\xed\xe9p\xb0\xf8\xef>vR\x81\x9c\x09\x5c\xa3\x82S\
\xd5\x0bpr\x9a.\x16\x14\x99\x88\xd2\x10I\x1e\x8bH\
\x0a\xe5\xda\x17\xfde\xac\xdaKh\x9a\x0d8R\xfe\x97\
#\x18\xf6\x91\xf3\xb9P\x81\xbc\xa8\x05!u\x99\x00\xa9\
\xae{P\x9c\x0c\xb5\xb1\xe0k\xd4\xf8%5qk\xd0\
\xc7\x8f\xbd\xf4UX\x86\x83\xe8Y 4\x13\xb4\xde\xb6\
\x0cc\xd1\xc4\xcf\xa5[r\x97\xec-\x18\x19\x09\xbe/\
_\xc4\x07\x92*\x02i\xd4ZdK2\xb8\xb1\x89\xf8\
\xf5\x00\x99\x9b\xa1\x923\xd3\x13\xe2\xc7>\xf1C0\x8f\
5\xf0\x83\xff\xf4\x7f\x16O`\xb1\xe2\xabVm\xfa\xd4\
\x1c\x13\xd4\x83\xd4\x8e\xc5\x9e\x8d\x9f\x8f\xc7\xd6\xde\x1dT\
\xdd\x89\xdew\xa4\x9c=k\xff\x09\x82\xc5\xde\xf1YZ\
\xde\xefJ\x15x\x22\xde-QZ\x95 S\xa9G^\
iSE\xb8\xfa;:\xb5\xc6\xd5\xaaP\xa1\x91\xbf\xa9\
\xa0\xd3:\x81\xc4\xf2U-\xbe\xdc\xa9\x89\xcc\xeb!%\
?\xbd}\x1byoK\xbe\xcc\x22 2\xb4F3\x9b\
d!\xaabP\x80BV\x12-\xf3\xad\xc1@\x15\x0a\
0\xefKw9\x95\x95\x9ej?\xcc\xe7\x8a`\x88\xae\
\xc5W\x1d\x85\xf2\x89k\x9c\xc7rO>oEfQ\
\x05+\xea\xed\xab\x85\x8a\xea1\x0bp\xd8\x10$f\x5c\
J\xe3\xa0V*\xd7u\x81\x8c\x04\x13\xb5j\xa4d\xf1\
\xa5\x01\xac\x14\xb0SN\xcaX\x10\xef(\xef#@\x0f\
a>\x94I\x22\xc2\xd4b\xd04\xc6Qt\x07\x92R\
^\xddq\xd8\x00B\x83Y\x05\xc0%M\xb5\xe8N,\
\x13G\x13\x8f\xc4\xe8Rc\x8f\x0a\xc5t\xf1\x87\xd84\
{\xf2.C\xcad\x8b\xd5V\xe5\xd1\xc50\x1aa\x07\
\xa3\x91\xa5\xbd\xbc\x91L\xd7\xc8\x14L\x0cOz@\xf4\
0\x5c\xc3\xd3B\xcaZ\xe4\x83b\x1fr\xa71\x5c\xd3\
A\xdd\xaa\x09\xf0\xc7\x8a;\xc6\xf7\xc3\xac+\xf7\xec\xc3\
\x97\x832#Pt6\xe5)\xa3\x84LL\x8a\xaf\x16\
\x85>E\xb3A\xb5\x98ddK-\xba\xc8\xdaJ\xe0\
\xd3\xb0\x1c\xd85\x86\x11)\x16H\x01evE\xca\x86\
\xf8_5>\xa8>\xbc\x93R}8\xc7P\xd3\xa8y\
?.\xb5B\x8a\x0cJ\x920\x1b\x8ah7\x84\x95d\
8U\xa9\xe3\xd1\xd5U\xd4\x1d[7Q\xa5\x021=\
\x8f\x0c\xb7:LI\x16f\xb4\xf4LF\x8b\xee\xfe\xdb\
x\xc1,\x00\xe39q:=\xe7&\x7f\xa36\xe5\xeb\
\xcc:N\xa1\x923\xf3\xa3}\xc0\x08}\xec\xe9o\x96\
\xd3A\xdc\xca\x9d`\xc7!\x04\x9bw\xc4\x88\xde\xff\xa7\
\x10?\xf0n\x98Q_\xd5\xa8\xb1\xe7}w\x07\xc6\xe6\
\x0d\xa4?\xfb\xff\x95<-e\xbd\xd8\xfbO<\x0f\xbe\
d\xf6\xa8\xcfb\xb8\xa7\x9f\x00*\x0d\xe9\x8aC\xd9\xa8\
\xb8\xb7\x85l\xd0\xd6\x93\xca@\x1e\x05\x88ww\x14\xd8\
\xd7\xa0\x8a\xb0r\xadQ\x84\x0f\x9c\xa0\xbd\x81\xbc\xd0\xe2\
f\x0a\x0a\xea\xd8\x85\x981\xa2K\x86\x91\x7f\xe2d\x88\
\x18\x8a\x83\xa0\xbe\xc2\xbcr\x8c\x85\xeaI\x9cZ|\xbb\
*9\x95\xdfF\xd8\x1e\x5c\x92!\x7f\xbc\xfe\x04l\xdb\
\xc7\x89\xe6\xe3\xa8\xdaM\xf4\x83\x1d\xdc\x19\x5c\x03\x06J\
1h\xb3\x7f\x197\xbb/\xc9\xbe\xed\xe0\x86\xac\xee\xa3\
\x15|d\x90U\xfaI8\xff2\xb7E\xf7\x1b\xbbf\
\x80\x17\x8d+h\xb9\xcbX\x5c\xb88\x01\xf4\x16LD\
u\x18\x03\x9d\xed\xdb\xd2\xf0\xe4\xab\xd1k\xf8\xed\xe4k\
8\xef\x9c\x82\x176p;m\x008\xa5\xf5\x0fF\xd4\
\x99\xb1\xac\x96\x9c^\xaf\xfa\x85p\xbe\xa2\x02M<*\
Nd\xdf\xae\xe2\xc1\xc6cB\xda\xa2\xf6\x02\xdfc\x9c\
\xc7\xa2\xa6\xdc\x8d\xdb\xe8\xa5m\x1c_z\x1bNV\xcf\
 !u\x19@?\x1b\xe0\xf5\xde\x9bhXU\x9ct\
\x8fI\x16\xa27\xdc\x1a\x19vb\x1d\xaf\xee\xbe\x81N\
\xdc\x95\xf7h\x9b\xcaH\xc89\x19\xa2P\xe0\xb4e\x00\
\xefm\xc1\xb8\x95 \xf9|\x8a\xd4O\xe1>U\xc1\xa2\
\xe1\xe2\x07\xda>\x9a\x91z\x1a\xb2F\xb3\x14\xdat\xf0\
\xf5a\x0f?3\xe8\xa2*}\x1b\xd4=3rX\xb4\
\x0c|\xff\xc2\x9a\xf0Q\xc2[4\xc6\x06\xd2\xdb9\xc2\
\xa0\x87\xbf\xfb\xdd?\x84|\xd5\x94\x02$\xb5x\x18h\
V\xeb\xf8\xad\xcb\x97\xf0\xa9\x7f\xf9\xbf\xa0\xe2Ug.\
(s\xc5\xed\xa5\xf8{\xcc*=\xf8\xbb3\x86\xebh\
\xdb\xc7\x03\xd8\x7f\xf2\xcf<\xc1!\xd6\xab\x8c\x19\x14\xe2\
-\xc5\xc5\x17\xab\x167\xba\x80f\x1c\x88\xc8\xa7\x11E\
H\x19\x8b\x05C\xe4I\x08'\x19\xc2\x16\x91N\x95\xb6\
J\xd9\xb9\x85/\x9fi\x22\x97\x94KVmI\x0c!\
e\xbb\xaa6\x9b\xab\x9f\x8a\xd7T\xa8\xa3\x97h]o\
\xae\x90|\xfd\x00U\x5c\xa2W\xc6\x12`UZ!\x0b\
K:\xa6v\xec\xf3\xf4fU\x821/G~\x00s\
\xff\x12?\x17e.,@I\x04\x5ct\x84_\xa0\x88\
N\x8a\xb4\xc4\xee<\xb1\xd0Q\xfb\xc9.\xba\xf1\x8e\xac\
d\x9c,\xbc+\x8bCU\xd3c\x8b\xe7\xcb-\xa1\xea\
.9\x08\xcc\x91K\xbbo\xcap+\x85!\x1a\x9e\xe2\
\x0d\x8b8\x88\xd4\xdf\xab6\xd1\x9c\xccl\xf4A\xb0,\
3\xe9\xa1\xf0\xbb\x09B#BDOE\xe9s\xa9\x1c\
\xba\xd67\x9c|\xef\x05\xc9X\xa7U\xf5\x05\x15\xa0\xa9\
TTZ\x8eTX\xf2e\x99,\xb9\xd5\x0c\xc0\xc2\x8f\
\xe45I7!\xfe>\xa5>\xb2\x16N\x11\x00\x8f~\
U\x8a\x84\xe9`]\x1f\xc0w*\xcfC:%\xb3\x17\
r\x22\xcfE\xbd\xf5\xa2\xa7\xa3.\x01\xe7\xcfJ\xfbK\
\xc21\xd3\xa8\xc8s!\xb6S\xa1<\x19\x9f\xb7\xa6l\
;)\xc3\x00\xe5j\xbbF&\x1e\x01\xdb\xb01\xb4\x90\
\xeaGQ\x1e\xce$]ik60\xd3\xaa\xe2\x13P\
-\x9e\x9d\x91b\xba\x97\x90\xe2\xad\x80\x9d\xe4b\xaaP\
\xe9\x8a\xc8|\xf6\xea~\xd0\x5c\xd2\xa4\xf2\x89\x10\xf4(\
\x19\xb5\xbd\x9e\x806\x00E\xba\xed\x80\xf0\xe3\xc0\xed0\
G\xa4X\x0f\xa6\xc1C\xf12t\x99\xac\x0c\x10\xdb\x84\
\xfb\x9b\xffB&v\xe6-\x22\xb5\x94\xfc\xb6\xecA\x12\
\x07k\xfd5\x22-\x02\x10\xf4\x04\xcc\x0a\xbc\xf7\xfd~\
\x18^\x03\xf6\xd6\x9b0\x86\x1d\x15\xff\x15b\x91|\xd9\
\x83\x1eRv\x9c)\x0a\x04\x8bi..\x9d^\x03K\
\x96T\x95\xe8\xaa;\x13pL\xb7\x8cV\xbf\x99u\xb7\
E\xf7\x95\xf1\xf3\xd0\xe5*B5n\xd6\x1f\xc4Z\xf3\
Q%e\xc6\x89\xa4\x198\xaa\xfa\x8f{Z8\xb3\xfa\
8<\xb3)\x13\x83.\xaccyX\xf4\x8f\xe3\xe5\xed\
\xcf\xe3\xb5\xad\xdf\x84\x03\x1fa\xde\x93<\xf9\x92{J\
\xe7\xc0U,\xde\x8e\xd8\xdb@c(\xa2\xbaC\xd7\x18\
\xb8\xd9m#\x8cvp\xdd\xe0\xaah!\xb3-8\x0e\
\x11w\xed;Hx\xa4\xae\xe1L\xb5\x81\xba\xe9\xe0\x8a\
\xe3\x22\xcc\x80\x9d\x8d70\x8c\x04b\x94\xfd\xe4_b\
\xb7t3\x15\xf1\xcf\xc6rg\x05\xce!\x81\x04U\x84\
X}(m\xd6\x94q\xe2\x9d\xd3\xb39]\xbd\xa8x\
\x08\x13\x18\xd0\x98\x9cS\xb5\x1br\x5cfex\x83.\
\x01I\xd3C\xd5\xaa\xa0\xee\xd4%]\xb8\x1em\xa0\x0a\
\x07\xd5\xbc\x22\x22*o\x04W%\xe4\xe2\x99F\x02\xab\
\xda{+\xde)71\x22L\xd1iP:\xd3\xef\x9f\
\xcc\x8e\xffP\xedI\x81\x8f\x1a\x9f\x06>9\xf0\xf1p\
\x94\xe2\xe9z\x0d\xefl\xd5\x11\xc7\x19\x86a\x80z\xb3\
\x0a\xafa\x0b\xc3\xf2\xcd\xeb]TI\xc8Z\xabi\xcb\
\xab,\xc1o\xfc\xd2\x9b\xb8\x1d&`\xe7\x07\xcf\xb2\xf0\
\xe5\xf42~9\xfc\x86\x14\xb2\xb9\x1e\x09b\x93\xcdD\
&\xe6J\x19\xb8.X\x0b\xf9\xac\xd4\xf8\xde9V\xec\
?\xfe\xf2d>j\x16|\xbdG\x13p\x9e\xad\x00\xfd\
\xc6\x175\x7f\xbaP.\xa4<[\xb45(n\xcc\x0c\
{R\xe9\x173-\xc6\x1cE\xe9a\x095\xb3\xe8\xea\
+5\xf5*\xb6KY\xac\xc2\xc1m\x1a\xb0\x1dY3\
\xd4\x04\xd3<t\xe6\xe5E\x86\xaapwK\x93e\x04\
V\x8d\xf2\xec*o\xae~\x1cIz\x94\xbclM\x17\
\x9e\xb8\x9f=w8\xf2\x1c\xf8\xd2\xb9\xb7C\x0f%\x8b\
U\xec\xa9\x95r\x0a\xe1\x0dU\xae\xc6U\x8b\xb1)C\
\x1a\xbd\xa2P\x1e\xdbJ\x11\xc4\xbb\xd2\xe6\x9c\xa6Oi\
\x09\xaaWY\x5c_\xb1\xa0Hh#\xf7\xcbI\x9a\x88\
\xfcV_\x17\xcc(\x11\x0e\xde\x9b\x12\xd7`\xabr\xc1\
'\xf48\xe1\xea\xa5(\xbeJ\xd8\x94\xe0\x88i\xb8r\
m\x8c\xa5\x19\x87\xeb[S\x18L\x91I\xd1u\x0f\x13\
\xf9\x22\xcd\xa2,\xc6^\x81\x0b)1N-\xb55\xd5\
\xa0BUH\xb23\x93\x1e\x94\xac\xd8\x8c\xa95\xc0\xb5\
\x5c\x9d\xcf\xd5\xab0'\xb0\xb4R(\xd2\x97\xd45\x10\
\xc3\xcava\xa5\x90S\xbf'\xc5\xd8,(\xcf\xa4|\
\x8f\xea\x09a\xb3\x02\xd4\xce\xb0n\xc6\xd2[\x90\x1e\x8e\
\x95g\x88\x1c\x96O\x9b\xf0I<\xa2V\xa2\x5c\xa6)\
\xed\xc7)\x16\xebRN<\xcd\x11\x13\x8b\xf2X\x14\xa4\
\xf0\x13V\xa5\x9a\xa9\x8dp\x18K*\x99\xe0\xe9n\xd8\
\xc7\x9b\xe1&\xaaL9\xd3{8\xc2|+\x07k{\
\xd0\xe7\x91T\xd2\xfe\xa0\xfd\xf4\xb8\x9cv\x01l\x01\xe7\
\xca\xab\xd7\x94\x0b2a\x91F\xea\xb9\x93'\x1a9\xbc\
\x07\x957N\x93p\xf4\xdc+\xd2\x1a\xaa\x88VG\x98\
\xa6\x0b;\xed#\xcf\x83\x89\xdek\xc5j-\xc7\xf3j\
p\x1f\xf9\xa0\xe8\xb7\xe7\xd7^\x16\xd72no\x8a\xe8\
E\xd1a\x98\xe2\x9f\x5cue\xa0\xd6\x08\xb0\xe9\xa8\xb7\
`\x17\xd2\x9df\xf7\x1b\x1d3\xab\xf0DO\xa9Q\x8e\
s,O56\x18\x874\x84\xd4\xe5\xa7\xcb\xd5sh\
z\xa7e\x92\xc8\xaa\xac\x9fC\x8a\x08\xbb\xc3Kp\xed\
*\xce.\xbc\x1b\xb6\xe1\xc3\xb5*\xba=a.\xd5}\
/o|\x057\xdb/\x8a\x0c\xb9g5\xe0\xd9U\xb8\
NU\xd7\xe8\x17\x83y\x8c\xa0\x8c\x90|]$\xc5?\
\x14\xab\xe0\xb2X\xafW\xd1\x5c8\x0e\xdfe\x15\x1fP\
\xb3\x1d\x9c\xa94%\xa6\xdd\xe4\xa07\x80\xe3^\x0d-\
\xc3\xc2\xf6\xee\x16zI\x8c3\xa7\x1eB\x9e?\x00l\
\x05\xd8\xbe\xb5\xa1'\xd5\xd8$\x8e\xc3D\x86\x03\x9c\x16\
cp\x90\xd3\x93\x22-\xc5~\x8eUC\xdd\xacI\xed\
\x04\xa5\xcc\xcaE2\xea\x99\xe6\xe8\xa6\x1b\xe2\xcd\x9cj\
\x9cF\xd58\x83\x96SC\xcdfA\x91\x0a\xa9\xd4\xa4\
7\x04@]ql$y\x86\xab\x83\x1b\x12\xe609\
`P,pb\x82\x94V?A\xa8u\xad\x07\x05A\
9y\xa9\xb2l\x9bh\xb8\xae\x18i\xb9&Y\xc0y\
<\x03\xbf\xee\x0d\xf1\x8c\x0d|WR\xc7S\x19\xb5\x0e\
\x0c4\x9b\x1e\x82(\xc2\xe6V\x17\x19\x9b\xa88\x0e\xae\
g\xbb\xf8\x91\xe7?#\xde\x15\xd9\xa8\xccN\xed\x06!\
\x06)[\x9d1\x84\x01:\xc6\x005R\x87\xb5\x5c\x5c\
9\xec\x9dg\xf1\x1d\xcf\xbf1nV\xac[\x933n\
\x0c\xc8\xabc\x8f\x96\xbc\xf1\xf7\xa6\xceg\x1f\xe6\x82L\
\xbe\xa8\x89C\xcd\xb8\xc0\xf9\x09\x09\xd3N\x83\x8a\xd8J\
\x97\x9b2\xd7[:[Q\x94\xc3\xd4\x13\xcbym\x1b\
.[W\x93\xb8\xb9sC\x1auf\xd2\xba\x8b=\xf0\
\xd4J j\xb8E\xad\xbbH\x85\x95\xd1\x8dqI\xac\
\x90.\xa4\x87}\xa9\xc1\x83\xcc+%\xd4U\x14\x05\xa9\
M1\xe1f\x93\xa7\xc6\x93\x80k\xadkVPs\x96\
\x04\x00\x94UH\xa7\x11\xe9\x09\x0c\xe3]\x89Y]\xb3\
\x0e\x87u\xa9:\xcd'\xf2\xd2\xb6\x89n\xb4\x85\xdb\xdd\
7\xe0\xdb\x15\xdd\xb9W\xcb\x8e\x15O\x8ax\x89\x06\x1d\
G\xc97\x019\x94\x1b\xcck\xb4\xc9\xfc\xb3 -\xce\
\x5c\xd7\x97\xb4Wb0\xbc0\xb0\xecz`\xd5A\xdf\
s\xc5\x96T\x1c\x0f\x15\xba\xde\xd2\xb4\x94\x8f\x8b\xc5\xef\
\x964\xccT\xb5\x12\xaa}\x97\xdaT=\x85J$\xd2\
\xc0\xd2\xed.\x89\x9c\x90\xb84\x0a\x09TY\xafe\xa8\
\xc2\xa8\xd1\xe3\x1d\x13N\xd4\xe4&\x08\x98GpMr\
\x10*\xf0MW\xb0\x1czn\x92S\xa1\x17\x22\xf8\x00\
\x11z\x07I\x1a\xa1\x9f\xf2\x0e(0\xaa\xbc\x1a\x85\xdd\
\x94\x07y\xe1{\xb0TO\xafl\xae\xa2hw\x07C\
\xe9\xb6\xe4\x0c\xc9@\xe4\xb2\xae*A\x8b\x95\xf4\x8e\x99\
\x2242\xbc\x8bD\xb0\xcc\x14\x1c\x80\xa1e\x90\xa4\x18\
\x0e\x02\xa1&\x93\xa3\xd1\x8d\x07\xf8\xcc\xfa\x0b\x88l\xa0\
B\xd9r1\x04\x0c\x83\x8a\xea\x0fUs \x1eB\x11\
\x9c\xcc,\x8e\x9a\x7f+\x16\xcd\xb1\x09.l\x9f\xba\xfa\
\x89\xd0j\xfa{\xb30\x80\xe9mdH\xf71\x06\x07\
^\xdc=H\x1e\x17\x17\xa8\xd6\xb4IV\x81\xb8\xf3I\
\x80|\xeda\xc4\xef\xfb\x03@\xb7\x87\xf4\xe6e\x18Y\
\x08DC\xedN\xa7J\xd1Fs\x19\x8a\x17\x90\xa7\x01\
\xb2\xa1\x12\xc2P\xea\xf3\xeae\xaa\xb3\x10\x94\xc9\xb1v\
\xf2\x01\xb8v\x05;\xaf\xbd\x88 `\x96A\x13d\x8a\
\x82\xa0\x22D\xd11q\xa1;8\xeb.D\xff\x9f\xab\
\x9d\xcd\xfcp\x8c8\xeb!\x91\xb2d\xa5J\xc4p\xe5\
\xcc\xf2\xbb\x05of\xb6 \xc9C\xdc\xee\x042P\xb8\
\xda\xd9\xec\x02\x9c\x0e\xe1;U,TVPu\x1a\xb2\
rH\xb1\x8dF\xd69)I\x11f\xaa\xb3\xf8\xf9\x89\
\xfa\xe3X0\xfe\x7f\xe5\xfd\x09\x90eYz\x16\x08~\
w\x7f\xbb?_c\x8f\xc8\x8c\x8c\xdc*k\xcf\xdaW\
I%\xa9$\xb5\x10\x9bD\x0bh\x98\xeefX\x9an\
\x1a\xac\x17L\xd3\xa6\xa6\xcd\x86\x06\x0c\xda`\x060\xd0\
h`l@\xa2\x0d\x04\x02\xa9$!\xaaJ\xa5R\xed\
\xa5,\xd5\x9e{fd\xc6\xbe\xf8\xee\xfe\xfcmw\x1f\
\xfb\xfes\xce}\xf7=\x7f\xee\xfe<\x22R%\xb3\xb9\
U\x91\xbe\xddw\xd7s\xfe\xf3/\xdf\xff}\xf3h\xa0\
.l7_\xc1\x1a>1\xbc\x82!y\x0f\x9am\xa4\
q\x82.\x15\x8e\xdd\x1az\x0b\xa4\xf4\x8e\xe0\xefl\xab\
g\xebU\x85\x0d\xe9\xf1V\x03u\xdf\xc5K[{\xb8\
\x1dRgA\xa9\xf6\xf0\xdaT.M\x19\x1f\xb6\xd1\xb3\
\xf4\x15\xb0\x06\x9eQ\xf1\x98\xf6\x96\xc6D\x91\x8c*\x97\
\x9fE&\x0b\x15\xa7\x86v\xc0\xfc\x86\x022\x8dX~\
rDY_\xee\xe8b\xebQq\x9f\x03\xf6\xd03\x9e\
\xe7\xaaoh\xdb\xc9\xc8\x9c\x0e0\x14\xaa#\xdd\xbbO\
\x94\xa34\xf4p\xe5\xd7FP<D\x15\x87\x1bnF\
i\x03\xe6FW\x7f+B\xf7\x937Q\xad%\xf8\x99\
\x9f\xffS\x12y\x05\xf3\x04\x18\xe5\xf8\xe5_\xfa&:\
{dr\xb6$<\xe2(a\xef\xe3w\x9c\x01^G\
\x1f\xe7c\x1b\xef\xee\x04\xc2\x1dp\xfe\x89\x15\xb9\x0eN\
\xf5F\xe6\xe37>\xf6\xdf\xc1\xaa{\xf8\x1b\x9f\xfc\x0f\
xa\xfd\x8e\xb4\x88K\x18f\xc6_)1l<\xa9\
\x07\xb9\x8d\x92\xd3\x93\xf3\xd5x\x86%\x8fk\xc2\x02\xec\
3\x00c!@\xd9M?\xce\x05\xdd\xafu\x93\x0b\x99\
\xfc\x8b\x8e\xe7km$\x8f\xbc\x0b\xee\xd6*\xd2\xab\xdf\
\x85\x13\x13A\xc7U`\xe2\x83\x92dS\xab\x96\xa8\x00\
\xc9j\xa1\xe3`\xe6\x18X2\x90\xba\xafZ\xaf\xa9\xe5\
W\xa9\xb4d\xf2\xcay\x84PT]\x10'\x01\x07\xb5\
\xca@+k>>\xf9\x8b\xfcl1\xe8\x84v\xcar\
\x11\x90zL\xa4\xa4\x87*\x84I9\xc8|T\x9cy\
\xdd!']\x08\xe8\x85\xc2f!\x83R\xe5\x0bB\x89\
\xf9Y\x19hxm\xa4\xec6\xd3\xae\x90\x9a\xf0\xa9\x22\
\xc8\x88\x09\x9b\xa5\xaa\x0d\x050Z\xa8f\xf3\xa4\xc2\x94\
\x90\xe8z\xde\xc5W\x92\xbb8c\x9dF\xdbo \xa4\
tV\x8f\x89\xd3\x1a\x06\xb5\x8a\xc4\x08\xde6\xd5\x8a\xa9\
t\xccz;\xc43\x98\x0f\x1c\x5c\x15o\x84]\xb6\xa9\
`\xf3I\x96j\x07u\x04\x12V)*\xed\xdd\xa8\x8b\
\x1eR\xa9\xd7\xabKS*L\xaa\xc9\xc8\x84v*,\
\xf1r\xd5J,\x0c\xc4:\x8f\x91YD5\x12;\xcf\
\xb0\xa4.\x09?\x01\xf3\x94y\x13\xf4FW?\xca\x22\
\x9d\xcf\xc9\x8a\x9c\x8ey\xe6\xfc\xafb\x0eR\x9e\x14K\
\xaai\x9f^]$b*\xe0\xaa\xdd\x8f\xd1\xd8\x19\x22\
\x7f\xc4\xc3\xd9\x1f|T\x18\x83x\xd3\xc38A\xfa\xaf\
\x22\x0cv\x12\xf85Gy\x1a\xbc>\xdb\xc6\xf3V\x88\
\xa1\x97\xe0\xbd\xb1\x8f7\x93b\xac\xe2\xa3\xb9\xd8R\xa8\
\xc3,\x17\xea\xf8\x93\xe7\x97\x819&)}\xc4I\x86\
J\xa1\x92<6\xa2\xcb\x13\xe4\xc0\xf1\x7fT\xaf\xc0a\
\xf5\xa7\xfd\xbfW\x93\xbfTc\xd9\xb7\xc7~\x030\xed\
\xa8&Yu\x9f\x93{t\x12]H;\x0cO\xbf/\
\x9c \xdcU\x05\xb5\xce\xb0\x0b+\x89\xe05\x97%i\
\x18\xf7v\x04\x07\xe0\x14\xac:\xa3\xcfH\xc2\x87\xc7R\
\xa4\xf1\xc2\x06[\xab\xcf\xe3\xec\x997\xcb\x9e\x22\xc0\x91\
\x03\xb5\xea\x1c|/\xc0&K\x88:\xd7ab\xd5$\
\xb7P\xcdkx\xc2yL\xd0i\xb7\xb3\xdb\x13\xd5\x00\
\xb5\x9f\x18\x0f\xbd\x1a\xf1R\xba\xd1\x062+B\x9aF\
\x82p\xabx\x0d4\xeb+\x0a\x15I\x16\xa3\x22\x8e\xd7\
\x0cDl;\x8e6\xd1\x1b\x86\xf0\xa8\x0a\xd4<'a\
\x84\xe4\x0f\xc4*)\xd4 \xd7\x1e^\xe3V\xf7\x8e`\
\xe2\x7f\xa8\xf5A\x04\xb1\x8d\x9f\x98{\x1cg\xec\x16\x86\
\xc3\x1e\x9e\xef\xdfA?\xcb1\xe7\x05BI\xbe\xe8W\
\x11\xdb\x0e\x82\xb9\x1cn\xad\xa6cb\xcdwgY\xd8\
\xa5+\xef\xbahk\xff\x91\xcf\x9aF\xa71\xbf\x80G\
\x17O\xe2J\xcf\xc6?\xbc\xfa\x15\x9c\xf3\x1a\xf8\x88}\
J\x08C\xfe\xd1\x85?\x8e\xbb\xd9\x1e\xfe\xc9\xeaW\xb0\
\x93\xc4\x10X\x92\xbcS\x15\xaa4\xbd\x96\xe8\x040\xa3\
\xcf$\xa2j8R_\xa3\x9cT\xe7.\xce4O+\
zn\x0d\x93\x96sk\x0f\xc10\xec\xf2\xfaX\xfa\xeb\
&]x\x96+\x02\x1c\x05,Y\xc7\xac\xca\x0dV\xda\
\x06\x9b\xd1\x16\xae\x0f\xef\xe0\xfd\xf5\xd3\xf8\xb3\xd5\x9f\xc4\
{\xda\x8f ]\xaaa\xd8M\xf1\xec\xedm\xd8w=\
<\xf9/_E\xe2'\xa8>\xdc\x12&\xa2\x1f\xfe\xbe\
K\x88\x92\x1c\xd1\xad\x10\xf9 Ce3\x84\xdd%\x1b\
\x90b`^\xf0\x1c\x04\xf3\x0e\xdc\x8a\x87tO\xb8\x83\
\xe0T]\xa4\x01\xd5\x94\x22\xd8\xa1B\xd4\xb2Ai|\
\x85\x9f\x9a\x9f\xbf\xe7M\xa5\xbe\xc7c\xfb{:\x8e~\
fSs\x00\xf7\x13\x02L=\x99\x1cX\x7fo\x92\x1f\
3X\xbb\xf2\x01\xd8\xb0\x93\xf6\xbb\x88\xc3\xa1\xf4\xc8\x0b\
\xe2\xcf'\x10[1\xf4\xd2\x22+[5J\x8d(Z\
l\xa5pkN\xca\x95\xc3\xf7k8y\xf2Q\xa4\x92\
pS\xe5,\xae<L\xe20\x09\x171\xff\xc0\xec\xaf\
\xed#d\xa2\x90\xc4\x0f\xb9\x8fS\xd6i\xf4\xed>n\
\xa7\xb7'\xde\xa7f\xab\xd5\xe2\x1aBSm\xd9\xe8E\
[\xe8\x87\x1b\xc2\xad\xc7\xfb$KO5\x98\x93\xeb\x12\
\xf0\xb3\xd6/\x14\x84\xa2Q\x1f\x0aw\xd0\x8b6\xd0\xaa\
,\xa1\x1a,#\x17WW\x89|\x14\xb9v\xf9\x92\xa1\
\x17m\xa3\xeeU\xf1\xae\xfaS\x82W\xff\xd1\xc6)\x9c\
\xf4\xea\xf8\x9d\xdb\x97\xf1\xea\xb0\x8bUt\xd1\xe9\xef\x89\
\xc4x\xc5\xf5\x05UG\xbc{\x1exR\xefg\x99N\
\x94\x83\x9c\x1c=M[\xe6\xb9D+*\xf6C6\x1c\
U\xe7\x17\xb0\xb4t\x1a\xab\xaf\xdf\xc6s\x9b\xaf\xe2\x1d\
\xb5\x93\xb8T\x99C\xe0z\xf8\xaf\xcf~?\x06n\x17\
\xbf\xb0\xf95l\xc4!*R\xf2S\x93\x9f\xec\xc5L\
l\xb6\xddE\xc9\x81\x8c\xf8\x10\x14\x15x\xc4:<,\
,\x04\x0b\xe2\x810T2l\xbe\xb2I\xef\x01I_\
s\xe9\x8d@:\xc4\xcep\x1b5\xaf\x0e\xcfUhF\
U9\x1ay\x0b\x02N\xb2m\xec\x0dwq}x\x13\
\x7f6\xf8(\xfe\x92\xfb\x14\x06\xady8\x8f/b\xf7\
z\x88_\xfd\xfae\x5c\xe8-\xe0\xd1Oy`\x91\xc3\
\xff!6\xf6\xe4\xf8\xc8\x8f=\x0e,\xd7\xb0\xf5\xc9[\
\xc8W\x87h\xbd\xdc\x81\x17RL\x95\xcf_y\x8eq\
\xc5\x16\xf4i\xde\xa7F\x18)\x9c\x81<\xb0\xe0\xd5\x14\
7@\xa7\xd7\xc3fg\x07\xde\xdc\xbc\x843\xaa\x82\xb5\
\xdf\x9b\xb9\xd7m\x94\xed)\xe0[Gne2\xd5i\
Y\xbc\xfd\x06`,\xaf\x8c\x07Jj`\x0c\x81\xb8\xc2\
\x05M\xf6a\x17ob\xff\x08\xd9\x997#\xbd\xf8\x0e\
\xe4v\x00\xef\xeeM\xb8\xfd\x1d \xdc\x13B|\xc7S\
\xcc4j\x12\xe6\xc8\xa9\xdaC\x17\x8d\x9d{\x22\xbb\xa5\
\xcal\xc2\x87\x17)\xaa\xa9z+@\x94\xc4Z\xd7N\
\xa1\xbcx_\xf5\xf9\x15X~\x80\xdb\xe1\x10\xd1\xf05\
\xb4\xad\x1a\xce`\x854\x14H,\x86\x00E\x8eU\xdf\
\x14c\xfe`\x8c:L\xc2\x06]-\x10P\x0fWw\
i\xbc\xa1\xf2\x8e.@\x15\xb0Y\x95l\xecG\x9b\xc2\
\xffG\x0f\x87\x9e\x82Lz2\x18\xcb=\x99^\xbbl\
\x22yIA\x0c\x07\xc3t \xd8\xf5A\x9a rc\
8\xbe\x07g\x18\xe3\xd1\x8b\xa7\xd18\xb3\x88\xdd\xd0\xc6\
z\x1c\x22@\xc61\x8b\x945\xed\x9dm1\x02\xedS\
g\xe0P\x0cT\x16ge\x0ch$\x19\xba\xcc\xd5\x9b\
\x92H\x8c\x06}\x01\x14\xcd\xfbu\xd4H\xcf&4\xe0\
\x19\x12\x92\x8c\xb0\xadX'\x1c9Q\x98\xack\xf8\xf3\
\x02\xe5%C\x10\xa9\xbdF=\x07f\x1c\xa8\xdc\x0b\x9f\
\xc10\x19J\x19\x99\x89J)'k\xaf\xa8\x1f\xef\xa1\
\x1fS\x84\x95\xde\x91\x8b$\x0d5\xd3\xb3\xc2\x0b\x18\xd2\
\x91\x11\x06C\x01\x90\xf8\xa4(\x84R\x13\xcf)\xc56\
z@\x5cG5\x8e\x05^n\xfa+\xbcJ\x00\xcbK\
\x11^\x1b\xcaD\x1e\x0c\xef\x22'\xcd\xf7\xeb\x1d8\xfd\
\x1cq?A\xee\x01\x83\xdd\x0ci?\xd1\xa9De\x18\
\xb9\xd2\xdb\x8e\x85Z\xd5\x06\x0f\x9f]'I\xc9\x00\x7f\
\xeem\x1f\xc2\x8f\xbe\xe5\xed\xf8\xec+/\xe0\xc5\xb5\xbb\
\xf0\x1d\x1a6\x03\x90\x9fm\x9bmn\x15\xedT\xc76\
\x1d\xe5|\x16\x1f\xdct$\xe0\x03Z\xf9\xa7&\xf7\x0a\
\x91\x9f\xa3\xce\xa0\xe9\xab\x19\xfbvw\x11\xd5O }\
\xff\x9f\x84\xb5q\x13\xc1\xd5\x97D\x0f \x1d\xf6\xd5~\
.\xbb\xdf\x8c[\x93!!Y\xa5\xc0C9\xc8T\xac\
/\xe7\xb4#\x89g\x19{V\x9b\x01\x9c\xd8A\xd8c\
l\x9e\xa9dR\x9e\xa3\xd9:\x81Zm\x19\xd7o\xbc\
\x8e\xefv\xaf\xe1]\xf5Gq\xda;\x8dA\x98\xa0G\
W\xde\xd6)\xacR\xe3\x8bJ~\xa9;\x1d\x95\x0a\xd5\
W\x16\xb0\x04Y\x90\xbb\x12S\x9bZ7\x01N\xeaC\
*I5\x88\xb6\x90$\xe4\xd2k\xc1eU@<\x18\
\xadp\x5c\xf4\xd5h^\xe2\xa2\x9c\xab\xc2\x9b~\x9c\xa8\
x\xde\xa2\x08\x86\x0b2\xa5\xed\xf5\xfb\xb8x\xfa$>\
\xf2C\xe7\xf0;\xcf^\xc3\xeb\x97o\xc1\xf1l\xb4s\
\x17\xd10\xc1\xfa\xf6\x06\xfcF\x13'.]\x82\x97Y\
\x18\xeen\x09\x0d\x96\x88\x98\x12\xfd\xe6\xf8hT\x14\x02\
\x8fh@R\xaf\xf7\xa9\x16L2\x92*\x9bw\xe8\xf2\
\xab{\xee\x90\x0b0\xeb\xc2q\x15\xa5x\xddm\xa0i\
7\xc4\x90(A\x97\xf1\xe5D*!\x22\xab\x96\x22\xd2\
\xa1\x9b#\xe5H\xddpD\x85\xa2\xa8#\x5c\x07\x9a\xb9\
P\xf7\xe5k\x02\x97\xa2\x93a\xe4\x11I\xdf\x06E>\
\x1c\x17\xc3,\xc3v\xd2G7\xe9\xa9\x862\x92\xc2J\
\xe3\x12i\xe4\xa8\xfc\x93 \xde\xe3\xf5\xa7\xb06H\x13\
\xef\xc2!k1c\xfaJ W\xec\x9er`7m\
$\xab9z\x9b\xb1j\xa9\x96\x1c\x86jMw}\x0b\
\x95%\x1f\x16\x87`'\x14o\xe9\xbfz\xffG\x80\x93\
u<\xffs\xff\x07>\xdb\xd9\xc1\xc9V[\x10\x9e\xca\
\xb3\xb9\x17\xad\xa0\xd1\xa6B\x9cq\xc5\xdfY\xe9\x16G\
\x9b\x9e\x07\xc5cSe\xca\xe3_\xcc}\xe4\x03f\xc5\
\x0c\xa9\xd2M\x82d\xe9\x22\xe2\x87\x96\x90\xce\xad\xc0\xda\
\xbe\x0d\xab\xbb\x89\xbc\xbf\xa3\x1f\xaa\xa6\xd4\xd6\xcd f\
5U\xe5\x1cW\xb1\x01\x0b\x92P\xc7\xd9\xb0\xd0l\xae\
H\xb2Ob\xd2<C\xb5\x11\xc8\x07\xc3\x9et\x84\xc3\
\xab\xd7\x84\x10\xc3\x0d<\xf8\xb2\xee9B\x0fNM\xc0\
\x0fV\xcf\xe1\xae\xb5\x8b\xcb\x03N\x14\x85\x86W\xfc\x03\
F\x0df\x04kU\x9d\x87*\xd3\x1d\xb0\x1c\x18,\x89\
K\x5c\x00\x9b4\x930)\xc0\x94\x8c\x18Kp\xfc\xbb\
\x82\x1f+0\xd3(\xa81\xbd\x96\x9c\x8cQBC\xa6\
\xe2e\xaa\x05\xbd\xad\xdeB;\xf3\xb1\x9d\x0e\x91\x0e\x1c\
\xd4\xdev\x12\x17\xea\x0bXktq\xf9\xea-t\xc2\
\x88\xb5@\xd5~\xcb\xaf\xae\x03\xbf\xb2(\x00\x96\xee \
D`Yh\x10\xb5GT!3\xfc\xa9\x85\x8a\x0b\x5c\
\xa8y\xe8\xc59\xf6\xe2\x04ss\x01\x1e{\xdf\x13\x98\
\xef{\xf8\xf6\x8d\x1d\x9c\xf4\x5c,\xc71\xb28\xc1\xc7\
\xeb\x8fa\xa3\x9a\xe2\xdb\xc3Ul\x12\x87A\xc2\x13\xb2\
\xe5\x96\x0b\xdefc\x96\x1d\x16\xe6\x83\xb6\xea\x09)v\
\x19\x85n2\xe1\xd9\x22,\x1d\x9f\xf4\x9c\xc8B\xe4\x0a\
\x06\x809\x80\xa2\xbco\x8c\xb0\xb6\xb9\xbd\xb4/\xdcJ\
\xef\xa8-\xe3\xedN\x15o\xaa\x9f\x82k\x05HI\x19\
\xa6\xf5\x1b%\x818\xe7\x02\x1fZ\x12\x8a/\x91l\xd7\
]\x86Yjc\xf8R\x07t\x87\x98@\xa4!$\xc8\
@\x89\xa5\x98\xb7\xc0\xf7\xabr\x10\xea\x1d\xb1\xe1R\x09\
\x8c\xf4\xfb}\xb8\xdb!\x9e\x5cZ\xc6O\xbe\xed\x9d\xb8\
\xbd\xb7\x87\xcb\x1b\xab\xe2\x09\xbc!L`\xa6\xbd\xf5^\
?>\x95\x0f`\x86\x0f\x8e\x7f\xa6\x0c\xd59h\x9f\xa3\
\x8f\xad&\xd3\x88\xc5\x87\x00\x1f\x84}\xe4\x8f~\x00\xe9\
\xfb\xfe\x04\xb0\xb7*\x08A{\xd8Ev\xfb\x15d.\
\xd9x\x8dc\xcc\x15VO\x10\xce\xad \x10lx\xb4\
\xb7\x8dd\xb0WJ\xfe\xb5\xb1\xbc\xfc(\xe6\x17\x17\xd5\
K\xb3rT\x96h\x0c\xd8\xc4\xb1-\x93\xb7\xber\x12\
~\x10\xa0s\xeb\x8a\xa0\xcb81Y\x1e\xbb\x18\xb4\xf1\
C\xd5'\xf1\x0c\xae\xe2\x13\xfd\xdf\x11\xf3\xeb\xba\xaa\xec\
e\xe8\xbe'c'\xde\x0b\xe9\xa1\xe7km\x9cn?\
.\xb5\xeb,Qx{\xdb\xa9H\xa6\xbf?X\x97\xec\
8WVW\x90w\xc6a+\xaf\x9a\xda\xf5\xb5\xc9\xd7\
GH*Yrc\xf4\xf2\x01\xe6\xed\x00\x7f\xfc\xc4C\
XH\x02\xfc\xc7\xcd\xcb\xb8\xd1\xdf\xc0\xc7\xff\xca\x0f\xe2\
\xdd\xdf\xbf\x8cO\x7f\xe2k\xb8\xfa:\x13\x91\xec\x99\xf0\
P\xf1],\x07>\xb6x\xed\x0e\x9b\xa9\x80\xdd8\x11\
A\xd2\xa7\x88\xad\xb2,\xbc0H\xb1\x87\x04O\xfa\xc0\
C5\x07\x97\xbb\x09\xeen\x0f\xf1\xf6\xc7O\xe3\xcf\xfc\
\xe8{\xf0\xad\xaf\xbf\x86\xff\xf3\x1f~\x01oo-\xe0\
\xc9\xa4\x81<\xcc\xf03\xd5\x8fI\xe7\xdc\x9f\x8f\x7f\x05\
w\xc3^I\x05y\xbc\xe4\xa50\x10)\x02\xc7\xc7\x89\
`E\x92\x9b\xca#S\x1d\x9b\xaa|k\xfa\x09\xb4\x94\
\x19\x11\x93)C\x92\x0aZ~S\x09\x03\x1b\xadQ9\
\xa8\xda\x97\x09\xd5\xbb\x835lE\xbb\xf8K\xe7\x7f\x14\
\x1fJ\x16\xe04}\x91\x05K\x9a5\x8d\x03\xc9\x85l\
4i\xb9\x98\xfbkoB:\xe8\x8f\xaa\x08\xa21\xea\
\xe3\xc6_\xff\x1c\x9c\x1b!\xf2\x90=\x1b\xaa\xa2C\xef\
\xa4\x0c\x0f)F\xb8F\x8e\x9a\xbe\x16\xdf\xf7\xa4\x07\xe5\
g~\xe8'\xe0\xcd\xb7\xf1\xb7\x7f\xe3\xdf\xe3\xef|\xfa\
\x1aj\xcd\xb6\xa89\x1d\xbe\xed\x8f\xd0\x8f\x9a\xda\x93q\
\xfd\xbe\xbf\x9b>d}\xfc}\xc5\x15\x86\x00\x06\x19w\
p\xe5p\xca\x81\x0b\x0c\xc7\xa8\x9e;\xcb\xa6@\x10\xd3\
L\x8e\xee\x83.\xbdX\xcdB\x87\x8c\x1c\xffI\x04w\
\xb8\x07{\xd8\x81;\xd8\x93n?&\xdbFP\x0b\xde\
\x03\xb5\xaf\x98-\xcfT\xdf\xbe\xc4\xc7\x9c\x84\x5c\xed\xea\
\x98\x9bk\xc1'[+\x11Y\xb6\x8b\xe1 \x92\xd2\x92\
\x1d)Y1\xa3\xd6\xab\x1aG\x94\x9d\xe7\xa4\xe4\x22\x90\
(-i$Q,MH\x92\x8e\xcbT\xf3\x8c\x0ao\
&\xa21\x9d\xd8\xf3\x9d:\xaa~\x1b\x81W\x93\x8c\xba\
\x1c\xdbQ\xabx\x18nI#\x10'\x80\xaa\x8ah\xee\
\xb9\x11\xd0n,\x7f$\xefH\xf7\xba\xa7\x16\x1b^\x80\
7U\x96q\xc1[\x10\x22M\xaelLZ\xda\xe8\xa3\
\x17\xf70\xe87\x11\x85):1\xbb\xd7X\x1a\xa3\x8c\
\x95\x85\xad,G\x8f\xc8\x17\xe1\xb6\xc8\xe1P\x84T+\
)S\x02\xcbws4\xd8\xb0d\xa5\x08S\x95\xd5n\
V\xc8tK\x8fE\x09\x96&\x16\xf1\xf3)\xd6\xa8\x92\
\x9c\xc6\xa8\xe9\xfb\xcf\xecD&\x80\xdc\x89\x10\xbb\x8cH\
,\x14N\x80\xc4*\xaep\x1eJ\xd2O\x14:U\x1b\
\xb2\x80\xb0\x8cj\xb2N\x90\xe6\x9a1\xd9q\x03\xa9$\
pw&\xe1\x0ap\xb8Ne\x0b\xdb\x11y\x04y$\
\xfd\x9e\x98\xb3\xe1\x98`n\x22\xe5\xcf\x1b=\xb8pq\
\xfe\x89\x93h_\xa8 \x1e\x0c\x90G\xec4TmC\
\xea\x5c\x0an\xaeX\xa2\x99\x12\xd6\xd2n%\xcfD\x01\
E\xf9\x5cT\xf2X\xd7\x89U3Y_\xd1\xa5GN\
\x04\xbb\xd2Co\xd0\x13#+D\xae\x87\x90\xa6\xa8g\
T\xf6\xed\x15\xbc~\x04\x93\x1e\xa5P\xcb\x03\xcd\xa8I\
\x8d-\x17\x857%1\xe4\xd4jU\xf9\xef\xda\x9f\x9a\
\x80\x0fh\xcb=9\xad\x15J~bPN\xb3T\xc5\
N\xa3>z\xa5\xa0[\xbe\x882\x81\xc8\x08\xe7\xac\xb0\
we\xd6\xee\x04\xb6\x1b\xc0\xd9ZE\xe5\xf9\xcf\xc1r\
+\xba\x0c6\x02V\x08\xc9'\xbb\xae\xba\xdb\xa2|\xc3\
\x0f\x8b|\x16I\x1d\xd3\x10K\xad\x87\xf1\xd8#\xefC\
\x9c\x84jE\xc9s\xdc\xbd~\xb7x\x88|\x91\x95J\
M\xdan\x95\xea\x16\xcbt\x14\xa0\x88\xe4\xe5\xb21\xc7\
\xb5X% \x8e\xdd\x92\xc4\x0e\xcd\x93\x97\xb1\xde>y\
\xf3\xea\xaa\xf9lZ\x95\x15\xccW\xcf\x95X\xb7\xc9|\
ca\x18\xefa\xb3\xfb\x9a\x5c3\xe1\xc0J\x9aKM\
\x18y\x14\xbaW@\xd0uZB\x9c5\xf00\xe9#\
\xca\x06\xb8\xda\xb9\x82\xf3\xc1\x02\xfe\xd9\xcaO\xe3d\xda\
\xc0\x1c\x09\xfa\xdc\x5c\xdc\xf1$$U5\xc5;\x5c\xdc\
\x1a\xa4\xf8\xf4\xb5uT\x9bu\xe9\x91\xa0/\xf4\x12i\
\xb6,OT\x82\x18b\x85\x9b\xbbR\xd2F\x8b\xcc<\
\xc0\x229\xf6\xa4\xf5\x88\x06#C\xbb^\x85\xe7Wq\
\xeeT\x13\x17\x1f]\xc0\xb5k\xab\xe8\xa7\x11v\xc2\x0c\
_\xca\xfa\xa8Z\x09~\xf2\xc2y9G\xba\xeb \xca\
z\x22\xda\xc2\x96_Nr5\x12\x98G\x88$\x01W\
w\x1a\xaaa)aG\x9f\x1a\x05\xc2W\x10\xb3\x85N\
w'\xf2\xdc\x1a8\xc52b\xc3i\x88\xd1T\xbc\x88\
%\xd2\x0cAC\xdahzs2!9:\xc3$\x15\
\x84_\xbb\xb9(\x9fa?Ix\xa7\x87\x9dg7\xd0\
\xfc\xc0<\xfe\xc7_\xfd3r.v\x98Z\xd4\x08\xd0\
\xe8I1\xda|?<mH\x95%\xbe\x7f\xfe\x9e\xb8\
\x00\x95\xf4\xa7\x11\xcd\x8b\x11\xa3\x1a\x8b\xb8H\x08\xbc\x98\
\xfb\xbe>\x10\x95*\xfbQ\x0f\xce\xc9\x119\xa8\xe2J\
\x9c\xad\xb6\xaf\xa0\xcf\x93\xa5\xb3\x09\x1c\xfd\xb4\xe9&{\
\x1b\xa9w\xb5\xb3Y\x9e\x8b\xfd\x8a\xf5e\xf4\xbb\x03\x92\
\x80\xfbk\x97\xca\xf0\xe9Az\xc4\x8a?\xb2:\xda\xad\
?`\xbfi2\xca\x0a\xa7\xa7Y\xe5\x0d\x9cR\x9fS\
& \x13A\x9a\xb3]a\x092X\xcc^\x8fU\x15\
\x14\xce\x9f+G\xd5\xad\xc0\xf3\xaa\x82zK\xd9\xad%\
\xbcz\x99t\x1e\xaaD\xbd\xd2\x13$#\xac\xc4y\x04\
\x92\xb0\x8d\xb6R\x85Wk!\xf1l\xa1\x04\x1f\xd89\
\xb6(#\x9e\x03'\x5c\xd6\x8e=\x0c\xa5\x95Wy\x04\
\xfb\xcd\xa0\xaac39\xa4P\x87\xe3\xbe\x92\xe2\x0e\x90\
es\x0c\xc3n\xc8KT\xd2Kw\xdd\xeb\xde\x86D\
\xa0\xb2\x1e.\x06\xcb8\xe7\xd61GinBS\x99\
,\x8cs$m\x1bA\xcbG\xe6$r^\xc2\xa5\x07\
\xb0Q\xa31\xd2\xa5\xc4HKk'\xd2\x8b\xaf*$\
\xcc\x8e\x0b\xc0IeND\xcd\x98\xe9!\xd6 \x5c\xd7\
A\xcb\xc9Q\xe1\xe0\x97\xe4\xea\x10\xf3K\x1e\x1aU\x17\
\xbd^\x0c\x9bq3\xb1\xf5Q\x86\xb3\xc1\x1c\x1e\xce\x96\
\xe1\xd99\x86\xcc\xdak\xae|\x1a>Y,t\xd7\xa0\
\x08\x83jC)X\x08\xbd\xda\x15r\xe2\x0aA\xa4\x1a\
{\x8c\xaaq\xd1\x86=z\xd2\xe6\xa9\xf6\xf3\x814\x1d\
\xcey58\xd5\x05\x11L\xa5\xbb\x10\x92Z$\xb1\x90\
\xd5\x03$\x95\x1c\xee\x92\x85\x88\xe1S\x96\xc0\xcd\xc8\xfd\
\x9bh\xf5'\xf5.\xac<A\xda\xce\x81\x93d_f\
\xb2\xcfB>\xc8\xe1D\x8ai\xc9$\xa6\xa5\x8b\x93\x1e\
]\xa8\xa8\xd8l\x9b9!5\xc3X\x99\x11(\x85a\
\xf80\x8c\xcb\x13\x04 \xfb\xe7\xcc\xe8\xbe\xca\xdf\x8f~\
3\xa3\x97]\xee\xc3\x9eas\x0fN\xe4\x8d\x07\x0cS\
\xbb\x91\x8e\xda\x0c\x9b\x8e\xba\xb2\xc9K-<\x84\xf1?\
)\x18\xa6<|\xba\xbci\xa2\xc1\x18j\xdfQ\xeb\xb2\
\x82\x89\xb2\xb7>\xeel\x01\x02G5]\x80@\x1c\xc7\
8s\xe6M8}\xea\x09Ymh#8\x90\xfa{\
\x1dT\xdau\xac<tN\x1aJD\xb5\x97\x93C\xaf\
\xbc\xe1\xfa\x1e\xa20\xc6\xe97\xbd\x0b\x17\xdf\xfeA\xdc\
\xf8\xce3\xf8\xcd\x17>\x83\x0b\xd5\x93x\x11\xa7Pw\
\x1d\xfc\xef\xad\xbf\x8c\x8e3\xc4\xdf\xda\xfc9lF=\
\xccU\x165\x12m\xf2\xf9\x19m\xbfH\xaa\x08\xca:\
+\x09/\xb2\x0c\xb3m\xb6U=)\xee^7\x5c\x95\
\x15\x93\xde\xc0\xa8\xf4\xa7\xfa\x17\x080\x8a\x92>\xae\xed\
\xbe\x82\x8f\xb4\xdf\x8a\xbf}\xee\xcf\xc1\xe9\x878\xe3\xb6\
0tR\xfc\xa7\xdb\xb7\xb0\x11e\xf8\xf1\x7f\xf4Q\xfc\
\xd0\xbb\xe6\xb1zk\x0d\xd1v_\x886\xc9^q\xda\
\xb1p\xd6\xa7\xaa\x91\x85\x179\x98\xb3\x14\xdd\xedm1\
L\x1e\xc9)\x02\xe0u\xdd*\xff\xe6\xaa\x8f\x15\xc7\xc1\
\xf5\xd4\xc2\xf5a\x86\xf7\x9fm\xe3\xe9\x0b\xcbh\xcd{\
\x18\xf6\xf6\xf0\xb6\xb7=\x84\x7f\xf6\xaf\x1e\xc1\xe6z\x88\
\x9f\xfd\x8b\xff\x16\x8d\xc8\xc1\x93w\xeb\xa2\xb0\xfb\xf7\x9f\
\xf8\x93X\x5c\x99\xc3\x7f\xf5\xcc/\xe0s\xebW\xb1\x10\
4\xe557\x839T\xbd\x9aF>*\xc0\x8cQE\
Vb\xe1\x0c=h~\x14\x06C\xb8\xfe\xb4\x87gt\
\x13&G\x8e\xe9Dd\xff\xff\xed\xce\x15\x84\xd9\x10?\
\xb5\xf4V\x9ckVq\xd1\x9d\x93\x9d\x9e\xd9\xba\x81O\
\xdcz\x0d\x7f\xec/~\x1c\x1f\xfa/\xde\x87aw\x17\
)\xab>\xdd\x04\xd1s\xdb\xd4>\x87\xfb\xa1\xb3\xb2\xbc\
+\x8d\x81\x04'\xfe\xda\xdb\x14K\xd1\xee@\xccp\xf7\
\x137a\x7fn\x17N\xd5/d\xd6YE\x22\xe2x\
\xf7\xda\x9ex\x05\xad\xf3\x151\x02\xca\xf3c3\x91V\
!\x12*7bQ\xd4\x9d\x98D\xa4\x8c\x8eI\xa2\xda\
\x89\x913\xf9\xbbcM\xba\xd2\xe7\x8f:\xc6\x11U\x00\
\xe3\xe2\xef\x9f\xf8\x87\xa3\xf84\xecP\x07%FN\xbd\
\x14\xd2\x14\x97(\xb1\xa1\xce\x98\x97/<\xf5\xaa\x88)\
\xe6\xe8\x92*\x8b\xab,g\x82\x8a\xcf\xc4m3l\xb2\
\x5ce\x04\xedWf\xb7Q\xdd^\xaa\xc4F\xd7\x90p\
W\x82|\xa8+\x90\x14,X\x92\xb1\xa7\xa11\x1d\xc6\
b\x08HD\xa1^b*\x80\xa3\x00\x99\x17`\xcf\xc9\
\xb1\x9d\x85\xa8f\x15\xd4\xd2\x0a:\xf9@\xd8i\x18\xbf\
\x12)X\xa6\xc4\x96^yi\xa7Uy\x0a%\x85\xad\
@!\xaa\x8e\xcc\x01\xaeVFf\xa9Y\xea\x1ce\x0e\
\x8d\xb1T\x0d@j\xf5g\xf8\x01\xd4\x1d\x1f^\x1a\xa3\
\xda\x03\xfc,@Vq$M\xd9q<l\xf8!\xe2\
Z\x0c\xaf\x1a\xc2\xa3H\xa8F\x0f\xaa\x98<\x13\xed@\
\xc1$\x14~\x97\xc2\xda\xd3\xb8p\x100? \x8d+\
b\x08R\xa4\xa9#\x10Z!\xcb\xf0ma'f\x9c\
N\xd6\xb5J\xc5B\xa5\x9e\xc3\x99Kau\xd9n<\
D5\x0f\xb0`\xd7PO\x02\xcc;\x01Z\xae\x8b\x9a\
T:H\x9a\xa1\xbc\x18\xe5\xc9*D'!\xce\xbc\xbf\
X\xb0\x0f\xea\xc6\x15{\x8e\x92p7y\x04\xc9\xd2\x1b\
\xea-E^P \x09\xe8\xc9\xb1\xf3\xa3i;B`\
Z\x8f3\xd4\xd8\x84UU\xa1\x1a\x0b}\xdbq\x8c\x9e\
\x1f\xc1n& \xd1\x01\xdf\x97\xcd\xc7\xda\xc9\x90UD\
PQs\x17(0\x19*\x8as\x82\xd4\x94\x0eK\xd0\
n\x82T\x18?\xd4\xa4\x97^\x0e\xe9w \xbe[\xc1\
\x8fS\xe9\x226ZHTDV\x1e!i\xc0*4\
\xb2\xb6\x850\x1d_\x9d'\xf14\xe5\xe5v\x14.\xbf\
\xf1[a\x00\xa6;(\x06+?q\x81\x07L~u\
\x0c\x13\x14\x8f\x9a\x0a\x0c\xba\xf0HFT\xc9\xbfYH\
\xa8F\xf3\xbe\x9f\x86\xf5\xd8\xfb\x05\xbc\x93\x91\xc2:\xa8\
\xc0j\x9f\x90D_\xba\xbb9\x02\x7f\xb0\x8b\x8f5e\
\xa9\x02(\xe1\xc8\xf9\xc69T\x82\xb6\x94\xda\xef\xdc~\
M\x1d\x9b\x882\xbf\x82Z\x9d\x22\x12\x16\x86k\xbbc\
:\x00\x02\x8d\xe55'F\x97>\xc30\x1c`\xfe\xe2\
\xe3\x98\xbf\xf4\x14\x92\xdbw\xf1\xfa\xd7\xbe\x00\xafr\x02\
\x9b\x99\xca\x1e\xff\x7fO\xfc\x15l\xdb]\xfc\xb7w\xff\
9\xb6\x88Pd\xee OD\xe7\xafAqJ\x09W\
T\xf6\x97\x7f\x8b\x13&\xe8\xd6\xe4\xfb\xaa\xcb\x15\x11\xe8\
\xf4\xaf+\xc4\xa2E\xadAc)\x81\xed\xc1\x1a\xf6\xe2\
\x0e<\xcb\xc7^\xd2\xc3\x1f[x\x0b~\xe5\xc2\xff\x8a\
A\x18\xe2DTE'\x89\xf1\xefo_A\xdfv1\
\xf8\xbe\xc7\x91W\x00\xa7\xe1\x22\xec\x0cP\xad\x10\xe8\xe2\
\xe0\xa1\xb9*>~f\x05\x81\x93\x22\xa4\xa4\x18\x1bz\
t\xe2\x8d\xe0$\x169\x9f\xb2\x98\xfd\xcf\xf0J\xc6\xf4\
a\xa6\x19t\x19K\xa6B\xa1\xb6\xd8v\xf0\xc8\xa5:\
\x06\xc2\xc5\xcf\xe4\xa3#\x1eR\xadf\xe3\xef\xff\xdc\x9f\
Fgs\x80\x7f\xf03\xbf\x81JTCv9E\x10\
g\xf8\xab\x17\x7f\x00?\xfb\xd4\x1fB?\x19\xa2\xd6\x08\
\xf0\x8bW\x9e\xc1\xcf\xbf\xf2\x0cZ~CP\x81\x81\xeb\
c\xde_\x90w\xa5DC\x81\x81h\x22\xaa\xd2.'\
W\xc3\x9f\x13\x11V))\x8a \x8c\xf2\x87\x08\xa9\x0e\
S%\x82Joa\xc9\xf5\xf1\x0f\x9e\xfa1\xb4\x22\x1b\
^\x0axL\x5cJw\x22\xa9\x078\x09\xc9\xb3\xa0\xc3\
F\x1a{9>\x17\x1d\x07.\xcb}\x9f\xb8&\xe3\xd9\
a\xef\xb4\xd1\x0a\xc8,\xb8Re\xcd\xd0\x22\xc6\xe4\xc7\
\xe6\x91\x5c\x89\x10~7Q\x8cI\xe2.\x12\xf4\x14K\
\xe6\xd0Z\x0a`\xb9\xb2\x94\x89\xf0\xacSq\x10\x87!\
\xfe\xdb\xef\xfb\x18\xfe\xc2\xf7\xfd0\xfe\xd9\x17~\x1b\xff\
\xe0\xb7\x7f\x0b\x0b\x8d\x9aT\x9c\x8a\xf1^\x12\xa01\xf0\
s#%6>\x0b\xa7\xe3\x09e1\x99\x80\x05\x8b\xc4\
{9\x7fp\xc4\xe6\x1e\x16\x99\xa8\xb8m:\x84\xf08\
\xdb\xb4\xc8A\xe2;\xa3\xc4:\xc2s\xe8\xf8\x1d\x88\xfd\
\x1a\xa2\xfa\x12\xac\xde\x1el&\xe48\x99(\xc4\xa9\xbb\
\xacF\xc92\x92U\xb0eS\x11B\xa8\x0c\xbe*'\
\xa5q\x8c\x84\x03W\xbb \x01\x1fV]\x93f\xc8\x84\
W\xae\xa6\xe2\x0e\x18\xa5S\xe5\x5cbPX\xff\xf5E\
a8\x0a<\x91\xdf\xda\xcc\xf6\x10\xbb\x9c<.NY\
\xf3\xa2#\xc7Z~\x88>\xdc\xcc\x15\xa2J\x02\x90<\
\xbb.\x9e\x87A\xee\x08\x92L\xc2}\x95\xe6$ZM\
\x92Z:,P\xb9\x08\xbdrX\x0e\x86I\xa8\x800\
V\x8c~\xd2\x81\x95$x,^D7\xe9\xc3\x09\x5c\
\xf4\xad\x01\xee\xc6)zv\x82\xa1\x15\xc2\xaf\x07\x92\xc7\
 +\x8dPh\xb9d\x07NQ\x15\xeal\xe6\x0f\xc4\
\xb6!f8%HLe\xfd]\x9b]o\x8a\x1e\x9c\
+#\xab\xaf\xf2L\x18ri)-\xc7\x07\xf28\x13\
\xf5e\xe9\x06\x14\x11\x06\x1bss>\xf2\xd4\xc2j\xd6\
C<\x0c\xb1\x81\x1a\xda\x89\x8f'\xec&\x16\xdc&B\
\xb7\x8a\xa0Z\xc3\x09\xaf\x82~\xbc\xcb\xc5U\x92\xb2\x16\
jp\xfcy\xe5\xc6\xf3\x04\xe2\x91\x99.B\xb5U\x9c\
*\xaaNM%c\xd9\x00djS\x09\xd0\x93\xec=\
\xab\x14\x11jY\x8c\xa5\xd0B+S`08*\xae\
\xa7\xb7\x18%C\x0c\xd8\x09J\xf4%\xe1\xbczq\x92\
0$J`\xc5\x16l\xbe\xa20CN\xce\xae\x98\x02\
 \xbc}6\x02\xf1\x18L\x8e\xe6\xc8\x1b\x99d\xf6\xfb\
\x83\x8e\xe4D$<#\x9e\xc1\xa1\x17\xc3R\xa1\xd2$\
\xa0\xe7(\xccVl\xa4\xb2m\xb4+\x15\x04\x8d9\xb4\
\xabu\xe5\xa9\x1e6G\x0e\xf1\x08F\x99\x8f\xd9&\xb5\
\x81\x98\xcf2W\x0f\x0e\x01&\x97\xeb\x02}y|D\
\xc3\xa8\x5c8\xd1\xe2\xab\xfc\xf0\xc2\xed5\x19\xfdL\x92\
F\x99R\xfdIYZ\xf2\xb4\xe4\x96J\x02(\x8f\x22\
C\xce\x9a\xb3\xed\xe1\xf1G?\x02\xcf\xe3(U+\xb7\
KC\xa1)\xaf\xe4V\xcc#\xb4JM7\x83\xa1H\
}7\xce2^\xd4\x0f\x9f\x09]\x0ezV\x11v\x13\
\xe4C\x1a\x1e\xfe.\x84]\x0d\xb0\xf2\xe4;\x11\xf6\xbb\
\xf8\xd5\xd5/\xa1aW\xb1\x95\xf6\x85K\xef\x7f\x98\xff\
c\xaa\xa7\x5c\xb4\xfcl\xfcR\xef\x9b\xf8n\xefk\xa8\
\xd1\xcd\xb5\xb8z\x19\x81L\x1a\xabHAI\xacu\x05\
i\xd5YR\x83n\xe3j5\xccB\xfc\x85\xa5\xef\xc3\
\x8f\xd7\xde\x84AB_\x94\x1dk\xc0\xaf\xad\xbe.H\
\xc4\xe7\x86\xeb\xe8\xd6\x02\xf4>\xf0\x84$\xe3~\xf4\x1d\
\xf3\x08\xdc\x18U\xc2`\x843@'\xd9\xc8l\x13\xc5\
\xf0\x02\x0f\xae\x1b\xa0\x9e\xe6\xb8\xe48\x18\xe66nf\
D5\xba\xb8N2\x12\xe48\xc3\xcf;)|\x8b\x22\
\xab\xdaH\x0a\xc8\x8a\xba\x85\xa9H\x92\xf9m\xe6\x0b<\
8\x8d\xba^\xb12T\xdbM\xfc/\xff\xeb\x8f\xb1V\
\x8aO\xfc\xf3ob\xf3\xf5-xw\xeaX\xba\xd3\xc1\
\x5c\xab\x86V6\xc0\xc7\xda\x8f\xe3S\x7f\xe4\xaf\x88\xcc\
\x18;)_\x0bw\xf1?~\xe1\x97\x90J\x1c\xaf\x12\
\x9c\xe3|\x03\xc0\xf5\xc1u\x1d\xb2h\xe8-U\x87\xb3\
!><\xf7(\xfe\xf1#\x1fS\x99|\x99\xa3\x16\x02\
\xd2\xa8Y$-cHc\xe1\x99\xde:\xae\xecvp\
\xe9\x8f>\x86\xbf\xf1\xaew\xa3\xdd\xae d7\xa0\xab\
\x0c=\x17\x01\xfb\x07\xcf\xea{\xd4\xcdb\xf5\x9atD\
\x96`\x962>r\xd1(L\xe1\x13\xfc\xf5\xc7S\xd8\
w\xf6`\xbd\xbe\x8d\xac\x93\x22\xfb\xea\x1e\xac\xc4B\xef\
EV>rT.\xd4ay6\xf2\x9b\x11\xac[\x09\
\x92e\x0bY\xa3\xaa\x92\x8e\x02&\xa2\xb1;\xa4\x1c8\
\xc9\xa5Q\x14\x03TYz\xb6r\xbb!\xb9\x9d\x96w\
\xdb\xbf\x09\x09\x92)\xaf\xa8!<\x9a\xe4\xe6{\xc5\xbd\
?\xc3\xb9\xc7.}\x14>\x8c><\x81_\x16\x97o\
d\xdb\x84\x9a;\x1d\x22\x8az\xc8#\xa5\xcaF\xa6\x15\
\xf8\x0a\x15\xa6\xb8\xee\x95\xa0\xa3\x80lY\xc3vs\xb4\
Z\xcbR\xaa\x12\x1dA\x0e*V\x0fL#\x10_p\
\x89*\x8b\x090\xd1\x97OR8\x9e\x03\x97\xc9\x1d\x92\
e\x8a\xf5&\xe5\xab\xce\xf62;\xacQy\x1c\x00\xe4\
\x19\xa8\xcc\x9dD?\xbf\x83W\x86\xbf\x87\x0a\xeah7\
Nb\xd9\xaa\xe2\x87\xed\xc7\xd0$\x82.\x1b\x0a\x98\xe7\
\xdf\xa5_E'\xbc\x83!j\x9a\xbc\x8a\xcb\xaa\xe1<\
R\x8c9\x0a\xe70\x9e\xf7\xe5\xb4\xe5\x1e1\xf6p\xd1\
j\xe2\xa3\xf9\xc3\xd8\xb3z\xa8Z\x01.c\x0f\xcf\xc4\
\xab\xd8F\x8c/u7\x11:\x0d\xac4=\xd8\x0d\x1f\
'\x1a\xae4\xf0\xb0\x01\xc5\x10\x1a\x99#GI*\x0c\
\xc9\xbe\x08\x9e\xa4\x98\x83\x83\xc0rp-\x1b\x08\x02n\
h9\xc2]\x7f\xc1N@\xd21\xc16\xd0 %\xb9\
\x88\x84\x1aIsQ\x18\xf2\x1dXu\x1f\xce<\xbb\x09\
\xe9i\x00^\xc3\xc2c\x8f.\xa0\xe2W\xf0s\xd6\x1e\
\xbe\x1b\xdd\xc0\xf7\x0dN\xa1\x99\xb8p\x9d\x14\x95\x0c8\
9W\xc7C\x0b\xa7\x81(\x05*U\xe4[W\xf0\xfa\
\xe0\x8a<\x17\xe5\x1b\x99'a\xaa)\x02\x19*\xc4d\
h\x1ci\x18\x13\x0c\x90\xd6O\xe1\xcd\x8d3\xc0\xb0\xab\
z,d\xe0\x980\xcb\x01*\x1e\xbesg\x0b_]\
\xbd\x86\x0b'\x1f\xc1\x13\x1f>\x8f\xc1\xda\x0e\xe2\x84T\
\xe1Z\x0c\x94\xcb\xde\x92\xaf\x9e\x95\xb6;\xee\xf2\x1c\xe0\
{\x0a>n\x88AD\x1b\x8c\xf9\x08\xb6Z\x13v\xe9\
\x01\xafl\x02u\x0b\xd9\xed\x01v\xbf\xbc'\xaaQ\xe4\
\x19\xc8\x9dL\x0c\x80Mh]\xdf\x06+\xc8N\x9b\x9e\
\x98\x83\xce\xa0/MY\x15\x8fjD\xee1(\xf7u\
\xfcl\xfa\x1e\x8e\x9c\xcf&q:\xfb&\x91\x8b>{\
\xb1\x12\x16\xee\xc8\x14\xea\xabi\xb1\x08\xa6\xc2\x88\xf6\xb7\
*\x94\x83\x09&O\xcc\x85\x8ae\x93\xf8\x14H\xdf\xf7\
'\x91\xb5O!\xaf\xcc\xc3\x1e\xf6\x80\xf5[\x08\xf6\xb6\
\xe0\x0ev\x90m\xddV<\xebB\x0b\xce\xab\xaf \xb3\
]\x5c\xbd\xf6\xac \xbe\x0c\x1a\x8f\x03\x9dI\xb0Z\xb5\
\x85\xc0m\xa0\xd2h \xa87U\x22N\xe3F\xf9b\
\xe8&\xee\xdd\xed\xca$\xf7\xe7j\x92\xd1\xcd:\x11\xd2\
0\x05K\xd8\x92\x8c1H\xb3\xc0Cei^\xf6{\
\xaa\xd9D\x16&\xb8}\xf9\x1av2\x0b\xfd\xc1\x06\xaa\
\x96\x8dKh\xa3\x92zx\x87\xff&\x9cw\x1fR\xdc\
\xb4\xcc\xf6\xe7\x0a#?\x1a\xe8#,\xfb\x08\xd3\xae\x12\
\x90\xdc\x84\x22;\x0c\xf0\xa9\x88+>\x891]\xacY\
C|)\xbb\x8c\xbc9\x8f\xf9G\xde\x02\xc7I\xf1d\
\xd3F\xbb\x9ac\xd0\x8fE\xdc\xe2\xa4\xb0\xe6i\x15!\
I\xbe\x1al\x85\x0a5H\xe2\xb1JRL\xdb\xc2\x9c\
]\x13Oy\xd0\x1f\x08\x80&\xabZ\x02\x04Z\x8f\x99\
+\xb3 \x0a\x886\xe3oU\xf6\xd2\x9d\xd8\xf2O\x9a\
\x86\xf8O\xe7`p\xaa\x8d$\xf0\xf1\xe7\xfe\xeb\xf7\xa3\
\xb7\xf16|\xf37\xaf\xe3\xa5+{8\x19\xd6\xc5\x83\
\xbb\xb4Q\xc3\x9b\xbf\xddE\xc4\x1e~\x96\x1b\xdd\x10\xbf\
\xfc\xb1\xbf\xa2\xc2.\x9d\xf7 \x98Ge\xf6u%G\
\x1a\xb9\x1cd\x83H\xf5\x8386\xfaV\x82\xb3a\x13\
a\xbf#\x86\xdc\xb2\xa9\x9d\x90\xa3\xd7%\x0d\x1cp\xdd\
\x8eq\xdb\x0a\xf1\xae?\xffn|\xf0\xc2\x07\xb0\xb4\xe0\
\xa0\xbf\xbe\xab\x00D&\xdcT\xeb\x0e\xb20\x96D\xaf\
\xd6fF\xb2\xb1'\xe7\x0dwveq\xe0\xbc\xf3+\
\x15\xdc\xfe\xe6&\xd6\xbe\xd5\x85\xc3\x90-f\x0fA\x88\
\xb4\x93\xa0\x11\xe5x\x94(C!F\xb1\x95n\xc0\xb5\
\xa1P\x22\x04K\x9e(\x0d\x0b6a\x10\xe1c\x8f>\
\x89GN\x9d\xc6\xeb\xebk\xf8\xf9/|\x0e\x95 @\
B\xbeC\xa3[`\xe6M\x11\x06L\xe4\xef\xcb\xe0\x1b\
=cFy\xb92/\x90q(\xa7%\x11\x8d:\xd2\
h^\x0a\x05\xfa\xbe\x12]\xa1\x9bg\x02\xf3\x89C\x1d\
\xca\x877\x8e\x1b\x98\xbe\xc7\xb4\xcf\x12\x09BdV\x82\
\xfe\xb97!y\xfc}\xf0\xee\xdc\x12\xb6\x1f\xa7\xdb\x81\
w\xedUXV\x84l\xd0QJ?\xe2\x1a:\x02\x10\
b,\xba\xb9u[\x91\x82hD \xc1\x18q\x16b\
y\xfe<\x1a\xd5\x5c\xba\xe3\xaa\x8d9U~\xd2\x93\xc1\
\x90J$!\xbb\xd5RT\x1a\xca\x00$\xc3Tp\xe0\
\x02\x1d\x15\x9c8\x91fZ\x5c\xa4\xea\xc3\x0b*\xa8,\
,\x22\xeb\xf7\xf1\xe2w\xbf,\x8c>\xaf\x0d\xab\x92\x1c\
\xf3\xdb\xef\xc4\x0ajx\x08\x0f\xe3\x92\x88\x5c\x10\x01\x96\
\x14/Ty(\xa6-\xc4\xf8F:\xfbn8\xde\xa5\
:\xc0X\xd9\xc2\x8b\x16\xa5\xb9\x95L\xd6Z\xb6\x8bo\
\xf6\x08+\xb5\xb0\xb0\xf8\x10jv\x8a\x0bm\x0f5\x87\
+\xbf\xaa\x9a\x8d7*\xd2\x9bb6\x9f\x00\x1a\xd2Q\
\x93\xc6\x1aX\x17\xfc7\x91l\x9e\xe0\x1d\x06\x09\x93\x83\
t\xb1\x03a\xc5\xdaL,t\x88+H\x12\xf4\xba\x11\
BzF\x9a\x90\x83\xdcyL\x1a\xa9\xa8M\x95\xf3\xe8\
)\xd5O/Hv\xfd\xedo;\x8d \xc9\xf1\xab\xff\
\xf1Y<\xdb\xdd\xc2B\xd7C\x1fC\xfcDx\x1eO\
Gs\xc2\xe2\xc3\xc9\xb5\xb8X\xc3\x1f{\xfa\xa3\x00\xf3\
3&\xb6\x1c5s\xe8\x12\x1a\x0b\xec\x0e\xd0\x0d\x95\xb1\
\xe1\xcf|\xed\xbb\x11p\xa7\xaf|W\xc7A\x1a\x0dp\
gcG\x1a\x91~\xabs\x0d/\xa5[\xf8\xd9\xc7\xde\
\x85K\x1f>\x89\xf0vG\x1a\xc3L\xf1@:,\xb5\
\xd9e\x0fEf\xc01\x5c|\xa2H%\x87\xefl\x22\
\xe39\x19^\xb4k\xb8\xf1\xeb\xaf\xe1\xca\xaf\xef\x22\x08\
\x9a\xc88\xa1}\x07a\xd3\xc1\xa2\x07\xbc\x85\xde#\x13\
\xcf\x96\x85J\xee ^\x8fd\x02W\xe6\x038\xd5\x1c\
\xb9\xef\x22vS|\xe4\xa9'\xf1\x91\xc6\x1c\xbe\xf4\xad\
\xaf\xe3\xff\xfe\xeb\xbf\x82v\xad\x85F\x10\x94f\xc2~\
\x1c\xc8~\xe8qyVM.\xae\xdaK\x13\xac\xc2\xb4\
\xa3\x16\x07\x1f\xdb_i \x1c\xb0\xedS\xbe-8\xdc\
\x0e\x10=\x94\xff\x1a\xb2\x82\xe9\x06b\x02\xaaS|M\
\xd9\x0d\xf6\x8e?\x04\xbb\xb9\x0c\x87\x9c\xd4\xaf\xbd\x84|\
\xfd:\xac\xfe.\x9c\xc1\x10\xa8VaE\x8a\xc6\x8b\x03\
\x91\x93V\x89e*^<\x87\x19tW\xb9\xed\xe2\x00\
y\xae\x00d\x1a\xad\x16N,\x9e\x91\xd5\x84\xe1\x80D\
\x94\x5c\xd1Iq\xd5\xa0p\x84\x9az\xc2E\xcf\x95.\
\xa1rN\x05\xa8\xdaH\x06\x91$\x8a\x0c\xd5\x92\x5c\xab\
\xd0T\xa5`@NL\xfb\xe2SO\xcb\xcc#A\x05\
\xe3\xd5k\x1b\x11V\xbb7%k\xcdU|\xdemb\
\xcej\x14\x9eI\x99\xc5\xd7<O\x19\xfb\xbc\x1e]\xdc\
\x92\xba\xbf\x10t\x0c\xd0\xa1\x01\x14\xb75GT\xf7\xb1\
\xf2\xa6w\xa3\xb10\x8f\xd3\xa7\x17P\xcb\x12\xa1\xb9\xa3\
4\xb7:\x94\x1a\xe5\x92\xbc\xd3u\xf6\xc0\x0f0\xd7\xac\
\xcb\x84\x0a\x871\xaa\x96\x83G\xf4\xb9\xe8\xd6r\xe2_\
\x91\xc9\xe6\xe0z\x92a#\xb7\x10\x92\x08$\x1a\xe2\x83\
O\x9d\xc2\xf2\x9c\x87KgZB\x89m\xd7|8\xed\
\xba\xb8\xc7\xb2\xeakfen\xc4YH\xb1\xd5S+\
\xe1\x8f\xfd\xc4\x9b\xf1\xa1w\xef!\x1a\x04X\xdf\xc9\x90\
\xaf\xf5\xf1\x89\xdb\x1bR\xb2\x0b\xf9\x5c\xfa\x03|\xe8%\
\xf6\xf8\x1b\x16H\x83tS!\x90\xd8\x00\xcd\xdf\x0f\x96\
\x22S\x96\xdah\x18s\xec\x0d2\x5c\xe9\x0d\x95G\x83\
\x0c\x838Dm1\x90\xd8\xff#\x7f\xe6\xfdxO-\
B\xb3\x09\x0c\xeev\xc4\xd8\xa8\xca\x8cj\x18+B\xa3\
$\xc7\xeek[\xd2\x16l\xfbJ\x83\xd0_\xac\x08\xf8\
\xa7zj\x99\xd6WQ\xb3\xf9\x0e\xce\xfe\xf09\xb4\x1f\
9\x01'\xb2`]\xdf\xc3\xddn\x82\x97\xef0\xf9\x0a\
|%\xea\xc851\x11\xc8\xfd\x1f\x0f\x1a`m\xa7\xbb\
\xde\x87M\xd8\xe5 Dz\x15\x184\x1cx+}\xcc\
\xc7\x1e\xfe\xfeO\xffY\xac\xf7\xf7\xf0\x8b_\xfc\xfc\xd8\
\x8c({\xde\xd3\xa8\xe6\xccrQV\xe2*\x7f\x9d&\
C?\xfe\xf7\xd1\x91\x0a\xf8?{\x01\xf6/\xe6G\xd4\
\xfc\xf5\xe0\xdaw\xd81\xeb2~\x81cv\xc7\x0c|\
\xe3\xf8\x08\x19\xab\x83\xe4\x9d?\x81\xf0\xdc\x9b\x81\xd7\xbe\
\x0b\xb7\xdfC\xb6\xb5\x0a\x8b\x9c\x7f\xcdE\xd2\xf5H\x8f\
\xbfL\xfa4\x966`\xe592aHQ\xb8P\xd4\
]\xbdzE\x04\x19\x15\xb0 \x85\x1b\xf8\xa87[\x88\
\xa2\xa1\xb8\x9b\x82:S)x8-\xc5\xc2k&\xa5\
\x80fX\x02\xa4\x96\x03\x9b?\xfa\x09\xb2a(]t\
\xc4\xbe\x8fB0U2\xe4\x81V\x9ez\xbbZ\x0dY\
\x85\xf0\x1d\xbc\xfc\x99Ob\xa7{\x05\x01\x02D\x88\xf1\
x\xeda<\xe2-\x88\xa7\xa1d\xe5F\xfd\x9b\xa6\xec\
c\x12m\xaa\xee\xad\xc2N\xea\xc7\xbd\xd8\xbb\x86\xcb\xf1\
-T\xe0!F\x1f\xcd\xea\xc3x\xe8\xd2\xc7\xd0\x0c\x1c\
\x9c\x5ch\xc2\x8d\x13Q\xca\x15\x09,\xed\xd5\xd0\xc8\xa9\
\x1c\x88b\x9f\xf5]\x17\xf3\xcd6\x86\xf1\x10\xe1 B\
\xc3\xb6\xb1 >\x9f\xca\x873\x1dy\x950\xe3\xdc\xc2\
u6)%\x16Z4\x00q\x8c\xa7\x9fX\xc1\x87\xde\
~\x06;;=D\xc3\x18\xfe|\x15^\xbb.}\x07\
c\x10p\x91RW|\x0a\xb5S\xf3b\x10?\xf2\xfd\
O\xc0\x1ft\xf1\xcak)\xd6\xd6\x02|\xe9+\xdf\xc5\
/\xdd}\x01\xf3V]DN\x9e\xaa4\xf1\xc1|A\
\xae_5\xe2\x99\xe7kJa\x06\xe2\xad\xbc!1\xda\
\xf4Z`\xe3\xc5\xbdM\xfc\xf3\xed\xeb\xf0\xe1 \xe4\xc8\
\xf1s|\xec\xc2\xa3\xc8\xe2.~\xf2\xc7\xde\x8b\xc5G\
\x1b\x087\xfb\xc8cu\x8f\xa9TwLR\xd4\x82\x13\
\xb07 \xc3\xee\x95m\x04\xb6\x07\xbfYA\xeeZ\xf0\
\x17\xab\xe2U\xf8\xad\x9a\xe2\x11T\xe0\x14\x5c\xfcp\x00\
\xeb\xfb3\xe4W\xbap\xbf0\x84}3\xc2\xef<\xbb\
\x81\xddj\x15\xb7=\x86M\xea\x9a\x9d4\xc1\xe3\xd5\x05\
\xb4\xe1!ZSm\xc3\xd6\xd5\x14\xde^\x04\xef\xb1\x0a\
\xdc\x0f\x07x\xaa\xb2\x8c\xa7~\xfa\xc3\xd8\xba\xf5\x1a\xfe\
\xe5\xe7~[t\x1b'\xe7\x982\xde\x07\xe9\x06\x186\
\xe8\x11BG\x81\xe9\x8c\xf1\x98>\x7f\xcb\x9a\x17\xfc\xbb\
\xea\xb2Qc\xc6\x1d}\xf0\x08Cp\x04\x8f\xd9\xbe\xdf\
\x95'\xfc\x01\x14`*\xf6\xd7j\xb3\xaf|\x19\xc1\xdd\
\xcb\xc8;\x1b\x8a\x11\xb8s\x07v\xb2\x09\xa7;\x805\
\xb4aq\x12\x87\x03\xd8\x94\xf2f\x02K\xce\xcbrK\
\x05\xe9#\xef`\xc0\x06k\xf7.\xec$\x14\x97\xb8\x9e\
r\x22\xd5\x10&t\x815\xaf\x1f[\x80\xa5\x0c\xe5\x22\
\xef+\x9d;\xdbS\x1d\x5c\x1e=\x02\x82f\xb8\x0f\xdd\
\xbf\xb9\x00vU'\x8a\x8a\x9c\xc6\xc8\x13\xe2\xc4\x8f7\
\x06*\xe3.\xc7v1w\xea\x1c\xaa\xcd9\x0c\xb77\
`\xf7;\x08\x9d\x14\x1b\xd8\x92\xf2\x1c]d\x09;\xcc\
\xc3\xd7\xd6\xdeP\xbbKx`\xdc_\x0e\xd8\x85\x16N\
T\xdb\xb2\xb2\x92r\xcam\xb5\x11\x86!R\xa7\x22D\
\x17\x8aUHO\x0e\x0d\xa9\x8d\xfa\x16\x06l\x14\xaa;\
R\x1a]\x98\xaf\xe2\xc9']\xbcpu\x0d\xb7\xb6R\
\xd4\xa8\x82\xc3\x90\x86\x9f\x889\xfd-,\xb94\xa2#\
f\x7f\xe6\x09b\xf6+\x0cB\x0c\xf7\x86\xa22\xa4<\
Kf\xd0\x09\xa2\xd2\x90\xc1I\x94(\x9f\x84x\x06)\
\x86\xdd\x1e\x06\x1c\xf8~\x86\xb9\xf9\x14o{\xf3<\xda\
\xb5'\x05^\xbc\xd7\xcd\xd0\x1ad\xf8\xfa\xea\x96\xe4\x1e\
L\x93\x9c\xd4\xe6\xe5\x9d\x8e\xe4\xd8\x14\x05\xfc(?\xc5\
\xd3l/\xe5\xf8\xc1\xf7_\x84-!\x16\xe0\x076\x1e\
\xbbp\x1a\x19\xab%i\x88\xc1\x06\x17\x09\xf5\xbe3i\
}\xb6Kl\xd2\xa9\x22\x13\xf5,\xb4/\xb4\xc5\xb3\x88\
\xbb\x09\xec\xcc\x81\xd5\x8d`\x0d-\xe4\x15\x0f9\xab\x05\
L\xd8\xf3_\x92!\x8b\x08\x10r\xe0>\xb9\x8c\xca\x9c\
\x87\xf7l\x0f\xb1\x17\xc5\xf8\xc2\xe5W$\x9f\xc2\xe0\x93\
\xf0\xe3\xdf\x18n\xa2\x99\xaaEI\xb5\x82\x13R\x9c\xa0\
\x12U\xe0]\xa5\x14]\x86\xda\x97\xef\xe0\xc6\xee\x96$\
U\xcb\xce\xba\xf1\xb2'R\x80S'\xf2\xe4L;4\
\xd9_Z\x98\xb5\xb9\x18\xfd\x9e\x0dP\xfb\xd3z\xe5\xaa\
\xe3\xa8=\xef\xa8\x04d\xb9JiV\xf9\xe23c7\
6y\x16\xfe7A\xf2\xa5\x7f\xa1\xbb\x97\xe8N\x9bn\
2\x05\x12Q\x93\x86+\x9b.\xd3\xc8!Y\x06\xec\x22\
\x09Z\xb0\xdf\xf1W\x81\xea\x22\xecg?\x0f\x7foK\
\xd4X\x16R\x17\xbe\xd7D\xa4i\xa6\xe4\x18l\x06\xea\
\xed\xc0&\xa8\x88\xa8w\x82\x83*\x01kSpO\xce\
I\x02'\x1dR\x8b\x80\xa1\x80\x92\xd86\xc9\x13\xfd\x0c\
e\xb3\x89\xb4\x1b\xa6\x18\xacS<S\xad\xeaQ\x9e`\
\xee\xe2c\x026\xba\xf5\xcd/\x09[\xceV\xba\x87\xf5\
\xe1f\x01\x89\x8eRb\xe9\x8d\x8c\x97A\xffi\x04\xdc\
\xa8\xe9\x17D\x15\x5c|\xf8c8\xff\xc8;\x11G\xf4\
v\x08\x8b\xce1\x8c4s0;\xe4\xcc\xa4\x13\xb9,\
\x05\xd3\xee\xde\xe5\x9a\x98\xa0\xf5x\x0by\x90\xe2\xfc\xc3\
\x8bh\xbf\xad\x82\xab\x9f\x1a\xe0\xa5\x97\xefbN\x88\x8b\
r\xd8q\x8c\xc1\xc6\xa6p\x03\xbc\xf3\xc4\x8a\xcapk\
\xb4\xe2\xcb\x83\x18;\xb1FDj\xf9/12F\xae\
]\xb9<:\x0fS\x1a\x84f\x92\xb2/\x80I\xb54\
\xc3\xd2\x82\x87\xa5E\xe0\xd2CgQ\xf9\xb1\x8bX\xdf\
\x88q\xeb\xf5\x087o\xac\xe3\x1f\xff\x8b\xdf\x114\xa0\
\xc2\x00(\x8bJ\xdas\xc6\xd4\x92\xa4\x95\xbe\x93\xd1\x13\
\xe2\xab\xef\xa7C<\xfd\xe63\xf8\xd9\xbf\xf0\x03\xe8\x0f\
\x07p\xe9\x07T]4\x1e^\x10xn\xd2c\x87\xa1\
\xee\xce# \xa8V\x85\xd5b\xc5B3\xfa\x0c\x86\x88\
6we\xf2\xd5\xce\xd6\x05\xcb\xdf\xfd\xee6\x1cR\x96\
\xdd\xee\xa8\x0c\xe7\xa5edU\x0f\x16+\x16\xf4\x1a+\
\xae\x82\xa1W<\xd8\xe7\xe7qfc\x0e\x97\xeaU\xbc\
\xb8\xba\x8e\xbf\xf6\xd5\xdff\xf5S\xb2\xfb,S\xfe\xca\
\x96b<V(\xc5RV\x9fH\xf5\xef(|\x06\x0d\
7\xc7w\x95\xcdX\xe5\xe776;\x0e\x02\xda\xcd\xb6\
_QY\x9b\xa8\xec\x8d\xed\xad\xcbE\xae\x02\xbc\x14\x0e\
y1\x81\x8b\x8e\xa2)\xb5\xff}\xc6\xe0\xa0\xae\xc0#\
/u\xb4\xb9\x1e\x899F\x96\xdf\x88P\x96?\xaf2\
\x98J\x1b0\xf3\xaa\xc8\xcf?\x09\xf8M\xc4\xfd=\x01\
\x88\x04\x09_\xb4\xba\x12a\xcd\x15d[\x99\x83\x9e\xd9\
\x7fWJz&\xd6t[\x9ebE\x10\xc0L\xc9\xfe\
J\x86z\x14\x9b\x16\xde\x95\x9e\x00\xc28\xd6\xf4$\xab\
-\x1e\x0c+\x08{\x09\x86\xfd\x1e\x9cZ\x0d\x95\xe5%\
\xdd\x04\xa3 \xb7\xf4\x02\x02\x01\xb5(\xb0\x8b\x0c\xd4B\
yX\x81\x92T\x0b\xb2\x8d\x0aI&\x83*\xc2a_\
T\x90=\x96@\x99\xebp<\x90\xfdL\x94t\xad\x5c\
\xaaR\xd2\xd3\xa4/3Ml$\xc2?\xa8\x9ci\xc6\
\xe6\x03\x01\xb8\xa4\x98\xcf2\xd4\xc8\x80KN\x854C\
\xc5g\x87\xa3\x83\x01\x9b\x88\x88{\x10\xe6\x9f\x1c\xcd\x8a\
'9\x08r\xdc3,2\x12kj\xcc\x18<\xfb\xc4\
0\x94\xbc\x902Db\xa39i\xea\xb1j\x7f\x8e \
\x06-\x8a#!\xe5\x8c#\xa2\x08\x1d\xbc\xf3=g\x85\
uH%\xbc\xf4X\xe3\xa4\x0dt\x83\x92\x1eW\x92\xb8\
\x15\xa5#\x1a\xc0\x08\x17\x1fY\xc4.s0\xa4\xe5#\
\x8ag\x98\xc0\xde\xe9I\x82P\xaa\x08\xe52\x1a\xdb\xc3\
\x07\x0c\xffT)\x98\xc6\xc6m\xd4\xe4xYD\x04P\
\x8e`\xa5\xa6\xc6;\x81=\x09\x90n'\xc8\xba\x19i\
\x8aaUT\x12\xb8\x10\xb6!\xb58C\xfb\xba\x07w\
\xae\x86\xf7\x9e\xbe\x80^\x96\xe0jgC\xfaJ\xaa\xe4\
X0s\xa8\x14\xf7*oU\x11\xcf\xa8.O-\xe0\
:1\x7f\x8e\xdaf\x01\xf6L\xdd\x7fb~\x96\x83t\
W\x5c\x95btO\xaf7\x1e\xf7\xc4\xf7\xb4\xe9L\xb0\
\x94\xae\xf4\xc4\xd8'p`\x1aH\x86\x03$\xf3sp\
\x7f\xfc\xaf!#\xa4\xf6\xce5\xb8qO\x5c\x7f%\xae\
9\xea\xbe\x920ASg\xf1{\xafR\x97\x01\xc6f\
!\xae\xfc\xc1\xe9\x96b\xc0\x15\xbd:&\x12'\xeeX\
{\x01E\x12F\xfa\x07\x98h\xb40\xf7\xf0\x82L\x0a\
iR\xb2mt^YE\xd2\x19\xa2\xfd\xd0\xa3p\xf0\
\x84Z\xd35'\xa1\x22\x0c\xd5Ygf\xd4\x07\x83B\
iG*\x03\x05\xd5\xb82\xc4$\xcb\x88\x93!Z\x0b\
\x0d\xb4\xe7\xaa\x82f\xe3s\xa1,u\x9c\x10\xb4\x93c\
\xb9\xcd~\x03\xd5\xed\xc0\x9a\xfe&\xc1.I\x8azR\
\x05\x89\xba\x89h\xa4\xd1 \x01\xf9%\xf6AD!\xae\
\x0cca\x12nS)\x09\x0e6X\xc7\xb2,l\x86\
\x16\xbaq\x8e\x8f]\x9a\x97\x96\xe0\x95zE\xb8\x035\
\xe2b\xa4\xa6T\xca4\xcb\xef\x08p\xf1\xc9\x84\x0b\xb8\
5\x05\xdd\xad\x9d\x98\x07\xe6j\x18n\x0e\x10\xd2\xa3b\
\x02$\xcbQ\xaf;8}\xce\x83\xe3\xd4\xf1\xd6\xa7?\
*e\xbe\x02\xfa*\xbc\x8d\x09\x9a\x0b\x15J\x14\x8c\xca\
\xd0\x86\x18D\xd0\x80d.\xb6\xe0Vk\x05\x89\x88\xbc\
\x0f\xf1^\xd4\xfb)\xc6\x12\xbd\x00VxBU\x05 \
\xce\x83\x1e\x813\xdfR]\x8d[\x1d\x01m-\xbc{\
EV\xe4\xf4\x9b7\x00\x86\x03\xdf\xdd\x84\xbd\x1b!{\
\xdf\x0a\xf2G\x99M\xa4!\xcb\x04\x08\xe5\xd4\xab\xa8T\
+\xb0\xcf\x9c\xc0C\x1b\x03\xfc\x87\x9d\xbf\x84\xf5a\x1f\
?\xfcK\x7f\x1f\x9b\x03\x853`_@\xb9!O\xad\
\xa3F\xcdI\xe3\xe1K\xf3}\x16\x990U\xad\xe0\xc2\
\xa7\x99\xaff\x9e\x91\xfb\xdb\x88\xcd\x083\x10\xb9\x11\xbf\
\xd2D\xf9`6\x9bt\xe0i\xc7>?Q\xd5<\xe0\
3\xaaa@\xe9fN\xa9d\xea^\x0d\x04\x0d`\xe5\
\x12\xf2J\x13y\x14!\x8b\x95\x82\xac,\xf5\xdaeU\
\xde\x82b\xb5\xb5H[E\x5c\xbb\xc4\x98\x14 U\x04\
\xa2\x16k^\xc4\x91\xe8F\x22qE\xb9bK\xdb`\
\x11\xcc\xa8F\x1dY\x81\xf4\xf5H\x97\xaeruE0\
\x93\xae\xb0\xac\xf2\xca(\xd8\x84\xe4\x0a\x88H\x0ae\x02\
,!5\x19\xafU\x12tr\xb3\x04))J/\xe3\
\xe7\x16\xed\xc1:\xcf \xcf,\xb7\x90\x90\xc0s\xc8\x98\
\x9f\x7fapK\x95\x1a\x22#\xd9\xf1H\xd1\x0eV@\
L\xbf\x85jdI\x22\xaep6\xf2\x98\x19}\x05@\
\xe2\xa4\xcf\x1c\xa0\xe9\xd2\x93P1<\x8d)\xa9\xc39\
\x08)s\xe5\xb3\xa4(\xcfY\xf5\xc2\x8b\xa7\xc1g\xca\
\x0e \xe1\xb6+\xcd1a5c\xc6T\xb7UsP\
\xf1\xc3|\xeel\xbb\xa6\x1c\xb7.!\xaa\x09\xa0\xde\xab\
\xeb+2\x12\xe6\x16$QfT\x89\xb5\xd1\x8eb[\
\xb4\x1e\x15\x00MW\x9d\xb4\x9e\x02\x9f\xa3\x1d8\xa8V\
\x95\xab\xcd\x90A\x9d;\xd3\x8b\xc58\xf5\xa8\xfa\xa2\x91\
\x16:\xb7\x22\x19~z6&\x84\x1a\x86*\xac\x09\x1c\
\xe4\x0d\x1f\xf6&IO\x02\xa4C\x17\xc9&y\x1f\xd8\
`\xc0\xb2h*\x0c\xcar,i\xb6\x0a\xe1\x91dT\
Olc\xc8XZ\x1d\xc9\xb6\x95\xaa=4X\xc6(\
\x1cg~\x95z\x03\xc6r|\x87N(\x93\x1c\x1c5\
\x16\x19\xf1\xd8r\xf5-\x9fl\x076\xb6}\xf2\xe2\x14\
\x12\xf0h\xbbsx\xc7\xf3\xe1\xfb\x1b\xc4\x99\x19\x98\xe3\
\xee\x8a\xbe\xaea\x1f\xd9\x99\xb7\xc2\xfa3\x7f\x0bNw\
\x07\xee\xea\x0d\xb8Y\x8aX\x94d\xd5 R\xab\xac\x85\
\xc8\xe5*\xdf\x85\xd5a_\xba\xc2\xe1W\x83*\xac\xc6\
\x09X\x0d\x0f\xcd\xf3\xf3\x8a\x98S\x043\x15\x9f\x00\xf7\
\x0bw\x22\x01\x01I\xa3\x0a\x81![\xbb\x18l+\xc5\
a\x96\x95\xbcf\x05\x8d\xf3+29*\x0c\x1fl\xdd\
\xc0Be\xdbs\xf3E4\xaf\xc6\xae\x02\xb4D\x9b}\
\xf4\xaeu\x14\xf8H\xea\x15j\xe5,\xafZ&\x07P\
TIdP\x01\xfdn$\xffT]\x1f\x98\xaf{h\
\x9f&(%\xc3\xeaf(\x08\xbf\xb3+\x94\x15\xd7\x85\
X\x07\xe8mE\x82h\xa4\xd7\x10WbD}\x22&\
+\xa8z\x1e.y\xbe\xe0\x01V\x07\x0akw{\xb7\
+\xb6\xf3c\x97Na>p\xc5`\x91|\x84\xd7\xc7\
7\xe47\xeb\xf0\x89\xfc\xa3X\xa6\xd4\xe3\xd5j+\x93\
S\xaf\xfcR\xce\xe3sg,\xcc\xd5\x94\xa7_K\x90\
\x0cM\xf2N\x1b\x02\x1bh\xceW\xe4{\xd3\x07!\x9f\
#V\x9f\xf0c\xe6\xda\xe6+p\x1b\xec1P1s\
1\x06u( !\x01cs\xcd\xc2S\xb02\x99d\
\x98q`G(\xb3\xc2-\xcf\xe8\x11$\xda\xf0j\x05\
\xa3\xacC\xe5d\x0b\xfe\xa3Kr\xef\xc9\x8bW\xe1\xdd\
\xb5`}y\x17\xd6\xb0\x87\xfc=\xf3\xb0\xdf\xd5\x96P\
#\xeb\xf4\xe5\x1eA\x8a1Q\x0fb\x12:\xc30\x8d\
\x11%JrM\x07\xdfS\x92\xe8\xa5\xf2\xb9)\xf7\x99\
\xfcFy\x8cO\x89\xe1G\xf3\xa5\x14\x14\xe7\xe33\xc8\
\xe0KL\xbaZ\x0a\xaac\xfd\x00%\x0f\xbft\x8e1\
\x1c\xc0$\xc3\x8f\xd1\x9d3%\x99\xd1D\xdd\xbf\xdd\x8f\
\xc70\xb9\x8d?>M\x18\xe1V\x90\xd4\xebH\xfd\xba\
$\xea\x18\xdf1\xf3\xca\x1b\xa5%6:~\xaaeX\
\xc9Y3\x91d\x93uV\x04;He\xed\x08B\x8b\
]bt\xc3%a\xa3\xad$\x91}L\x03\xc8\x8a\x99\
\x94B\x10R^\x93iW$t\x8d\x22#c\xf2\x0c\
i\x94\x0b\xe3\x8c4\xfa\xf2\xc3\xa25\xaf\xd3V\xda=\
5\xfd\x08\xca\xe3P1\xb1\xeax3\xab\xf6D\xde\xd7\
\xdc|\xc9\xe9P\xddk\xa4\x18#\x8aN\x19\x0e5!\
\xb4G\x22\xee!\xf1\x0d\x9cH\x8c/\x09mf\xbd\x9e\
}\x08\x14\xac\x04<\x9fF\x90\xdc\x04\xea$\x9eE\x97\
U\xc9W\xd3\x00\x90)\x97\xcd>\xb5\x0a\xc9P\x15\xac\
X\xc9\xa7\xab\xc9\xadx\xf7F.\xb6\xe2\x87\x18e\xef\
U\xb7\xb3\xae\xea\xf0\x98LP\xc4|\xa6*\xbe.\xe2\
|\xe9|\xd4D \xc2\xe1(\x1c\xea\xca\xb0\x90q\x99\
_\xf5\xb4(\x8f)\xf5ltVP\xf2\xaee\xaea\
UFM\x99\xbc4\xc6A\xf22\x8a\xbe{lli\
^\x89\xe2xe\xf7\x92\xb9\x10\x9bc$\x85\x13\xa5p\
C\x0bV\xcfF\xb6\x93\xc3\x1a\xd0hg\xc8}64\
\x10#\x12#\xa5,\x85\xebb\xb1\x1a\xa0\x12T0\xec\
3lS\xdd\x96\x93\xf5\xae\xf2\xeak\xc2\xa9ID\xcd\
\xfd\xce\xa1\x9190-\xdfG\x87\x0a\xd6\xe9\xf9\x8b#\
\xc34er\x9b\x075\xe6:\x94j\xf9\xf7z\xd1\xd3\
9Rt\xbc]f$\xa2\xae}8\x00\x9e\xfc0\xac\
\x1f\xfa\xf3H\xba]\xa0\xd7\x17\xee7\xa5\xe3\x16\xc3\xba\
qYr\x00\x01\xc57(\xe0\xb8\xb7\x85p\xb0\x87\xb9\
:u\xf5Z\xa8\xb5\x170\xb7\xb4\x02\xb7\xea\x228Q\
W:\x91\xda#\x94\x89\x14\xa7\xd8x\xe5\x06l\xf6\xdd\
\xd0\x9b\xd0\xee8W<w\xbe\x06\x97%A\xd7\x86\xd7\
dp\x9a\xaaA\x95\xd8\xe8\xde&$U=p\x96\x18\
\xab\xcbM\xb85E/>\xf6\x0c\xf5\x18O\xbb1:\
\xd7:\x92d+\xe4\x9a\x04\x07\xb0\xff)0\xf3lB\
\x03\xc6\xafs\xcd\x0aN.7\x05\xac\xc4\xf3\xd5\xb2\x0c\
\xe7\x90\xc0\xf7,\x9c?\xc9\xaa\x86~\x1fy\x8e\x85%\
\x17\xf5\x96\x9a\xec\x9e\xe7`m\xbb\x87\xb5\xcd\x1e\xd6\xb6\
\xf7\xf0{/\xde\x96f)&\x7fU\xd8\xa1p\xf6g\
ZD3\x02?\xf0\xe1\x87qr\x850a\xcdh\xbc\
4\x07o\xbe\x02\x8b\x22\xa2s\x95\x22\x89)\xab\x18\xe3\
\x7f\xc1f\x987\xa9\xca\x8c\xf4\x9ed5]\xef \xdd\
\xdaE\x1ee\x88w\xe9\x85(\x81\x0da%^\xa8)\
N\xba\x8a\x22B-\xdc\x0azTbQF\x8a\xcc&\
{.\x93\x97Y\xcf\xaa\xf2\x22\x0cn\x80\x86\x9e\xe5\xba\
k\xdfZC\xdcS\x89\xc80\x8ap\xf2\xa1:V\xce\
\xd6\x944\x98\x9e\x81\x22\x02\xc3\xb0\x8e\x1e\x9dmX~\
\x15\x18\x8b\xdfx\xb9\x0f'\xa8\x22\xfb\xf5k\xf0_\x19\
 \x15\xbc\x92\xd2!\xa4AK\xe7l\xb8\xef_@\xe2\
e\xc0\x93g\x80~\x8c\xed\xdfz\x11\xf5\xa0\x81\x9f\xfa\
\xc5\x7f\x88g\xae^F\xc3\xab(\xc0\xd8\xbe\x91=}\
\xdb\x1f\x84\x9b\x92\xa8Z\x5c\xca\xe3h\xfa'\xa7\x95\xe2\
\xcb~\x85\x1a\x1d\xd3\xaeA<\x80\x83\xd0G\xc5a&\
\xda\x14\xa7}\xff\xa0\xb6\x11i\x82\x16\xeft<\x0c\xad\
\xa14\xa6\xb8\xa4\xf3\x8ebT\xf6\xba\xba\xc5V\x91'\
zq\x04\x9f\xdc\xf8\xd4\xb7c\xb5\x8f\xe56\xb2\xcd\xf2\
\xc5\x11A\xc6\x98_z\xff-I\xd2p\xe2\x13\x05.\
+?\xcf\xe5(\xb2JI6q\x00\x9a%Bj\xed\
\x5c\xf9T\x96\xdf\xf2\xd5`\x97D\xa5\xb0\xf8*b\x08\
\xb5\x0aj>A]\xd7\xca\xc7\xeeE\xad\xce\x8a\x9c\xa3\
\x94$*\xab0M<W\x13\x1b\x9b\xd5\xd6c\xff\xbe\
\x84+J\xfeB\xb2\xc9\xe6:u\xdd\xd9L\x22\x8a]\
\x8ad\x82\x9d\x8b\x16\x00\xb9\xe9k\x01\x1b\x86|\xc1\xce\
\x13\xe3O\xfa+\xf6\xb0\x0a\xd7\x9d\xa5b~I\x84\x12\
\x15\xe7\x00C\x99\xd4\xca\x15\x91gW\xf6>M\x5c\xc9\
\xaaK\xa1z;\x0apE\x8c\xc5\xb5\xe5\xdc<A,\
^\x84\xb9^\xdd\xb0\xc5\xfd\xd5\x0bTH\xc8\xa2\xe0R\
\xc6\xc3\x8f\x8c\xa4\x11i\x95\xd7\xe5\x91\xf0\xd5\x84\x16\x5c\
\xf9\x09\xffV\x82'\x92\x96\xd1\x90j64\x09\x02\x83\
\xd7\xc3\xbc\x07\xcf%\xb3]\xa1J-&\x7f5q&\
!\xce\x12^\xb4\xa8\xf8\x93#\xb3Y\x1d\x89\xe1\xd0\xb1\
\x8b]\xd5\x07\x111\xe1\x09X\x03E\xf3\xc6j\x07\xad\
\xc8b\xb3\x85<I1$\x8b5C\x17\xcf\xa8T\x1d\
\xbe\x1d\xba\x80\x9a\xe4ayn\x1c#\xe4\x9e`\x09(\
\xfe;\xf9\x99\x22\x04(\x08\x09\x0e8\xd9\xac'6\x9f\
\xb5\x8e\xb8\xd1}\xc7\xd0\xab\x80\xa1\xc4&\xe4\x14\xc3\x01\
\xe2G\xbf\x0f\xf9\x9b~H\x1a\x80\xf2\xedm\xb81Q\
\x7f\x9c\xf4C\xb8W\x9e\x17\x81\x10\x9b$!\x92\xec\xa1\
\x0bh\xa1U_\x86;w\x1a\xf5z\x1b\xad\xe6\x9c\x92\
\x98\x22\x09e\xc2$\x9f\x8dd\x18a\xfb\xc6\x9a.\xf1\
h\xb1\xcd\x94\x89\x22u\xb5\xca=7\x88G2\x04\xe9\
\x7fL\x98\xc9e*\x5cz\xf5\x8cj\x8b5\x90b2\
\x18K\x9c\xacK[\x86\xe7N1\xfa\xaan\xb2\xfa\xa5\
yY\x11\x077Yw.3!\x995M\x19\x051\
=Y\x8ev\xa3\x82\x05\xa2\x16i{\xa4\x1f_%\xbd\
L\xde\xa1xx&\xd9\xe5Z\xe8\xf72\xf4\xf6r\xd4\
Z6\x82:P\xab\xb9h6\xdar_g[\x15a\
U\x96I%\x01\x942\x02\xdcb\xf2\xdc\xd1\x800)\
\xb8\xd4Be\xae\xa2\xcb\x98\x9c0#\xb0\x92\x01\xe8\xa8\
\x0a\x8b\xba\xf6\xacT%\x10\xb0P\x9a!\x0dIRJ\
~B=qk>\x82\xf9\xbat\x12\xaa\xfa\xa5\xbe\xfa\
\xa2$V\xf2\xfc(\xb5]Q\xfd\xf6j9\xa0ko\
c\xb8\xd5\xc7\xed\xaf\xdc\x10\x02W\x86e\x9e\xe7\xa2}\
Q\xfa\x18q\xea\x91\x86TC\x06=\x82\x82\x5c\x5c~\
\xb5\x83/\x7fa\x03\xd5 \x10\xcf\xe5\xe4\x99*.^\
\xf2\x91D\xa4\xf2Q\x9e\xc2\xdc\xf9\xb6\x18\x22\x15\x191\
\x83I\xcf/\x87\xfdD\x05\xd6\xa9\x0c\xd9\xf3!\xec\x1b\
\xcax\x8b\x98l\x0fH\xbf\xd4A6\xcf\x84\xef:R\
'\x85\xf5\xf4\x8a\x10\xc5\xfe\xdd\xcd\xff\x0b\xec\xbd\x04\x7f\
\xfb\xf3\x9f\xc0\xe7\xaf\xbc\x8af\x85\x1e\x93\xe9\xfa\xd49\
\x8f\x19\x17\xceY\xf53\x0e\xfc\xfc\x8c\xe7\xd9\xc7\x09X\
~\x15\x07%\x05g9\xf9a?O\x17\x19Q{\x16\
\x8fH\xd7\x96\x87^\x0d\xf1\xd2Cp\xa9\x9e\xcbx\x9e\
+?;\xc5X\xc6\xedn\xc3fAX8\x04L\x0f\
\xbb\x9at\x8e\xeb!\x08\x02i\x13&K\x0f\x93vJ\
\x01Het\xc3\xceP\xb1\xa1H\xfd\xdbR\x19l\x8d\
\xab7\xd9x\xc5<\xa6\xb8\xe2\x04\xe4&\xd9f\xf6\x0d\
(\xf1L\xe1(-\xab\xd6H\x9d\xdf\xd4}G\xb4\xce\
\x86n\x8c\x038'+\x86y(\x8a\x82\xa0p\xa9\xcb\
\xe5F\xf9\xbf\x16\x9d\xf0}W\xdcP\xd3Ch\xb0\xff\
c=\x5cz\xbdPGQ=\xf6\xb2\x12\x0b7\x86\x85\
\x8a\xef\xa0VU\x99~&\xab\xd4\xfd\x888\xba\xc4\xdd\
\x83a\x88\x01\x93d\xe2\xf5\xf0\xf9\xb9\xe2\xf6\xa7\x04O\
\x91\xf4R\x93\xae\x16)\xda\x82\xbeV%\xe2\x8a~\x91\
\xb1\xf1d`\xad\xaaIKZ\xab\x99m\x17\xefXg\
\xf7M\x98SbD\x16\xb0\x0c\xc3\x0b\x8f\xed\xc2\xea\xa9\
H\xa5\x80\x89HD\xe8\xad\x0f\x85\xdf@\xfa\xec\xab!\
\x169\x89\xdd\x1c\xf59\x05\xe3\xe5\xb9X1I\x13\x07\
\x9bwRT\xfcX\xee\x8d\xc7x\xe8\x9c+y\x1ee\
d\x131$b\x8cx\x9d\x84tK\x17\xa2\x8da\x85\
.\x85\xcag\x10\xe6+\xcf\x97\xb7\x12g\xf0\xfb\x19b\
\xc7\x17\x8d\x02\xe6\x93\xf2v \xde\xd9\x13\x0b'\xd1\xa8\
z\x92,\xde\xe9\xed\x09W\x041&\xect\xa4\x08\xed\
q\x92\xe4\xc7\x9dw\x87y\xf1\x87z\xf8\xa7\xda\x0f\xe7\
\x07a\xfb\x1f\x88\x12\xf0\xac\x9b^E\xd9#\x9e\x13\x9b\
\xe65\x90G9\xc2\xa7\xbe\x1f\xf1;\x7f\x18nw\x1b\
\x95A\x0fvo\x03\xe1\x95o\xc0!so\x9fH<\
5\x109\xc1\xcf<\xf2v\xd4\x1a\xf3\xf0\x5c\x8a_\xba\
\x82\x85g\xd2\xcct\x99q\x12u\x87\xbbj\x01\xca\xfc\
Q\x02\x8e8\xf6\xb9\x96\xea'g\xa2N'\xbd8R\
\x83v\x0dV\x95\xae^&\xfd\xf0\xc6\xbdQ.\xba|\
\xb8`\x13fbH\x0cM\xe9\xa1\x1b\xa8\xf5\xa8\xb6A\
\xf0}\x8a\xc1\xedn\x91\xc6\x92\x85g\xa8\x12f\xfaQ\
\xa8&U\xa2\xe9Zu,\xcfU\xc5=\xa7R\x8d\xa9\
\xe1V\x91\xe3\xa2\xcb\xc4`\x8e3'\xaa\xc2\xec3\xb9\
\xe5L\x82\xb1\xea)ev\x0b\xc3a\x82\xed-\xf6\xb0\
\x1b0\x91r\xcfy\xed\x17\x1e\xae\xc2q2,/4\
\x10x\xec\x85U+l\xed\xe4<\xbcy6\x019\x22\
\x80i\xc4~\xf6E\x98E\xfb\x9a\xd6\x03p\x1c\xc4w\
w\x10\xafm\x0b\xdc\x9aM7\xd2\x8a\xc1c\xa8\xbb,\
\x5c}\x19\x9c\xcc\x05\xd0\xad\xe6\xbd\xbb6\x86k\x1dD\
\x1d\x92\xb6\x18\xc2\x10E\xdf&\x12]\x0d\x05\xde\x11/\
-\xc90\xd8\xeeK\xd5cs{\xa8\xd2\x11B&\x9b\
a8H\x10F*\x84\xe3@\x89#\xe2/\x5cE\xef\
\xcd\xfbG\x86s\x97Z\xba,\xaa\x0c\x15\x8dL\x1a\x87\
h\x9f\xad\xa3y\xbe\x89\xde/\x5c\x83\xfd\xa9MX\x15\
GX\x91\x84\xda\x9d\x939\xb0\x10\x11\x87Q\xcdQ\xff\
\xe0\x22b\xba\xfd\xac`\xf8\x0e\x9e\xbb{\x0b\xdbi\x1f\
w?\x7f\x1b\xe1sC\xfc^\xfc:~\xe5\xeeWE\
\xa0\xd5x\xda\x7f\x106>\xf7\xa9\xdd\x80\x07Y\x8b\xe3\
\x1c\x98\xdbq\x0c\x08\xc7\xafDNL\xfa\x81\x98U\x92\
i0N\xab\xaa\xb6\xdf\xcc\x86\xd5\x1f\x02\xbb;\xa2\x0c\
\xe48>R\xdb\xa3$\x9e\xc0\x87\x99(\xab\xd4\x9a\xa8\
\xcf-\xc3u,\xf8\x12'\xaaR^!\xca\xc0&\xb2\
>\xc9=H\x04R\x91A \x06\xc4\xb6\xe0\xd6X\xbf\
W\xa5!\x01\x91\xc8\xea\xc4\x15\xc6CV\xe1\xc0\xe4\x8b\
/UCFh\x8aB\x19F~ob\xfbb\x98\x97\
$\xbet\x89J\xd6X\xd6\xd0\xf99\xa1d\xc9\x91\x0f\
H@0\xa6x\xa7c{S\x0a\xd0\xbf\xd3\xc7\xe79\
]!\xd7T \x9bBWS\x0c\x92\xda\x87\xddn\xbe\
\x13(\xb2\xca<C\x10dX:\xd7\xd2\x9e\x8ej\x09\
a\x9d\x9bB)\x8f\xbf\xa9\x06\xb7\xe1)\x16$1b\
\xb6\xf4\xac\xfb\xad9\xe0\xc4\x1c\xf2\xde\x00\x11\x1b\x90&\
\x82C\x93\xbf\x1b\xfd\xa2\xf4\x83$X\x13X\x95\x00n\
#Putmx\xca\xbd\xcb\xfc\xd6\xf5\x95\x01\x90w\
\xe29\x88\x071B\x82u\xc8\xf3\xa0%\xde\x99\xbc\xf3\
\xe7\xebh^\x5c \x90@\xf1\xf2\xc5):7v\x91\
\x0cr\xac\xdfb\x0c\xee\x80\xe4P\xbc\x0c\xea\xf75\xeb\
*?\xe2\x056v\xb6,\x5c\xbdM\xdd\x00_\xa0\xb8\
\x0es?q]\xad\xd4:\xacr\xfa\x19\xf2~\x84\xf6\
;\x96\xe1?~\x02Yc\x1bVo\x9b\xb0\x06\xa4\x89\
\xf2T\x86d\xfb\xe8\x02\xf9\xad\x01\xac\xa6\x03\xfbR\x1f\
N\xc5\x82\xff\xa6\x13\xb0\xe7<\xbc\xf7\xe2ir\x94\xe3\
\xee\xad\xefb\xe7\xd5]\xec8]$B\xf0\xaar8\
\xc7%\xd7~\xa36Y\xa4N\xcd=T\x82\xbd\x94&\
\xff\x0c\x99\xfe\xc9U\xa0\xf8~\x12*:\xad\xbaP\x88\
y\x8e\x8e\xa5\x16T\xa5\xc7\x97\xbb\xf3\xc8\xd2\x00\xd9\xc9\
K\xc8\xcf<\x05\xbb\xbf\x05\xbb\xbf\x06+\xea#\xdb\xbc\
\xa9\x06\x86YAt=\x8a=\xff\xe4\xda#\xf5\x13'\
3\xc9!\x0d\x02O\x5czb\x06\xd8\xf7\xadWm\xc5\
\xc1\xa7\x12U\x0f]z\x87\xe0\xf8\x9dFEONi\
\x11\x14h*\x93Y\x1chQ\xaf\x0f\x8b\xae\x1f\xcb\x5c\
\xcc)\xb1\xb4\x07v\x90\x05\xaa&\xcd\x15\x5c\x5ck\xed\
\x1a\x1b\xa0\x8b\xa6\x1e7\x8fA\xd8v\xbaJ\x9a\x9b\x18\
\x01\xd9\x18\x97j|\xb6\xe9R\xe4D\x5cn\xd5\xb1\xd4\
\xaa(\xaa2U\x8fS\x93\x1b@\xdb\xce\xc8l\x8d'\
\x96\x5c\x04\xbaDI%\x9f\xad^\x88,\xf7\xf0\xfc\xcd\
\x97\xf1\x9d\xeb\xcf\x89\xb0\x89\xc2\xa0\x9bxDs\xf3\x0b\
)\x8bJ\x905\xe7<\x097TN\x82-\xb4)\xf6\
\x06C\x5c8\xfd(jN\x03\xef\xff\xe8Y\xbc\xff\x07\
\x9fB:H\xe12\xb9g\xb0\x00\xc5\xab-'\xee\xd4\
\x92\x9b\x0f\x89\x03\x8e\x91\xf6B\xc4[}\xb85\x1f^\
\xd5\x13\xc8q\x11\xeah\xdf(\x8b\xd8e\xa8\xc7\x03C\
\x82D\xf1\x12\xaaR\x8d\xdaW\xaa)\x15\x1fA\x8b\x8b\
\x83\xcaA\xd0\xb0E;!\xb2\xc4\xc2\xd6\x9d\x1d\xa4a\
\x86\x1bW\x86\x08\xa93\xa2\xd9\xa1\x08\xa7\xe6\xbd3Z\
\x0cYD\x8a\x22|\xe1\xd5\xe7\xc5\xfd_`\x1b0\x91\
\x97\x0c\x13\x09\xd8\x12\x90V\x06w\xa1\x0a\x97\x9e\xd7w\
\xf7\xe0_\xed\xe3\x84[\xc1\x89\xbc\x8a\xb6\xef\xe1I\xaf\
-)\x1d\xb2\x05YdI:O\xe3\x05`\xc1\x87W\
\xb3\xf1\x0b\x9b\xdf\xc4\x95t\x0b\xdd\xcb{\x88\xee\xc6\xb8\
\x95m\xe2\xd9\xceU!(=\x086\xff l\xc2\x18\
vf\x0a\x14a\xda6\xee\x01\x98r_\xc9M\x99<\
\x8eu\xc0\xfe\xe5Uk\x96p\xc2L\xfe}\x0fBV\
\xeb\x04\x16y\x99\xd9\x9b\xbb\xb3\x06\x0c\x89j\xdbE6\
\xbc#\xbfce`\x0cQ\xc9z\xbfma\xf7\xee\xeb\
\xc8h \x0c\xbcY2\xd4*&\xd6\xcb\xb2\xe2\x10\x18\
\xa5\xdbT;\xb2\xed\xe0\xd4\xcac@\xbd\x82\xea|\x15\
N\xc5\x164\x9bd\xdbE\x1f\xdeE\xb8\xdb\xc7\xe6k\
w\xe0\xfa56.\xc0\xf3m\xcc\x9f\x9cW\x89\xa1\xb6\
R&\x12\x84\xa0\xaeu\xeb\x9b\x19\x95\xf5\xcb\xf7\xcf\xb0\
\xb3\xed#\x0fS\xf4oQ\x9d\x985z\xcd\x86S6\
\xa7c\x8b\xa9\x1e8\xa6~\x0e`SXpm\xbc\x89\
&\x93ir\xc7\x11\xac@\x1c{H\x92&\xbe\xf6\xd2\
\xeb\xf8\xc4\xb7\x7f\x95\xcc\x96\xa5\xb4\xab\xc9\xeeO3\xed\
\xe5\xda1\xff6\xc4[\x17\x7f\x14s\xe9y\x9c\x7fh\
\x01\xfe\xca<\xf2\xf5=\xc4Q\xa8@0\xfau\x97]\
\xfa\x91\xf7\x97\xc2\x0a<\xd8\xcd\x1a\xb2d\x07\xd9\xde.\
r\xd1\xce\xd3\xec\x1c\xa5S\x0b\x81k\xb7\xaf\xf9\x01\x94\
\x80\xa7O\xa8w\xab*\xf0W\x1a\xb5\x82\xcd\x89\x93^\
\xbfK&\x17\x85\xa7e\xa5\xaar1a\x07q\x98\xe0\
\xf2K\x09v\xb6\x1dA\x1d\xd2\x0bd(X\xe1;\xcb\
!\xfc\x80W\xd6\xd7\xf0;\xdf\xf9\x86\x90\xcc\x12\x91(\
\xdc\x02\xbaOC%\x03\x994&\x0a\x14\xa2\xf77\xf0\
r<e\xcf\xe3\x07\x82\xf3\xb8\x18\xd7\xf0\xbe\xe5:b\
\x96\x9f\x19:\xa4@\xfc\xaa\x82\x0b#\xedI$\xf3\xeb\
\x97?\x83\xcf\x0e\xae\xa0]\xa9K\x18Fy3_\xc6\
\xec\xc4\x1c(=\xe9{\xd9\x0e*\xfc\xa9\xe7?\xdb1\
\xb8D\x8eY\xa5\xa9\xf9\x80\xf1\xfc\xec\xe8$\x85\xb5Q\
/_\xdc\xed\x19/~\x1ao\x99:\x8f\x99\x00C\xd8\
l\x5c!\x04\x93%\xbe\x94\xd2\xd4\x14\x9et\x14\xbd\xad\
.G\x99\x92\x1b_D\xc5K\x90;>\x12\x87$\x18\
$\x095\xf1\xfa(\xf1\xa6\x0c\x169\x01\x95' \xf9\
\x03\xdb\xc6\xf6\xc65X;\xab\xd8\xda!P(\x83\xe7\
3'\xc0\x16a5Z+A\x1d\x8b\xe7\xcf\xc9$w\
\xebz\xb2R\x12\x8ah\xbd[\x9b\xb2P)p\xcb\x08\
\x9fN9.\x82\x90\x9c\x9a\x0b\xabf\xb4\x0c\xd5\xa6\xb4\
\x02\x84OJ\x09^\x8e=\xd7BC]\xfd\x5c\x98\xf4\
\x89\xe7%\x1dy9^\xef*j\xefA\xbf/\xf9\x8f\
go\xbc\x88;\x1bwqw\xd0\xc3\xca\x89\x0f\x8b\xae\
\x9ep\x05\xf8\x15\xf8\x0bK\x05P\xa5H;\x1a\x00\x1b\
\xd9\x87\x08\x87u\xe9\xfe\x87\xc2\x84\xe4\x0d]l\xdf\xbd\
\x8d/|\xdd\xc7\xe0o\x0d\xf0\xd0Cm|\xf8\x07\xdf\
\x8a4d]\x9f~Hi\xdd\xdfg\xfc\x19\x8b\xab\x09\
Fw\xbbL\x83\xad\x22#\xf3\xb3\xe2\xd27\x06\x84\xcf\
1a\x13O\x9e\xa2\xdba\x83\x95~\xb6\xda\x00\xc8q\
\xec\x0cK\xa7\x1b\xd2\x1b@\xefH\xc6`\xbd\x02\xa7\x1a\
\xe0\xe4\xb9\x04sMJ\xa0\xe7\xe8\xf5l\x5c]\xbd\x83\
\x1b\x1bkb\x04\x08\xea\xda\x1b\x86h6\x16\x84P\xb6\
\xeaW\x84\x16k\xc5\xa9\x81\xca\x8a\x8a\xdf\x00\x08H]\
F\xfd\xc7,G5w\xb0\x97\xee\xe1\x99\xfe\xb3\xb8\x8c\
*\xae\xec\x5c\x15\x97\xde\x08\xda\x1aQ*vb2\x19\
\xb8\xd7\x04NT\xe6\x85mY\xbdF\x93\x0c\x1d\x1f\xeb\
\xe5\xb90\xadDw\xd06m\xe1\x9c\x9c\xa3\x05.\xe4\
\x88c\x89:\xf0Dx9\xf5\x84\xfb\xfe6\x85*\xec\
\xb0\x1b0\xc8/\xe5\xcd\x1d|Y\x8a\xd3\x96\xa5\xa1\x81\
\xf4|#\xea\x00\xe1]\x8d\xb7\x9e\xf6\x093z\xd5a\
3\x16j\xed9\xe4\xcc\x1d\xc8\xfc.g\xact\x1e]\
\xb4\xfd(|\xa5\x1fU\x9e\xe2\xeak\xdf\x12\xb2N\xba\
\x81\x94\xdf>q\xea)\xd4\xea+\xc2C\x1f\x0d{8\
u\xf11,\xbe\xfd\x12r;DeA%\xedz7\
\xc9\xa4\x0f\xf4oo\xa9\x8c\xb1\xc1\x80\x8b\x22L\x8ej\
\xb3\xc1%DVw\xb7\x15\xc8@\x95^\x03\xb9QU\
\x07W\xf5\xec\x92$V\x09#\xc6\x0e\xb3b\xb2\xc8=\
Z\xfbr,\x14'{\xa9\xc3\x5c@\x8e\xe1f(\xcf\
\xe0\x97\xbf\xf2I\xdc\xde\xfe\x1a\xda\x0b\x1f\xc5\xca\xc9w\
\x0aE\x1a\x93fNc\x0e\xd5G\x1eS\xabU\xd1\xce\
;R\xb9\xe5s\xa8,WE\x05g\x10\xf6P\xafT\
q\xfd\xb3\xbf\x86kw?\x87\xbd\xcf\xbc\x03_\xfc\x8d\
k\xf8\xc3?\xf58>\xf6\xa7\xbf\x1f\xd8\xdcE\xccF\
\x9b\xf2\xc0\x9b\xe6\xe9\x196d*<I\xb7\xa0-\xa8\
F\x99\x14%\x1e\x02\x83i\x90j\x03\x8dA\x92\xc1\x0d\
\x13\x0c6\x06\xb8}#\x84K\xe5 M\x94!\xcd9\
n\x8a\x95\x95\x9a`\x1c\xa2H\xd5\xe5\x83\x95\x05I\xfe\
\x9e\xda\x19\xc0Y\xe8\xa1\xf3\x5c\x8c\x9b\xab\xc0\xb3\xd7\xae\
\xe33\xcf}\x1d\xf5JS\x1e31\x15\xbeG6d\
\x0b5\xaf\x06?w\xf0x\xfd\x04\xaa\x5c\x0f\xa5U\xc1\
B#\x06\x1a\xa9bX<\x8f&>7x\x1e\xffd\
\xefk\xa8{\x158}\xe3\xbe\x9a\x1e\x07\x95\xa0\xe4\xf7\
\xa9\x95!\xa0\x94\xb9\x90\x98\x96\xe0\xcc%8}\x11\xf6\
\x9a\xbc\xa9\xfeE\xb9\xea69_\x0e\xf4\xc2\xcd\xd0\xc6\
\xbdm\x87H\x83\x1d\xbeb\xcf\x18b\x14\xfbN\xfb\xfe\
@\x83S\x84\x16\xba\xd4\xa5A<f%TI7]\
\xee2\x8d(\x02Vi\xc2\xb2*\xb0-v\xfcq\xd5\
\xa3:\x0eW \x9dhcZ\xb1\xc4\xb2\xaaz\xd8\xd5\
\xc0cm\x9c\x0e\x11\xc9 \x98\xb5v\xd9w\xeb\xd8h\
-,\xc3o>\x84z}\x1e\x19\xf1\xe0\x0e)\xc9\x80\
$Jak\x9e|\x0e:Y\x99\x0ar\x0f%b\xc1\
P\x80-\xb9Y\x97\xbc{\xa9\xe4\x0c\x98l\x14\xae\xbe\
>\x1b\x84\xe8\x01\xa8V_\xe6\x1b$T\xd1%\xc3\xaa\
\xef\x09\x9c\xd6\x97\x12\xd5\xe4\x933OA'\xd0\x98\xe4\
\xb2\x1d\x5c\xdd\xbd\x8e^\x7f\x0f\xd5\xe62\xdax\x1a\xf5\
\xe6\x0a\x89\xbfT\xa2Q\x92\xfd9\x92\x01\xa5\xc5u\x91\
W\xeb\x15(\xc4\x99\x12\x03\x09w\x99\x04\x1b\xa0\x9e\x0f\
\xb1\x18\x85\xe8/,\xc3~\xf2\x03X\xf0\x16\x81m\x1b\
{\xb1\x8bO\xfd\xf2\x97Q\xc9\x13|\xf0\x83O\xa9\x16\
j\xa9@\x88\xf5-\xaa\x1dB'nT\x91X\x5ci\
\x91|<C*\xcf\x82\x12\xeeJ\x17A:\xf6t\xa8\
\xcf\xc7\xd0\xe9\xc4\x12\xcf\xab\xf2e*Y|\xa15\x17\
\xaaw\xcd\x12\xcc:\xbd\xe7bs}(\x9eE\xa3\xed\
\x22'\xb49J\x91\xb1q\xa7B\xd1\xd6\x1a\xea\x0b=\
\x9c\xcf,\x5c^\xf3\xd0\x0a\x9ah\x91\x9f_S\xaeU\
,O\x92\x9fL\xa0\xb2\xb3\x90\xc66\x94\x16r\xf5l\
O\xe6\x16N\xd2\x0b\xb0,\xb4\x11\xe2\xd1j\x03\xff\xcd\
\xc3\x1f\xc4\xdda\x17\xbf\xbb\xf7\x9a\x82J\x17\x04\x9b\xa5\
\xd2\xae\x96@\x97\xa5\xe6@j\xaf\x83f\xc9(dT\
\xe3(\x9f\xba\x08\x1fg\xee\x1d\xb5\xb9\xe5n\xa1\x83\xb6\
\xc9\xbf\x94\xcb\x5c\xf9,u\xc8\xc9_\x94V\x8a\xa9\x9f\
(\xb1\x08\x99#\x8c\x04R\xc7\xb3\x13\x92\xaf\x16\x91K\
\x17yp\x1a\x96\xd3\x10\x81K\xf6\xfc\xa7a\x1f\xa9\x10\
j\xa8\xfdG\x0e\xe7\xe8N44\xbe@\x99q0\xf0\
\xfci\x12#\x1c\xf4p\xe6\x89G\xb1\xfc\xe8\xe3H\xfa\
\xa1@\x86I0\xeaW\xe9\xdc\x85H\xac\xa1\x88c\xb2\
\x22\xa1\x5c=f\xa6Gg \xe0H\xa88\xf7\x80\xc1\
\xcd\x04\x95\xe5\x16\x16\x1em\x89\xe2\xd0\xf0\xee@\x06\x8e\
CB\x12\x91\xc6Qj7$\xc2\xe4\xb3i7\x1bh\
U]\xc9|\x8b\x8cyA&Z<\x91\xe2)\xb0&\
^\xf1\xaa\xf8\xc6K\x9f\xc5\xe5\xd5o\xe3\xfc\xc5\x9f\xc0\
\xc9\x0boC\x9e\x91t\x93\xd7\xa7Ko>!\xb4\x9a\
sO{\x1e\xbcB\xe1\x9d\x17\xeb\xe5 \xdc\xc91\xb4\
b\x9c\x0e\x12<\x92\xa7\x88.\xbe\x05so\xf9\x00\xf6\
^z\x0d\xab\xeb/\xe3\xb3\xcf\xdc\xc4\xbf\xffw\xbf\x83\
\xb7\xbf\xf3$~\xe37\xde.\xba\x87f\xa0Ju\x83\
+\xbc\xdcC*R\xde\xec\xab \xf5\xba\x7fa\x1e\xe1\
\xda.\xfa\xab\x1dI\x06\x06\xa7\x97$\xf19\xd8\xdc\x11\
#\xe4UY\xedq\xb1\xb6\xba\x8bA\x87\xfd\x0b\xf4\xa2\
\x94\x7f-\x88K\xcd\x09@T_PU\xf4\xf0[W\
\x06\xb0=\x0b\xcb+\xcb\xb0<\xe6\x1cl\xa1\xf7Z<\
\xbf\x22H\xc7K\xf6.j\xb9\x87\x97\xee\xbc\x8c\x88}\
\x024\x80I\x0a\xdf\xad\xa0]m\xa9\xdc\x03\x91\xa49\
\x15\x80]D\xba\xb4K \xd4C\x8e\x8f\xc7\x89;\xd0\
\xcdG\xdf\xd78\x89\x9f|\xd3\xdb\xf1\x85\x8d\xe7\xf1\xe3\
\x9f{\x0e\x0d\xb7.\x8d@r\x8f\x02?,\xbd\x9bR\
\x15h4\xa4\xc7G\xaf\xd9\xaf\x18\x89zv\x17\xa0j\
\xe3\xfd\x95\xdes\xe1\xc8>\xc0\x12=\xb3+c\x93\xb8\
\x9c\xcb\x1d\xbb\x81\xb2\xeb2\xba\xab\xa2.]\xbe\xc9\xc9\
mj\xb2O\x7f5\xecg\xfb\xbc\x84C\xea\xa5f\xdf\
\x22\xadEf\x19b\xf8)!E\xd9(\x15\xd0J\xda\
W\xa1\xe6L\xae@\xb3\xf0\x18V\x9eR\xe3\xb6Yd\
\x05\x15\x98\xe5\x08\xeau\xd4\xe7NHy*\x0e\x87H\
#v\x09f\xd2\x88\xb4\xb7\xb3#\x1d\x83\x83\xb5=\x81\
\x14\xc7\x03\xd2\x8cY\x08|\x96\x94\xd8:\xabT\x8c\x15\
I\xa9\x1a\x0c\xd4\x0a$\x96 \xdc\xed\x09\x12M\x09\x94\
\x98\xc6\x10\xd2ok\xf76\xee\x8b\xf1I\x93\x00i6\
\x02\xf4h\xd2\x01\xddRn\xd4rm\x81=\xdf\xbc\xf3\
\x92$\x99,\xab\x8a\x9aO9r\x17q\xca\xd5\xd1\x85\
\xe3\xe9I/\x8b\xbeR\x00R\x00\xa4L*\x09\x8fp\
u5\xcc?\xcc\x01\xcc\xb9\x88\x1c\x0b\xa7s\x17sU\
\xe0\xb4\x97\x22\x0d\x06Xk9\xe8\xb5\xe6\xe1;!\xb2\
\xfa\x0e\xdc\xc6\x8a.\x9b\x1a\x17W\xb9\xc5l\xc8\x09\x87\
\xa1\x84o\xf4x\xa8\xbd\x10\xf6bt\xd7w\xe1&\x19\
<\x1dtf\x83\x90\x9a\xe7\x8a\xfd)\xb7\xd1\xeb*E\
%\xde\x93K\x1a/\xd3\xdd\xc6$\xab\xe0\x84\x09\xeb&\
\xc7\xfe\x10wn\xed\xa9\x16pz\x09\x9e\x85\xcd|O\
*?+++\x08*.\x16\x97\xa9\x08m\xc1\x0er\
x\xbe\x0b7p$\x95C5'*\xfb0\x0f\xc0\xe7\
mkzT\xde\xfd|\xc6<\x0a\xf7!8*G\x83\
y\x08\xe6\xa0\xea\x1e\xbc\x8a\x8b\xcc\xa3\xc0l\x0f\xfd\x82\
\x8e\xce\x8c)\xe3\xc7O\x1f\xdf\x93[y\xae\x15aA\
\x91\xdf\x18}j\xec\xbbr'\xa1\x9e\x1b\xb3l\x0a\xb9\
Y\xfe\xc5\xfe\x1c\xddT\x1c\xc0(\x1a-}v\xa6S\
N\x5c\xc0\x8c\x9f\x9b\x96`<j\x7f#7-\xda\xf3\
\xa2m\x13\xd0/W\x19\x04\x93\xec\x13\xb7z\x14h\x8d\
X\x8e\x0c\x89\xe2\x84C\xa5\xe1\xadq\x0a,?\xf4\x10\
\x1e~\xdb\xfb0 +\x0f'h\x92 \xee\xf4\xb1\xbd\
z\x0d\xdf\xf9\xea\xaf\xc1\xf7\xea\xbaeW9\xbdD\xa0\
=\xf9\xe8\xbbQ\xf1\x1a\xf0\x9b-X\xc2p\xa4\xb4\xef\
\xe4\xc0\xc4\xc4\xf7\x87\xd8z\xf5\xa6\x18\x88`nN\xdd\
\xb3\xac\x98\x5cC\xd4`\xe8\xac]G\xbf\xb3\x8a\xa5\xfa\
\xbb\xe0\xce\x9d\x15>\x00u\xab#'\xd0\xc4\xda\x5c\x0d\
\xbbI\x07\xbf\xf4\xa9\xff\x07\xe2\xa4\x8b\x13K\x1f\xc0\xfc\
\xe2\x9b\xe1\xd7\xe7a\xbb>\xbcV\x1b\xa86\x8a\xaa\x84\
\x22[Qm\xd3\xec)jZ9\xfe\xf2J\x15u\xe9\
g\xc8\x05K\xff\xc8;Ocn\xb1\x868\xcc\x10\xf6\
#X\xe7k8\xfb\xde%\xfc\xf2\xaf<\x87\x7f\xbcZ\
A>\xbc\x86\xd5\xees\xb8\xbb#\xac\x1d\xaad\xa8\x09\
/|\xcf\xc1\xdd\xeb\x9b\xb8\xf9\xccU\xc1a\x9c}\xfa\
\x02\x16\x1e[\xc6\x9d\xdb\x1d\xbc\xf2\xd5[8q\xba\x81\
\x87\xcf\xd6\x10\xc5)\x92;[r?\x04\xe10-r\
\xebzOA\x86-\xe6L\xb4\x91`s\x97\xef\xa0Z\
\xf3\x10\x87)*\xd5\x00\xdf\xb8\xfc:\xfe\xe6\xcf}\x12\
\xf5FE\xe2\x7fA\xfe1\xb4\x88c\xfc\xc4{?\x8c\
\x93\x8d\x06\xfe\xf0\x7f\xf9\x04\xce>\x5c\x11\x08tmi\
\x0e\xd5fE\xc6\x02\xc9Vk^E\xcd\xb5D\x19\xd1\
\xc4\xcaP\xb3-|\xd0\x090\x1f%\xa8\xfb>\x9a)\
\xe1\xd0\x09\xa24E\xfdT\x0d\xf5Gj\x92\xf3\xa1A\
\x8dvb\xd11\x0c\x9cD\xd4\x80\xc6\xc6\xed1\xf0\xbb\
c\xb9\x81\x07\xe8\xd2\x97\xb7I\x91\xd1i\xe78\x90\x16\
\xbcp\xf3\xcdD\x9e\xe2\xde\x1f\xb7\xff\xff\xb0\xed\xa0|\
\xc0\xe4>\xe3Q\x11\x87\x9e\x83\xac\xb6\x82\xd4\xaa\x08d\
s\x04\x88\xb3\x90\xd3 \x88\x17\xa0\x136\xd26\xabb\
7I\x02\x9aj\x9b6\xbe\xfcQ!|sq\xbb\x89\
\x19`\xb6\x9be?\xaa\xd8\x0e\xfa;\xc8\xf3\x08\x95J\
\x1d.\xc9H-\x92G\x10x\xc2d\x94J,yD\
\xbdiA\x91\xf2\x95\x9a+g\xacN\x22I\x81\xdc\x9a\
\x86\x1fY\x00\x14\xeb\x8d4\xe9\xd8\xa9\xac>!\xb1\x01\
i.d\x1e\x86\xd5V\x17/G$$9\xa1\xbd\xec\
\xd5W\xb0Y\xc9/\x10\xbe+$z{\xa2\x97`\x02\
luI\x8aoQ\xe2^+\xc7\x8d\x8e\x8d\x8a\xe6\xb6\
'\xb4\xd6\xbe\xdb\xc4\x02\x11\x8d\xb1\x85(\x0c\xd1h;\
\x98\xebd\xe8\xef%\xf0\x08\x12\x8ay\x10z\x5c\x0aa\
iI\x09C\xad\x86\x8c|\x1d\xd7G\xa5\xd9\x94\x95Y\
\xaeq\x10\x0b>\xdfq(\x91\xa5\xda\xa8\xc5#\xd2h\
<\x16x2\x86Q\xacT\xc85\x96\xe1\xc4\x8a#@\
\xba\xbd\xd9\xcaL\xa9\xf1j\x0d\x17O/\xa3\x1a\xb8\xd8\
\xec\xd1\xd3  \x83\x1d~1\x06Y\x8a~\x96bm\
{(\x9c\x0f\x18f\xf0\x03\xf6\x87\xd0\xb3\xe0[U\x14\
\xeb\x86H\xd5\xcas,\xc2E\x9b\x1d\x80\x9a\x08\xc6\xa2\
\x97'\xf7\xc2\x0a\x80\x03\x0c\x80\xa4\x9bHY\xd8\xa5\x00\
k\xea\xe0\x223\xfcn\x15\xeb\x09\xc5D\x8e\x1e\xb93\
g\xe5\x0fL\x8a\x19\xd0\xc5\xf1\xb7#\xab\x00\xfb>\xc0\
\x15\xc2\x9cw\xe2\xf7\xa3\x0b\x9a\xb8\x9e{\xb8\xb8\xc9v\
\xe0\xa3\xe4\x8c&\x1f\x9e\xac=\xf4\xf2]\x17\xe9\x13?\
F\x16O\xb87\xbe\x01'\xec\x88\xab+\xe2\x1a\xbd.\
\xb2\xbe*\x1d\xaa$3\x95\x84i\xf9K,\xfc\xba\xac\
\xa4\x8c\x83\x09\x05\xe8\x1cR\xa9(\x93r\x18\xf1\xb4\x9b\
\xab7\xf0\xdcg\x7f\x1d\x15\xc6\xaa\x96\xab\xfa\x0bX&\
\xf3kx\xdb\xdb>\x06\xcfS4\xe3*\x8c*e\xb6\
\x0b\xef\xa2\xc4q\xc8I\xba\xd7\xd1\x06V\xb3\xdaH\xae\
R\xd1\x971\x9f\xb1\xb9\xb5\x87N\xe7\x0eN,\xb5\xb0\
\xbc\xd0\x94vW\x85\xf6\xa3\xff>b\xbb\xe05(5\
_\xfeS\xb4Q\xf1\xdd[b\xe8H\xc1=V\xdb\xd7\
\x1e\x90\xe1(\xb8\x85\x0c\x7fW\xe4\xc0F\xc8\x88\xb3\xbf\
s\x1am\x8f\x0a\xca\xec\x7f\x88\xd1\x9a\x9bC\xb3\xd6@\
\x98\xe48k\xd5p\x87\x9c\xfcrj\xd5\xe42\x9a\xaa\
\x04\xef\xa4h\x9f\x99\x93\x7f\x8c\xcd\xf7\xaem\xa1\xf7\xf2\
\x06^\xf8\xe6m|\xea7_\xc3{\xde}\x0a\x8f^\
z\x08\xc8\x22\xad\xf1\x00\xdc\xbe\x13J\xc6\x9f\x1c\x06\x8a\
\x82@'lus\x13\x7fO\xd0\x9f\xa8+\xc7\x11\x1e\
9u\x12?\xfb\xd3\x7f\x14\xeb\xbb\x1d\xfc\xa3\xdf\xf8\x94\
\xc6\x0d\xa8\xf6\xde\xaf\xbc\xf2\xac\xbc\xc7\xff\xf8\xddg\xd0\
\x1b\x0e\xf0\xc7\xdf\xfb.\xfc\x91w\xbd\x0dw_\xde\x12\
\x91\x0e\x9e\xcf\xf7}1<\xbc\xfafn\xe3\xa7\xfc\x93\
h\xe6\x16\x5c\x1a\xbc\x9cD\xb1*\x07 \xab\xa7m\xa1\
w{\x88\xfe\xad\x1e\xbc\xb3>*O\x04\xf8\xd0\xcaE\
|\xe3\x8f\xfc/x\xa9\xbf\x8d?\xfa\xe9\x7f\x8a\x90\xa1\
I\x99\x03\xec\x80\xb1k\xcdb\x08FA\xfe\xfe6\xd1\
}F`\xff9eq\x93?\x15\xdc\xd3Gn\xfb\x0c\
@!Np\xd8\xa7\xf4\x8a\xa9Z4\x0f\xcfk\xbeQ\
\x9bv\x12\xc5\x88$\x95\x1a\xe07\xe0\x8b\x1e\xbd~\xc0\
\x86A\xb8\xc0\xc8\x96:\xd9t\x0b\x8e\xa2\xd3\xc6\x84\xaa\
\x8a\x82#su\xa0\x00\x09\xddbW\xd8\x22U\x86\xd8\
4\xcb\xc8yt\x09\x88\x882q\xf5\x0b\x12e\xadf\
\xab;\x0aG.\xbc\xba:U\xf1\xd3\xb4\xde:\xf9h\
\xb2/\xe3X\x01\xf5\x1e\xc4#\xd1\xca\xbe\xc4\x9e\xb8:\
Q9>\xa4\x0a\x0a]1N\xa2U \x19\x0a5@\
\x15\xe4_\xbaWF=\x08L\x82Ik\xb0b\xf9\xe5\
\xe0'\xc0\x85\x8c@iF*\xb5\x0cv\x18!!-\
\xb9\xe3\xa1F\x88\xad\x84\x13\xaa\xf6.H=\xfa@\xcc\
U\x10\x15\xc7^k\xa2m\x18\xd6\xa8:\x88\x84>\x9c\
x\x94u\xe0J/m\xd3\x22\x99\xa6\x9bc\x84\xb8\x84\
FX)(\x99J\x0a\xe7\xb4\x12\x05U|~D\x06\
\xb2\xe6\xaf\xe8\xbc\x08_Vm\xc5B\x96\xaa%\xc5\x84\
\xe2\x85J\xc8\x84\x1b'6\x06a\x8a\xed=B\x983\
\xa9\xaa0\x04p\xc4\x03T\xab\xbfc1\x01\x98#`\
\xf5B\xf3\xfb\x1b\xef@\xbd3\x96#!:\x7f\xf4^\
\xa8S\xc9\x1cB=w\xd1\xaeWU7\xe9q\x84\xf8\
\x8a\x110\xc3\x1eG:\x16S\x8eRH\x8d\xcd^)\
8X\xa9p\x96M\x0f\x5c\xf3\xd2$\xce.]\xc0Q\
[\xb9\xb41\xcb\xbe\xc5\x14*\x1aO8\xfe|X\x8b\
\xcb\xc8+s\xc0u\x0f\xd6\xa0\xb4\xcfh\xf1-vW\
q\xbe\xa3X\x88%\xe9\xc6\x06\x01\xd5eOm<\xfa\
%\x81\xeb\xe0\xf2\xb7\xbe\x82\xcb\xdf\xfd\x9a\x80\x912\xae\
\xf8$\xfc\x08\xd8\xa8d\x12p\xba\xfa\xc5\xc4^g\x0b\
\x09\x93\x90E\x09\xb3\xa4\xe4\xcaA\x1cPc@\xd1H\
\xa9}\xd4\x1d\x8d\xa9/\x99\xdb)\xa8\x9c\x0dJA\x81\
h\x86\x9d\x04w\xd7\xbb\x98kz8\xb9\x5cW\x13A\
s\x0c\x16\x89%\xf9\xaf\x8f$\xdb\xc3\xce\xdes2\xf9\
\xc5\xeci\x5c\x82g\xfbX\xa8\xbfI8\xef$\xe4\x10\
\xe7Ci\x00\xf2>\x5c\xc7\xc7\xab\xdd\xaf \x8c\xb6\xe4\
\x19Q\xe1\xa8\x1e\x9c\x86\xef\xb4p\xaa~\x0eO.\xbe\
\x07q\xca\x07\xcc\xca\x84\x16\x08\x91\xf2+\x13\x95\x1e\x9e\
\xff\xcc\xab\xd8\xdb\xe8\xe3\xa9\x8f_B\xebdUP\x95\
\xfe\xd9\x1a\x82\xe7\xd6\x0b\xe1\x13f\xb7\xfb\xbd\x08/\xbe\
\xd4\x15Oj\xbe\xcd\xe4%\xaf\x5ce\xdc[\x0b\x01\x1a\
u\x0b\xaf\xbf\xd8\xc3\xda\xedH`\xd8\xf4\xc4\xe4Qk\
\x96`\xdf\xf2\x85;0p\x03\xb8\x0c9<\xbf\xe8\xca\
T\xb4pdq\xb2\xf1{\xaf\xdd\xc0o\xbf\xf0\x1c\xce\
5N\xe0\xe3\x17\xdf\xae\xcb\xadj!\xa0\x91\xa8&\x09\
N$>Z\xd4\x90\xd0\xf12\x1b\xaet-\xd6\xe4]\
\x8b\xfbd\xd4\xe3\xd7}\xe4\xae\x8f\x84\xde\xa5T\xa0J\
\x05\xfd\xb1\xb9\xa1\x93|&\xef$\xbb\xcd\x08\x94\xd3/\
u\xd4,e~\x9f\x1f\xcb\xeb\x9e4\x02\xd3rr\xd2\
\x8ar\xafq\xfd\xa4\x1b?k\xd2o\xf2\x02\x8f\xf3\x99\
\xfd\x95\x06\x96~\x5ci\x1d\x95\xf7\xc6\xc1\x22\x14`J\
\xf8C\xa9\xc1\xa9l\xba\xa1\x9a\x1a]\xbd\xa9a\x94\xae\
B(\xa2m\xe1\xf5/x\xdb\xb4\x9c\x98\xc8;\xebX\
\x5cVP\xf3\x11\xae\x86\xf27}$\x1d\x0a\xe8\x0f\xab\
^v\xbd\xc2\x1c\x9e\x1d\xe61\x95\xcc\x98\xacn\x9a\x9e\
]\x1d&\x13\x91\x934S\xba\x09j%\xd5\xb9\x0d\xf3\
,%\x0a\xe0$!\xa6}\xa0&\xcc\x98\x5c\x1b3\xe9\
\xa2E\xa6B\x87\x92'\xa3\x11-\x88\xd2\x01\x06iG\
\xaa\x19\xec\x07\x88\x92\x01\x92\xd4\x97\xf6\xd8\x98\xa2\x1f)\
Wj\x85l+R`B\xd8\x91\xa3\xb7:\xc4\xde\x9d\
\x8e\xe8+\xdal\x9eb\xcfD\xc3\x85WQ\xea\xc8\xbc\
'\x22#\x93\xd8\xc2N'\x82\x1f8\x98\x97EC\x9b\
Lf\xe1}\xf6^(\xb0\xcf0\x8ca'J\x0e\xce\
\xd0\xab\x0b\x01\x88\x9bc\xaf?\x14\x88-3\xfa\xf4\x00\
\xe8\x83)=\x09\xa5\x18\xcc\xbf\x0d\xa3\x04\x9b\xfd\x10\xa7\
k\xac\xfb\xdb\xd2\xf9\xe8\x1a\xaf\xc1f&\xc3\x82G\xb8\
/s3\xc6\xaa\x8b\xd7\x96I\x9d\xdf\xa4#(]\x07\
\x9bc\xcc\x87\x1d\xb3\xc4\xcc<\x8e\x86\x9bOP\x8e\x15\
cH{\x82\x93\xef\xf7\xc0\xd1>\x85\x16\xea0\xefz\
\x9a\xd1Q\xfa\x87\xa5\xcfM5L\xd6\x11!\xc0\xb4\xfd\
\xf5@\x1e\x9d{\xb4W\xd1m7\x91q\x9cu;\xae\
\x075R.\xd6\xa5B\xa1\x87V/K\xfdl!\xa7\
\xb4X\x1c*\xc4\x98\x01\xab\xb3L\xa6{\xbe\x8b\xcel\
\xa3\x0d\xaf\x811\x92\xcf\xd6\xb4\xcb\x92\x5c\x92}F\xae\
y\xc1[\xa1\xc9G\xe8ds\x05r\xeb\x0d\xd8\xe2\x01\
\xe8)!M5\xf2\x9d\x9a\xd4L`\x99\xb8n\xa2j\
$\xcfN\xe7'\xb8\xf7\xda\xd6Ml\xef\x5c\xc7\xfc\xe2\
Ch6\xdb\x12^0\xb6f/\xff\xc5\xf3m\x01\x06\
I\x10\xa2\xf3\x01\xea\x9fr\xff\xac\x8c\x83\xd4E\x980\
Y\xc9\xf8\x9f\xd7d<\x0a\xb5z\xaeu\xbe\x0b\xdfY\
@\xbb\xf2\x88\xa2\xee\x92\x89\x03\x84\x09\xcb[Js\xcf\
\x96a\xc1B\x9b\x05\xcfk\xa1\xe2\x9e\x96\xa4\x97\x8a\x9c\
U)\xb5@W\x0b\xa5\x19\xe1\xcc\x16\x9e\xf8\x91Kr\
\xadu\xa2\x1e\xe3\x18W\xbe\xb1\x8a|\xcf\xc5+_\xbb\
\x89\x97\xef\xdeD\xfdU\x17\xcb_j\x8a\x91>sj\
N5d\x15\x88D\x0a\xc4Y\xe8\xed\xc4\xe8\xed\xa4h\
\x9f\xf0\xb1|\xbe\xae\xff\xa2\x18\x96y\x17\x0c'X&\
\x5c\xdf\xac\xe2\xb3\xcf\xb2\x12\xe3*\xfe\xffbz)!\
Q&4\x97k-\xcc\x05\x15\xccWj\xc6\x17R\xdd\
\x9e\x9a\x04&ql|.\x88\xd1\xf6\x1c|$\xf2P\
\xcbH\xebM\x96i\x07\x9f\xdb\xbb\x85\x17\xfa\xab\xf8\x81\
\xd6\x05<\xe1\xce\x03\xab1\xfa_\xdeE^\x07\xeao\
f\xc2\x92\xa6\x958L\xe5\x05\x94\x13\xbd\x86\x0f\xa8\x00\
wj,\xd7He\xea\xde\xf2f\xb3ljm\x9a\x9d\
8\xdc\x95&\x95)\xb0\xdeB\xdd\xc7\x10\x1c\x8e\xedS\
j\xe7\x14?\xe9\x8d\x8c\xf6\x0f\xcbC\xa8\xf3J\xed\x9e\
\x1ddD\xe0Im'\x82\x15\xa9\xe4\x9f(\x001~\
'\x1cV\x14g\x89\x17\xe0~\x86\xa9E\x01L\x94\x92\
\x9c\xd6\xaa\xd7\xb4T#Ao\x9d\xa9\xd7\x5cu&a\
&\xa4\x15\x92,R\x84 \x86\xfdV~o\x9a{\xb4\
\x90\xc8$\x10\x84\xc9:\xa5\xe9\xa7\xfd\x10]\x97\x8e\xd3\
\x10\xfdaG&\xab\xeb\xb3EY\x95\x01\xe9\x0a7\xab\
\xba\x1f_t\x0e\xd5\xc4\x15.\x01\xd2\x9f\xe5L\xacq\
E$\x01J\xac\xda|99\xc6z=\x810\xedH\
C\xd5\xe8.\x18\xe42AF\xe3\xa8W[\xfd?\x05\
\x9c&\x15Y\x1dN\xceJGE\x11\xac\x16\x10W\x05\
ZR\x06\xd5\xc1\xfc\xb9\xa6\x12\x22\xdd\xea\x22\x09S\xec\
\xad\x0f\x91\xdcu\xd0\xd9\x8c\xb07\x1cbs\xa7\x87\xdb\
\xb7\xba\xa8W}\x9c<YS(A6\x00\xc9\x9cU\
\xcf\x90\x94\xe6\x94>k\xaf\xd4\xd0Z\xa0\xd11\xf5q\
\xad\xc9\xc0\xe7\xc2W\xe8\x92\xca\xdc\x17\x15\xe5\x84\xec0\
&\x07\xa2\x1f236\xcc\x09Q\xfc\x84\xcfud\x8f\
G~j\xc6D\xa8\x9d\x12\xa7\x85\x94\xbep\xaa\x98\xa1\
\xfc\xdc\xc5\xa6\x9d\xe2u+\xc4\xd3\xa4cc3\xd2 \
\x15\x8d\x00,S\x0a\xc8F\xd67a\xa6\xf2\x0a\x95y\
2\xca\xda\xe3\xae\xde\xf4\x84\xdf\x1bQ\xf8;\xfe\xa6\xe4\
\xc1\x0f\x01\xf0\x98|D\xf9w&9U\xdeG\xdb\xde\
\xa37s\xae\x09\xa3\xb3\xcf\xf3\x98\xf6\x99}\xfb\x94\x94\
qyM\xe9\x10y4P\x81[PG\x1ew\x90\xf6\
\xae\x01\x0f\xbd\x1f\xd9\x93\x1f\x87\xbdw\x17\xfe\xeau\xe4\
Q\x1f\xf1\xda\xd5B3\x9e\x13\xdf\xf5j\xba\xbdt\x94\
\xc8\x93rY\x1a\x8a6_\x81\x98,\xaeNE\x9d\xb2\
'\x91z\xcac\x97\x9f\x85`B\xb1n\x8c%!\xe9\
w\x0a!'\xab\x17\xa1\xea\x02,\xbc\x06\xfd?5\xb1\
\x89ed\x05P\x19\x14\xba\xa3\xfda\x82\x8d\xb5=4\
k>V\xdaUIN\xf2-xN\x05\x17O}\xbf\
\x0c\xc6\x9d\xc1\x0e:\xdd\x97\x11\xb8\x0b\xa86\x96\xd1\x1b\
^\xc7 Y\xd5\x22\xd0ZUIVv\xd5D\xa4\xaf\
V\x86o\x98\xad#N\xfbHs\xca\x8f\xf1\xef\xca8\
V\x9d*\x96\xea\xcbH\xb2-\xbc\xbc\xfam\xf4\xb1\x0d\
\xd7\xad\xc0\x15\xe8\xb4\x12nSF,\xc7\xb7?u\x05\
\xe1^\x82\xc7?p\x0a\xf5\xe5\x00\x8b\xe7k\xf0\x96-\
\xd4\xee\xa8\xf7\xd4j\x05\xb8t\xa9-\x95\x15\xf6\x06\x14\
 \x17\xa2\xef\xd8\x0e,\xa4\xce*\x8e\xef\xef\x86\x88\xfa\
\xb1\xd6J$\x1f\xa4\x8d\xda\x5c\xa0\x08=\xb5\x22q\xb5\
Z\x81\x97\xd8\xb8\xb9\xbe)!_\xab\xd2\xd0CKy\
\xa4b\xcaJM8\xf4\xe0t\xe0T\x8c \xc7\xbcE\
\xc9j\xa7\xa8-WPk4\xb0~y\x1d\xdfX{\
\x0e\x8f\x06spP\xc5I\xcf\xc6S~\x03\x91\xabx\
\x13\xd3\xd2*?\xa2D\xcd\xa7&\xee\xcbZ\x9f\xa3T\
\xf0\xc4\xcf&AuX`<^\x963q\xc2\xbec\
\x16\xdfO1B#\xc1\x95\x09R\xd0\xfd\x93\xabl\x00\
F\x89\x08\xb3\xe7X{\xeb\x14'b\xda6\x06\x17>\
\x80\x8al\xdag0\x8dc@eI\xf4\xc06q7\
\xb3\xdf1r\xcbG\xeeT`\xc5\xdbH\xa3uX\x94\
\xc8~\xe2\xbd\xc8\xef\xbc\x84twS\xf7\x07\x18\xc5X\
)\xbc\xc9\xa4\xb3l\xea\xbd\xeb\xc9\xafN\xaa\x04E\x11\
\x96br\xf9\x83\xec\x15\xc7\x03\xa1zR\xf6_+\xd8\
0\xd3.\x08Vm\x10\xb5\xe6\x9e\x0a\x91\x1c\x01\xe8\x08\
\xb7_N\x03\x90\x8f\x97p4\x10I0\xfa$-a\
\x03\x8cE\xd4\xa0\x85(\x8e\xb1\xb6\xddE\x8e\x1aN/\
\xd4\x04_\xaf@=.\xea\x95s\x88)x\x11\xdeF\
\xd8_E\xa3~\x11\xb5\xe0<\x06\xf1\x1a\xf2\x84|\x03\
\x22\x0a\xa8\xc4>\xc4\x19V\x82&\xea\xf4\x8a\xd84L\
6\x11\xa6\xdbE\xc0 4\xdb\x18\x22\xf0<,\xd6O\
b\xa3\x17b\xa7\xb7\x89A\xb2\x8b$\xd9\xc1NgW\
\xdb5\x1bn\xe0\xc2\x09\x1c\xdcyi\x17\x9b\xd7\xb6p\
\xe9\xfdg\xe0-4\xd1X\xdeD\x9d\x00\x9cF\xae4\
\x15|`~\xc5\xc7\xa0G\xeeA5s\xccpg\x96\
\xdf\xf0\x0a\xba\xae\x854d\x15Fy\x1a\x99\xee\xc8s\
\x16\xc8\x90l\xb0\x01\x16\x86\xfd\x10I\xe6\xa2+\xc8C\
\x1b\xcd\xa0&\xde\x8d\x18NM\x06S \x1c\x99\xd7\x91\
\xde\x8d2\xe9J\xa6\x93\x8b\x99\xc2\xefg1\xbc\xb9*\
\xfc\x05\x1f\x1b\x977pyp\x13\x9bn\x82\x0d\xcfA\
S8\x18\x1cD:W\x22$\xaa:|\x1ci\x13\x8c\
\x8fga+\x1e\xb1\xc6\xa8m\x02\xc6;}\xe6\x1d0\
#\xf6\xfd\xcaT\x90\x8e\xd8m\xf2\xf7\xa59\xe5\x1eF\
\xffU\xfc\xa6\xdc\xb0v\xd0\xc1\xcb9\x82)\xd6`\xe4\
\x02\x9b\xd5\xf3\xf0\xadX\x1c\x0b\xcfnB-\xc8X(\
\xa9\xeb\xeb&\x11ii\xb1a\xc5\x9bB\x22je}\
!a\x90\xf8{\xd8Qn\xed\xb9'am\xdfA~\
\xfd9\x99<\x0e\x11}\x9an\x8a\xb5m\xe5 r\xd0\
\x11U\x18i4\x9f\xa9\x93\x8f\xfa\xfc\x1d\xb7\x8as\x17\
\x1e\x97\xe3s\xc5\xe4 r\xd8\x84\x22\xb4\xb1\x8a\xce\x8b\
#\x9e\xbd\x03\xa4\x93al\xcc\xe6\x13#U\xba\xefY\
j\x22\x0e\xe5Ax\xe8uw\xb1n\xdd\x807?\x87\
\xb4\xe2K\xdb\xe6B+\x10!\x90\xad\x1d\xb6F\x93\x1d\
\x9b\xa0#\x07\x17/\x9c\x14\x03\xb0\xb6\xcd\x82y\x820\
\xbe\x8b(Y\x97\x86\xa8v\xf3\x9dH\x92.\xe2\x98:\
\x83\x15yVUo\x19q\xce\xf8\x95]\x82\xea\xe5V\
<Jd\x05\xa8T\xf9\x95\x5c\xd8\x03A\x1ar\xf2\xdd\
\xdcy\x1ea\xb6\x8bNv\x03\xe7\x1f:\x81\xff\xf2G\
\xfeg\x9c^\x9aW\xc0\x9e$\xc7\xddkT@v\xf1\
\xc4\x87\xce {\xf72zk\xbb\x88w\x87\xd8 \x05\
z\x94b{-\x92\xa4\x99\xf0\xeb\xd1-\xf7}\xe1S\
\xe03\x8a\xba\x8a\x85\xb95\xcf\x8c\xbe#\x22(<\xa7\
j\xffU/Z0\x03\x89\x85\xce:;D\xa9\xc9\xe8\
\x8b.\xe2\x8f\xff\xf0c\xd8\xdd\x0b\xf1\x8b\xff\xf1\x86\x06\
E\xa9\x09\xdep\xab\xf0-\x17\x83,\xc40\x0d1\xcc\
b\xac\xf5;\x12\x124X\xcb\x03\xd2)\x00\x00G\xd6\
IDAT\xfd\xd1\xda\x8a(\xa4\xb6T\xdb.M}\
F\xf0\x15\x09d\xb9:\x06\x0e\x9e\x1f\xbe\x82\x1b\xc3\xdb\
\xf8@p\x16\xcb\xfd\x8bp\x1b.\x1a\x84q\xeb\xfa\x9f\
\x1c\xc7\x0c\xc7\x89w*Z\x12\x87\xcc\x93\xef\xf5&\xe1\
\xd4\x8c\xbb\x1e+W?\xd9\x184v\xd3\xa3q~\xf4\
\xa6W\xdb\xe2H\x13\xb1\x88\xd2\x94\xb0\x90x\xb6\x90\x84\
\xc8\xba\xc5\x95-\xde\x86\x1do\x00\x0e\x15sX\xbeQ\
L,9\xc3\x823\xcb%\xa5#\xae\xb4T\xd1\xd3V\
QPm*\x81\x973\x8e&)\x89,\xcbL2\xea\
\xe4\x17W\x984\x86\xef\x06x\xe4\xb1w\xcb\x04\xecm\
\xdc\x91\xfepRM)\x1e\x7f\x22\xe6\x12x\xf5\x06\xbc\
v\x0b\xd9 \x02\xa41H?\x0bIN\xea,\xba\x0e\
a\x8c\xc0\x06]c\x86\x14\xfd\xbdM\xd1\xd5[\xaa^\
\x04\xa8\xeeg\x01\xad\x1a]\xe0\x1c\xeb{})s\x9d\
\x0c|\x81\xc3>\xfa\xd0\x05\xe9H\xfc\xfc7\xb7\xd1\x8f\
\xaf\xc1\x8a\x9b\xc8\xd1\xc3\xc2\xdc{\xb08\xff4v:\
\xafS\x0b\x08\x8e\xc5\xfe\x82\x14\x9e\xb3\x848\xeb\xb1\x8b\
A\x9f;\x87\xef\xb6\xc5P6\x1b\x8f!p[\xc8\xa3\
\x8ep\xd8\xedv\xd7\xd0\x1d\xde\x90Pb/~\x11o\
[\xfeC\xf8[\x7f\xf3\x7f\x03\xb6WEJ\x9c\xfc\x08\
/}\xe1e$\xfd\x0c?\xf0\x97\xdf\x0fo\xd1\xc7\x0b\
\xbf\xfc2\xfak;\xe8\xf5\xbaRV\xebw(\x98\xa1\
\xf8\xfe=\xdf\x13\x8d\xbf\xe6\x9c/\xf9\x86\xad\x1e\x9b\xfd\
\x81J\xd3\x85\xef\xdb\xc2\xe4C\xd5^\xa9fd\x0c\x99\
\x80\xc0W\xc2\xa5\xfd\xad!*5\x17y=\x10J\xaf\
\x1f\xfc\xc8E\xac\xeft\xf1\xaf?\xc9\xd2\xa5NF\xf3\
\x1e\x9c*Zv\x05\xabq\x86^>@?\x8b\xb1\x17\
\x85\x98\xf7\xaah\x93\xb3\x9f\xff3\xabvV\xae^\xe9\
\xbe\x0bO\xd3\xc7\xdb\x19\x9e\x0f_\xc5Z\xd4C=\x7f\
?\xde\x9f?\x84\xa0\xa7\xf3\x0d\xa3\xbe\xc7C\x86\xf2\x1f\
\x9c\xc9~\xd06\x9b\x018n\xad\xee\x01X\xba\xa3s\
$\x1c\xb8\x92\xfe\x83\xb3\xb1\x06\xc7\x1b\x02=\xb2\x07\xdd\
\x85\x95\x91\xec\xc3\x00^F\xc7\x13G!\x8e\x90\x09<\
X\xb5\x18\x8f\xda\x91\x8cgDf\xdcQ\x0d\xd6\xb6}\
\xd8\xec\xf6\xcbHo\x1d\x15\xddw\xc4\x85'1\xa5\xc4\
5zO\xb2\xe1jH8\x95*\xac*kZ\xe4*\
L\x91D\x03$\xbd\x9er\xe95\x5c\xd7\xc4n\x05}\
\x98\xd4\x88S,-]@\xa3\xde\x86\xe70'\xe1\xa2\
\x17\xc6X\xdd\xdd\x13\x0d\xc0\x9a\xe7\xc9\xc0\xacz\xae\x18\
\x9c\x1d\x1a\x02\xc7A\x9dD\x9bV\x86G\xce\xbf\x13\xa7\
\xc3K\xb8\xbbz\x1b\x9d\xee\x8e\xc0\xa0wv\x9fGD\
\x96\xa4\xb4\x07\xc7M\x11\xf8s\xb0\x1d\xa5\x03\xa0\x008\
*\x91E\xef\x86\xf9\x84A\xef:z\x04\x11\x91`\x84\
\x9c\x8bq\x840\x1d\xe0\x89\x0bg\xf0\xf4\x13\xef\xc3S\
oz\x14\xc3;W\x10\xf6zHcR\xa3\xd9x\xe8\
\xed\xe7\x04\xacs\xf3E\x86W\xc4\x13\xe4\x98[p\x10\
\x86\xe4\xecW3\x8c-\xc9R\xa3\x97\x07Mc\xa0D\
DTy\x10%\xa6\x1f\xed\xf2Q\xbb\xc1\xb6\xb0\xbd\x97\
`{7\x94*\x08W\xff&\x03\x9ap(\xfb\x861\
\x93\xa6Z_\xc0$T\xe5\xc6TsU\xcd\xf6\xe0x\
\x0dQD\xeeZ\xa1\xfcn'\xa4'd\xa1\xe1\x06\x9a\
\x1a]y\xbfb\x10$\xa1\xadf\x05=\x16\x01\x9a\xd3\
\x8br\xeb\xd8\xb1z\xf8L\xf6<.\xe4m\xbc3{\
\xb4\xc0&\xa8\x0c\xc2\x83\x04\xc5\xff\xfen\xb3\x03\x81L\
\xf9\xbb,k\xfc=\xdc\x8c\xd5&b\xcd\xb9u\x15\xb6\
[E\xd6\xb9\x82\xbcwWd\xc4\x04x\xab\xc1@#\
\xbal\x93\xac \x12\x8dG)\xd3\x80\xab\xd0%a\xff\
\x80\xac\xf6\x92\x86\x83\xed6\xe1z\x84\xe2\xf6\xc5\x080\
\x96\xa4\x96\x0eW^UB+$\x86\xe4\x18\x92\xb1\xa7\
.=]\x7f\x91\xd7V\x09\xbf\xe1\xee\x06<\xb2\xcf0\
\x09\xb8/;\xa3?\x9b\xe68\xb1|I\xba\xde6\xd7\
oK/B\xa77\xc4\xde`\x0dg\x96\xe6p~\xa1\
-\x1at\x9c,\x83(\xc2\xf3\xd7W\xc5\x00<q\xf6\
\x94\x5c\xfbG\xde\xf1\x93Bp\xf1\xef?\xf3\xffA\xa7\
s\x19\xc3\xfe\x1e\x06\xd9\xcbp\xc0U/\x85c\x9fB\
\xbby\x11\xc3\xc1.b\x12\xae\x98IGt\xa0\x9d\xc2\
sk\xd8\xeb\xbd\x86a\xba1\x8a]\xa5J\xbe\x83'\
\x1e\xf9I\xfc\xa3\xbf\xf4\xdf\xa3c\xf7\xe5\xf9\x10ex\
\xed\xe5k\xa8Tj\xb8\xf0\xeeK\xc2$\xf4\xe9\x7f\xf4\
\x0c\xb6\xaf\xec\xe1\xfd?|\x16s+>\xb6\xd62\xe4\
\xb1\x8d(\x89\xb1\xd7\xed#Lb\xdd\xe8SV[\xe6\
W\xca\xb6)\xe8-Wz\x82t\xf87R\x0f^\xb9\
\xd1\xc33\xdf\xde\xc0\xd9\xd3\x8b\xa8\xd7\xab8\xb1\x9c\xa0\
\xddVu\x7f\xaf\xcdp\x82\x98\x0f\x1eM3\x05\x19\x06\
(\xcbB\xdd\x09\xd0v+\xd8\x08\xbb\xe8\xe6!\xa2,\
\xc1\xdd\xe1\x9e\x18\x86&\xa1\xdb\xb9\xae\xee\x94$\xc2d\
\x5c\x90>\x81b)B\x11Cy1\x07\xbf\x17\xbe\x8e\
\xdf\xec\x7f\x07\x7fd\xf1\xad\xf8\xb3\xe9\xc7U%\xe6\x0d\
\x22\xc8\xfd\xfd\xdc\x0eL\x02\xee\xdbL\xab\xf0D\x89\xa3\
\xd8\x0e\xfa\xfd\x83r)\xf6\x9d\xcf\x10P\x10\x1b\xeb\x08\
m\xb5%$\x0f\xfc\xde \xbe\xccTc\x82N\xd5\xe2\
\x0b\xd6\x1e\x0d\x162\xf2\xcd\xc6\xa4\x88k.` \xe2\
\x068\xf8\xed\x02\xf7/\x98s\xaf\x82\xf6\xc2\x19\xf8>\
\x89=X\x1d\xb0\xa5\x01F\xad ZA\x871\xa6\x10\
\x84*\x80\x8c\x22(\xb5\x84h\xc4\xa96\xa4\xb3\x90r\
g2\xd6\x88\x19\x90d\x91\xa6\x07\xe7\xca\xc7Jf6\
\xc0`\xb0\x83j\xa5\x06\xdfo\xc8\xb5\xef2+\x9ee\
\x08(K\x95\xe7h\xd6*r\xd9\xfda(\xc0\x176\
\x0f\x0d\x11\xa2=\xb7\x84\x87\xceS\x19'Do8\xa7\
u\xfe8\xb8}\xf4\x86\xab\xc8\xd2!\xb2|0\xca\xad\
0\xa3\xc8k\xcd#\xf8^S\xf8\x0dV\xda\xf3\xa8\x07\
\x01j5>\xab\x0e\x1eZ^\xc6\x9d\xad\x0d\xe4\x95\x0c\
5\x92\xb5f\x09\xaa\x95\x00~\xe0\xa2\xbb\xb1\x03o\xcf\
\xc3\xf9K\xf3Xh\xfb\xd8\xd9!\xf5z\x1d\xeb;C\
\xac\xae\xf5\xc4m\x7f\xcf\xdb\xce\xe0\xec\xc9\x96f~\xd6\
\xf0\xde\x94n\xbef\x01\xd2\xde\x90\xe3;\x22\xf8J\x1b\
@\xd2\x0f\x12\x95\xb6\x1a\xcc\xd3\x00\xab\xbb;h\xcd5\
\xa5\x11K58\x9a\x12\xa1n\xbe2\xda\x0a:\xf9g\
\xc8G\x19\xdb+\x9c\x0f\xcb\xa4\xf4\xea\xe81)\xa5 \
\xf5\xf1\x91\x06\xa6\xc4)\x85b\x90.\xd7\xf2{\xc7F\
\xd5\xf5Q\xb3\xab\xa2\xba,\x17X\xea\x1fyp\xd3\xfb\
\x01\xcc\x8d{\xf1\x00\x0e\xa5\x027M$\xc5\xcf\x07\x10\
\x80\x14\xf5\x88i%\x8c\x07l\x01\x99\xfcc7\x90\xd4\
\xe1\x03\xe4\xb6\xa7\x042\x0d\xb2O\xb2\xf3\x1a\x88#\xa5\
~\xed\x03\x88\xaa\x0f\x013\x0d\x95\xd6\xcb\x14v\x98\x83\
\xc3\xb4\xf6\x8a\x00I\xd0\x92\xaa\x80\xd2\x9eW@\x14\xf2\
\xc5\xfb\x8b\xa7\xf1\xd4{?\x8e4\x0a\x91l\xaf\xca\x0a\
\xe6\xd5X~R\x12\xd6\xc4\xca;\x82\x03\xe0JO\x1d\
Af\xdbE\xd8[H/\xbc\xc5ex\xc3\x01\xfa\xeb\
\xea\xbc^\xa5\xa6\x90\x8a\xc6G\x91\xb6Z\x1f\x9d\xce*\
\xae^\xf9&\xde\xf6\xe69\xcc\xb7\xceawo\x0f\x9b\
\xbb},\xd4\xabx\xf4\x94\x02\x08\x9d[\x9e\x17\x94\xda\
\x8d\x8d\xae\xb4\x0d\xfb\x94\xb3\x8a\x13\xbc\xf5\xf1\xefC\xb3\
\xd6\xc2\xfa\xdaMt\xf6\xd6\xc5(V=\x1f\xaf\xdd}\
\x16_~\xe1\xdf\xc2\xb3\x1aJ\xa0\xd3Td\xa9\x06\x84\
H\x80-+\xf5w\xc3\xb5\xe7\xf1\x87\x9e~?.\xb6\
O\xe2-o\xf6\xf1\xc8Y2\xe9X\x92H\xac6I\
\xc0\xa9\xfa\xf0\x9b\xed\x1a\xd2(E\x7f\xb5\x0f;sp\
\xf1\xcd\xf3p\x836\xbe\xfd[\xd7\xd0[\xcd\xf0\xc5\xaf\
\xbd\x8e\x7f\xf7[\xdf\xc1_\xff\x8b?\x80\x9f\xfb\xbb\xff\
\x0567\xbb\x08\x93\xa1\x5c;{\xac\xc8\xec\xa3\x5c\x7f\
u!<Gs^%\xe9\x88\xeda+p\xa5\xd6E\
\xe0z\xe8\xf4\xf6\xf0\xedW\xae\xa1\xe6\x9dG\xad\xb2\x84\
\xde\x80\x89P\xc3\xca#oO\xd7\xfb\x15\xb0H\x91|\
K\xd7\x80|%\xf5\xb7`34J\xd0#\x81L\x96\
!\xd6\xb5|SI2^\x84\x18\x0f\x1ar\x01\x8eI\
\xca_\x16\x00a\x9dF\x80JF\x16\x22\x95\xcc:h\
h\x1fG[c4\x95\xca\x0a\xc3x\xc3\xbd\x871i\
\xb0\x03\x19}\xa6\x868\x86\xa2K_\xf3\x18NhZ\
\x09c\xd2\x15\x9a^\xde;t\x1b\xc3B\xab/\xb4\xd0\
v\xb8\x8d\x14\x818l\xb2\x02\x14a\xfd\x08\xa6*\xc0\
>\xfd\x82\xd5\x8bS\x83G\x12|\x05\xe0\x89.;W\
\x1ff\xff\xd9DS)r\x04:\xb4\x94M\x92|\x9a\
\x88R\xdd\x93\x8as)~\xc1\xe3&Q\x884\x8e\x0a\
\x86 \x1a\x0eYetknA\x7f].\xf9\xe8\xbe\
\x0a\x89G\xb3\x0c\x95J\x13\xf3\xf3\xa7$\xc4\xe9\xf6\xd6\
d\x95d\xfd\x9d\x9f\x180Q\x9d\xb2\xa0\xa7\xae\xabF\
\x12OK\xe9\x04d\xc2\x0a\x1c\xa2\xdb\xdf\x93\xc6\x1eU\
E!\xed5\x0dK\x15\x0b\x8d\x0b\xb0s\x17\xbd!\x01\
A\x5c\xe9\x86\xb2*\xd7\xfd\xb6<\x8f\x93\xf3+\xa8\xa2\
\x85\x9a\xc3jA(\x93\xa0\xdb\xa3\x1b\xacEV\x08G\
\xeeGR\xd6\x8bz\xb14\xcb\xb0|F\xbc\xc4\xc6\xf5\
\x08\xb5ZU2\xf3$IY^i\xe2\xe9\xa7Na\
a\x81\xa1\x05\xf9\x13S\xf8\x14Oe\xa3\x8f\x8e&\x15\
t{|\x0d\x15\xc92\xdf\x82\xd7\xf0\x84hs\x18\x0d\
\x91\xda\xb1\x08\xa1\xc6Y\x86\xf5\x9dX\x1a|\xe6\xe5\xdd\
\xa9\x09n:<\x95h\x0a\xd0\xb0R\xc4\xb9j\x02\xee\
\x11g \x95\x05\xf6\x11(/12\xbd\x22\x96\x81\x84\
\x9bf*\x15\xeb\x0a\xbaO\xe3\xf1\xcdP\xe2\xd7\xc8\xca\
\xb0\xb5\xbb\x8b\xbb\x9d=\xb8Tav\xb2R\x0b\xfa\xc4\
\x90?\xc6\xc4\x1do\xb6}cEy\xca\xc7.\xca\x80\
G\xedx\xf8\x11\xcb\xf8\x9e\x11rN\x1fD\xc7\x99\xf9\
\x03\x16 \xd18\xbed\x80\xfc\xf9_\xd2\xe7\xe0\xa4\xe5\
\xca[b\x9c\x15\xdaV\x05\x9fU5om\xad\x84s\
\x8e1|EML\x0a\x89J=z\x17q\xd2\x81\x9b\
\xb7UEA:\xe5J\x1d\x85\x82#w\x91\xdb\xdc_\
\xaf@t\xa1s\x0b\xfeb\x1b^\xad\x85\xef|\xe57\
q\xf7\xfa\xcbr\xfc0\x1c\xe2\xc2\xd9\xc7q\xea\xd4\xc5\
\x91.\x00\x87\xb8\x16\xa54\x08\xb7rk\x19A.g\
\xcf\xbf\x05\x0f?\xf44^y\xed\x19|\xe3w\xff%\
\x9e|\xe4}x\xfc\xc2\xfb\xd0\x1b\x0e\xf1\xea\xedU5\
\x22\xc9\x5c\xe4:\xb8xfY\xd4\x92eB\xd9\x19\xb6\
w\x06\xe8w;\xa8U\x9bh\xd4\xe6Uv\x9b.l\
m\x0e'\xdb\x8f\xa2\xd3\xdb\xc4\xef=\xffE\x19\xfb;\
\xc3\xab\xb0\xac\x10\x1f|\xe2O\xa3\xe6.\xe1\xfd\x8f.\
`%\xa8\xe0\xc2\xe9\x00g\xcf\x12V\x1c+N\x05\xae\
\x9e\x96\x85\xe1^\x88\xe8\xf95\xa9\xdbo\xae\xb2T\x18\
 \xa8x\x92\xd1\x7f\xe9\xf5M!\xde\xfc\x97\x9f\xfa\x12\
>\xff\xdck\xf8\xdf\xfe\xfb?\x8c\x7f\xfaw\xfe\x14\xb6\
\xf7\xba\xe8\xf7\x12T\xe6\x08\x0eZ\x14\x85&\x99\xac!\
\xb0\xb7~M(\xb8\x8b\xda\xbc\xe6~l\x9dhb\xe9\
\xe1\x93\xd8\xfd\xcc\x0bx\xee\xf5\x17\xd0\x9a\xab\x8b\xe8\xe6\
\xb7_\xbb\x8a\xaf\xfc\xbd\x1717o\xe3\x9f\xfe\xcd?\
\xa1\xe4\xd6\x18\xbe\xc8\xe4w\x85\xa2\xebb\xbd\x8a\x0b\xae\
\x8b~\x12\xa3j;\xf8F\xd2\xc1\xb77\xd6\xb1\x5c\x9f\
G\xbd\xb1$\x93\xfffoG\xf27'+s\xba\x87\
@\xe7\x10\xe4\x1a\xc6\x81j*\xd7\x94\xa1\xe6W\xf1\xc5\
\xeb\xcf\xe3\xc3\xff\xe6\x7f\xc6P\xe4\xa5 t\xec\xa6+\
\xe2Amo\xc4\xe4?\xe8\x98\xee\x81\x18\x80\x825\xe7\
\xf8\x17Sn\x837\x00\x9a\xc9m\xff\xdc\x9f\x88}&\
\xbc\x08\x859/\xc3\x9eFY|\xa9\xf9\x9b\x04N)\
Ah\x8e\xaa}\xbb\xa2\xae\xac\xdczNC\x12T(\
\xban\x89\xe5\x0dF\xa1p\x05\xc7\xf5\xf7Fy\x02\xb5\
Z0\x0e\x16l\x01%\xb6\x091\xd6\xcf+\x8d\x86\xc8\
\x92\xa1\x02\x82Dl*\xa2\x1a\x11]F\xdde&\x97\
\xafd\xc6D\x85\xa7\xe8\x11(k\xec\xa9\x06&\xdf\xf5\
\xd1\xa8+\xd926\xea\x88\xectV\x91P\x83\x13I\
\x10\xac\xac[kp\xbe\x00\x97\xe4\xdaHj\xc2&%\
\x85}\xe3J.\x00\xa4l\x04\x08R\x98x\xb5\x822\
\xef\xc0\xaeC\xc9\x7f\x0a('\xc3\x90RZ\x0ck\xe8\
Y\xf0>I\x98\xca\xd0\x8a\xf5?~\x86\xd4ZI\x8e\
\xfe Q\xb6\xcb\xf1\x857 \xa8yXl7\xc5\x01\
g\xfeD\xa8\xcf\x899\xd5\xfa\x8br\xa5\x0e\xe5\xb9\x95\
\xe6\xa0\xd8OM\xfc!\xcb\x85I8\x13qG\xa9\xef\
<G\xc4\xf7\xc5\x8aJ\x9a\xa2;\x88\xa4i\x88\xde@\
y\xf56\x8fN\xb4\x04\xb4\xec\xb9J/\xe84\xb0\xc8\
\x81k\x15\xe0\xf2P\xb3\x14\x17\xc1\xc8\x19PcI\xd0\
\x9f\x13\xfc\x95\x03V\x14\xa2X\x85\x1b\xa5\xea\xc3\x1b\xb5\
=(\x89\xbe\xa2\xcd\xbf\x94\x94\x9c.\x0d\xa6\x9f\xbeB\
\xc5\x1b\xa8\x96u\xf8\x05\xe9\xcf(\x5c\xce\xb8\xe2G\x01\
\xc5\xd4\x93\xc9\x94\xd7J\x18\xe2\xd2v\xd8\x8d\x8e\xea\xae\
\xfaG\xfd\xc5\x18\x82\xd2QJ\xa4\xa2\xe6\x88Rc7\
B\x9e\xdc\xc8\x9a\x93\xe9f\x19\x1d3\xb0\x9f@%v\
\xd8\x14\xa4\xda\x5c9:U~\x89+\x84[`\x0d\xc2\
p\x80\x17_\xfc*\xea\xf5\x16\xde\xfc\xfe\xff\x0c\x8e\xa7\
j\xec\xf4&\xe2\x88ZuD\xa7\xd1\x19MaW\xaa\
\xa8.\x9f\x15\xd7\x9cn\xb0\xe5\xfb\xf0O\x9eU\x1eK\
\xa7;*\x03\x16FW\xc9\x91\x13\xb4sj\xe5\x11\x9c\
]\xbc\x80\xbb\x9bW\xf1\x95\xaf\xff[,/\x9e\xc6\x99\
\xe5\xc7d\x90Wk\xcb\x08\xa3\x08/_'m\xba\xea\
=`\x04L\x06!\xde;\xcfg\x9e\x83\x14\x19\xd9#\
! \xa5\x1cq\xba\xab:\xdc\xe4\xd1)@Q\xe0\xba\
\xb8\xb5\x1ba\xdb\xb7\xf1\x0a\xd9y\xbf\x13\xe3\xe2\xb2\x83\
\xb3\xf3\xa4\xc8J\xd1\x98#\x13\x90J\xdc\xa9\x09ga\
\x18\x85\xf8\xdd\x17Va9\x01\xbe\xf8\xed\xafbw\xaf\
\x83\xbf\xf1?\xfc\xe7\xf8\xab\xff\xd7\x1fB\xfbD\x03\x8d\
\xd3-T5|\x97\xcf\x91q\xb4\xac\xf6b\x85\x98\x9e\
S+\xef\xden$\xd7Zk:\xa2Q\xa8\xa8\xcbm\
t\xa3\x01\xaem\xde\xc1\x09k\x0e\x09\xb1\x04\x86\x82\xcd\
f\xc3\x91n\xee\x12n\x01E\xae\xa2\xb8\x04\x19\x1a\xd1\
\xf0\xa9\xb5Y\xe2y\xfe\x5cZ!T-\xc8\xd2\xdf\x8b\
F2\xbcL\xf5p\xa8\xe6\x9dQ[\xf7\x18\xfc\x84\x93\
F\x16\xb5\xf1v\xdd\xfdt\xe8\xe519\xe2\x1a8\x8e\
\xb5\xd8\x9fc;(\xd6\xb0\x8e}<\xf3\xfd\x81\xb4\xe0\
\xa3K\x9d2\xb9\x0e:\x81\xfe*\xc6C\xb2\xa4E\x8f\
\xddH\xc9G\xd3_\x1d\x0e\xa0\x98v\xf1\xfb\xaf\xe5\xb0\
\xcd\xf8\x13F\xc4\xb6\x90!\x1b\xb3\xfc*\xeeW9C\
MUe\xd8m\x0b+\xa63\xbd\xe2\x02\xeb\x9e\x1f}\
/\xc3aW\xe1\xfe\x859\x88\xc7a\xbb\xad\xea\x0a\x14\
7_\xd7\x89\xb9\xfa\xbb\x1ey\x0bU\xd3\x91\x1c\x87\xc4\
\x19\x89\x85\xb0\xdf\x95g\x15T\xebz\xf2\xeb\xb6\x12m\
0\x95\x18\xa5\x12\xed \x86\x9e!E\xca\x9e|\xab\xa2\
{\x17\x94\xeb_\xd8\x5c\x01>)q\x0d\xd1\xfe\xd5\x9e\
\x85\x5c\x8bK0\xab\xe6 \xe4Dd\xa3\x91m\xc1\xc9\
\x02\xc1\xd5\xd7I\xac\xe2y\x88\xb5\x8aM\x221\xae/\
\x09?\x1a$\xb6\xf5\xf2\x5c4\x83\x04:q\xf5N3\
BoI&B\x03\xa3[xm\x95\x97\xf0\xe8\x9e\x14\
K\x8c\xc2\x1c(\xf5d\xd5\x85\xc8\x95\x98\xd4l4\xb2\
\x8e\xb49\xab\xc4\xa0p\xed\x09\xd6Vyj\xe4%\x10\
\x83\xa0G\x0c\xe9\xd2\xf2\xdc\x17\xca.r\x01\x92\x90D\
\xd1t+\xb6cy\x8f\xfa+\x8d[\xc6\xe7\xc4\xeb0\
\x09G3\x86\xed\xd1\xdc\xc9l\xd2\x17k\xd5g\xdd\x0a\
5-\xbd\xaf\x1e\xe7~\xeft4\xa6\xa6\x8dQM8\
r\x1c\xafZ\x92\xd8\xda\xc0\x18N\x827`\xe3-\xef\
\xbb\xcbQ^\xd6\xf0\xf2\x97p\x00:Ir\xd8f:\
\xe9\x8a\xe3\x99\x9b.\x11\x86\x08\xff]\xc1S\xf7\xe0\xb7\
i\x87U\xd7`\x88\x1a\xf4^\xbc\xa6<A\x9c\xec\x0a\
2N\xe0\xb1z\xa0\xd0\xad\xce\xd2>\xb2\xa4\xab\x06\x94\
|f4\x88\xb8\x9a\x0d\x06=\xac\xdd]\x83\xed\x05x\
\xed\x85/\x22\x09\xd9\x0f\xdf\x91R\x1a\xff.Z}w\
\xae\xe2[\xdb[h\xaf\x9c\xc5\xf9\xb7<\x8d$\xd2\xa8\
@)O*\xadz\x95k0M:\x06\x9f\xa0\xd0K\
q\x9e`q\xf1,\xde;\x7f\x02\xdd\xfe6^\xba\xf2\
m\xd11 \x09G\x116\x18i.a\x0f\x22\xd0I\
\xf5\x09\xa8wf\x94\x8c\x957Fj-\xba\xe3\x0cQ\
x_\x99\x15\xe2\xab/\xfe\x1a|\x97:\x04\x9c)\x8a\
\xef\x8f\x93\xfaK/z\xa8P\xa6\x9b\xb0iis\xd6\
\xad\xce\x84>[\xb6d\xc5\xb3\xc8\x151\x8c\xff\xdb\x7f\
\xf3\xa3X\x9c\xf3Q\x09\xaa\x88\xc2\x045\xcds\xa8\x98\
\x834 \xc8\xa4?Y\xfes\x80\x953\x0d\x093\x06\
{\xac\xa2\xd8\xc2\xfa\xc3\xf3\x90\x02\x8d\xcc\xc1FH\x85\
8\xffy\xaf\x86n4\xc4\xddd\x07Q\x0c|\xf6\xb7\
WE\x14d\xa5qBV|\xb6\xf1\x0ao\x13C\x16\
\xa1\x12R\x89\xd1\xbdx\x03/l?\x83K\xb8\x84\xf9\
\xda\xd3\xe2\x11\x14\xde{\xaa\xb8\xe5\xe6/\xb41Gr\
\x00\x82\x0f4\x0e\xa1\x88.\xf4X=r\xcc\x1d\xb1\xcf\
4O\xe1\xe0\xf1[\x0aw\x8f\x11\x0aL\x22p\x8f\xfa\
\x9c\x92B)\x1f@\xd7\xb3\xa7\x5cQ\xb1\xc2\x98\xc1v\
\xd8V\xc8[\x8d\x1db\x14\xeb\xea+\x9c\xad\x8bh\xc6\
\xad\x1c\xfb\x97\xae\xa2T\xe3\x1d\xfd\xb6\xf0\xa6\x8c\x85\x13\
\x12\x0d\x85\xfd'\x16`d\xf82\xe97gG\x80z\
\xa0*V6Z~\x22h\xee\x10q\x16 \xea\xef\xa2\
\xbb}W\xf4\xe48\xf9D\x94\x83\x8d6\x83=\x84\xdd\
\x1e*\x12\xcbk\xee\x02\xe3eH.@9\xb0\xfbV\
\x12qw\x95;\xcc\xe3\xf9AMX\x8a;\xddMa\
\xef\xe1DgN\x80q\xb1\xb9I\xbe\xba4\xa7\x81\xa1\
\xaf\xa1\xa8\xc9GR\xe6\xca#\x11\x89mJUK\xd6\
P\xfdnu\x87xzU<3\xbe\x93\xbaB\xb2\xed\
\xb8\x85\x9b<\x92\xaePF\xbeb\x078\xb3p\x1eU\
\xc7\x92U\x7f\xa9Y\xc3\x90\xc4\x9az\xe2\x92\xb5\x97\xde\
\x83\xa0\xebh\x0cH\xa81b/C\xa5\xce\x10\xcbA\
\xd4\x0b\x91fj\xc2rc\xc5\xc1\xaeW\xa5\xeb\x90C\
T\xd4|l\x0f\xbe\xcd\xc2\x1e=\x1c\x07\x1d!\xebd\
Y\x8f\x1d\x96:\xb8+\xbc9\xddWA\x8a\xf4,\xc4\
Nt\x0b\xc3\xfc\x84<7\xd1K\x90f![/h\
)\xfc\x06\xb5\x04\xc9\x8c\xac\xceo(\xdef\xa9\x92\x15\
i\xae\x92\xd4\xcf\xc1e\xf2\xd9\x08>\xc7\xc2\xddY\xb7\
\x92\xdan\xc1\x99a\xc0\x95f\xdeM\x12\x82\x94i\x8a\
L/\xbc\xd9o\xe4\xa6O\xcf\xe0\x8f\x13\x85\x96b%\
\x93\x0fP;\xaa\xce\xaf\xe2\xa5\xab\xbd\x8a\x1a\xb4\x06T\
\xdc\x9b'`\xf2\x09\xa3\x1b+\xee\xc5\xbc\x00\x91k\xd2\
\x13\xd9\xf8\xee\xb4\xe8\xc2iO\xb7\xb5\x0b\x9b\xa5\xa8\xac\
\x03[d2\x14q\xa81x\x0aT\xc2\x06tJy\
;\xe8l\xdd\xc1\xef\xfe\xf6\xbf\xd6\x8dC\x14\x9a\x88\xf1\
\xc2w~CV\xfc$\xea\xc3\x0b\x08\xce\xd1\x0c\xbfE\
R\x91\xae0\xbb\x0d\xcd%\xf3?&\xd80\x12Y\x86\
\xb9H\x9d\x93rd\xf1\xb0'\x8a\xc5n\xad\xae\xa0\xa7\
lym\xae\xe0=o\xfd\xcf\xc4\xcd^[\xbb*\xef\
\xe8\xcdO>-\x93\x80[\xe0\xf8\xb8\xb1~\x1b\x9d^\
\x0f\xc3\xee\x06:{\x1b*\x01I\xfe\x83\x82\xc0.\x15\
\xefF\xf4\x02\x19\x02\xd0T\x18\x98\xaef4\xe65\x90\
\x9b\xe0\xc2\xc9\x8b8\xb5x\x0a'\xea\x0e\x1e\x9e\xf3\xd0\
X\x0ep\xe9\xad\xcbj\xe2\xb9\x16\xae\xdf\xdc\xc6?\xfe\
\x7f\x7fQB\x1e\x97\xab\xff\x89\x1a\x10\xa52a\xc3n\
\x1f\x9b\xaf\x86X\xdf\x08q\xe7N\x82S\x0f7\xf0\xd8\
\xdb\x17\x90E\xaa\xcc\x17\x0es\x5c\xfe6q\x0a>\x9a\
s\x15\x09I\xd8\x104\xb7\xd4\xc0\xbf\xfe\xd5\xdf\xc3+\
\xd7>\x8b\x8d\x8d>.\x9e<%\x0cE\x5c\xb9\x855\
\x88\xad\xd6)\xf0\xfau\xd2\x9a\x9a\x89\x9a\xe3B\xd0@\
\xc3\xb3P\x15\xc1\x0fE\xee\xc2\xbf\xf1\xae\xe9\xd9t\x86\
k\xf8\xf2\xadO\xa2bW\xf1\xd4\xc2\xbb\xe4\x99R\xc2\
K\x00\xda\x1c\x87Tm&\xbbS\xe1U\x8d\x16\x8aC\
Ww\xad6U\xacg\x86M\xdb\xa0C'Vr\xe5\
U\x1c6\xae'\x93\xcf\xa3\xcf\x1e\xba\xf0\x16X\x97I\
a\x9d\x11\x80\xaf\xec\xef\xf3\xab;FB\xa9\x00\xb4\xc6\
3>$\xe4.\x96\x931\xe3P\x82\x05\x8cV\xdd\xa2\
Ur\x22n\x1a\xdd\xeb\xc82\x1d\xdb\x08\x8cW\x0e\xc6\
\x8a\x04\xfa\x1f\x9f\xb3\xebW\xe1\xd4\xdb\x08S\xaa\xb8R\
\xe3~\xc4\xddG\xf1\x10\xa9\xd7\xe7d\xbbe\xf3\xcf\xa8\
W^=\x14\x12\x82*\xc4\x1f\x9f\x22\xdd\xe7h\xf3\x86\
\xa2\xb7r\x89\x14\xcc1\xd8\xbe\xab\xb2\xe2\xd2|\xa4p\
\xe5\xd2\xfa+\x83P\xb7\x03\xeb\xfa\xbe|\x95\xb0\x88\xdf\
\xabL\xbe\x98\x02\xcd\xec\xa38\xfal!0\x89\x87\x03\
x~ \x22\x9cVF\x82\x0f&\xb2\x18\xab\xafH\xa7\
b\xb5\xd2\x12\x9e\xbf\x8bg\x9fD\xcdo`8\xe8\x0a\
\xe0e\xaf\xc7\xbe\x85\x0er\x8ao\xe4{\x8a\x96\x809\
\x04\xbd2\xb1sN\x11\x11\xb1\xb6\xaf\xb0\x0b\xc4\xe4\xa8\
ULw7\x90\xff\x82\x8fd!@\xd5\x99\xa7\xdc=\
N\xd6\x5c\x9c=3\x8f\xf7\xbe\xedada\x06{\xa9\
\x8e\xc7\xafn\xe0\xef\xfc\xfd\xdf\x12\x09/\xab\xea\xa02\
\xef!\xed\x93\x06\xdc\xc6\xb0;\x109\xb5\xdd\xdb}\xdc\
|\xa9\x8ff\xbb\x8aJ\xb3\x8a\x01\x99\x85\xf5d\xe9S\
\x8a,\x8bPk\xf8\x82\x96\xe4h!U\xd8\xcd[=\
|\xe1\xf3Wqbi\x0e\xcdjC^$\xa1\xbc\xcc\
\xfc\x8b\xaeA\x9ecuc[q9pU\xcfsT\
r\x08\xc3/\x13\xa4\x89Q\x157t\xf0\x96\x83~\xdc\
\xc7f\xefE\xac4\xce!\x08\x9a\xf0\xa8BL\xa6`\
\x01\xfd\xa8w\xe3\xd7\xea@\xab-B\xa2\x92u0\xc8\
\xce\xb1\x9169PG\xa2\x1e\x86\x9fb,\xb0\x9e(\
p\xc9\x1e%\x05\xa9\xc9\xed\xe0iwt\x080\xc6\x97\
Y\x9e\x0c&\xe4-U\xa2`\x0c\x80\x998R\xc2*\
2eSV}s<\xf3g\x93\x13(\x9dG\xedW\
\x98\xcdQ\x02jb\x9f\xb1\xf8\xe6\x80\xf3\x99\x0fLZ\
\xc3\x92\xa3\xac]QS\x890\x97e@\xc0l\xdbu\
\x91_\xff:2\xae\x84\xcd\xb3\xc8\xde\xf4#%\x0bO\
F\x1a\x0aT\x08\xa4F7\xc5\x94\x82\x06N`/P\
P_\xf6\x08\x0c\xf7\xd4\xe7\x5cN\xf4b9G\x10,\
\xe8\xec\xf4\x88\x1aB<)\xb2\xebJG\xa1\xb9V\xed\
\x1a\x16\xee\xba\x03oaQ9\xab\xc2\x9f\x9f#\x8a\xd8\
\x0e\x97 O(D\xa1\x1b\x9a\xb4\xe7\x22\xed\xa5\x0c?\
\xaad9\xe2D\xa9J2\xefK\xdf\xfc,\x02\xaf\x8a\
7=\xfc&T\xdc\x00'\x16\x16\xb02?\x87\xd5\xaa\
\x8fzs\x1e\xf3\xf5\x1a\x1a\x94J#\xfc6KA8\
\xd1I&/9\x00\x88\x85\xd0Pe>h\x22\xe4\x18\
\x7f\xcf\x9f\xf3QYt\xd0\xae\xb4\x10\xf8>\xc8iz\
\xead]\x80<\xdd\xde\x10\xdb;}|\xe2_}\x19\
I\xea\xe2/\xfd\xa9\x0f\xc9\xb3<ufQ\xfa j\
\xbe\x92\xf4\xce\xf6\x12i\x98r<\x0f\xd5F\x0d\xfd\xad\
>^\xf8\xec\xab\xa8\xcf\xd5p\xf2MT\x16\xa2\xa6\x02\
)\xcf\xf4[\xd5\xe5K\x86\x22\xbe\xef\xa2\xd5\xacI(\
\x10\xc61\x16\xbd\x1a\x1e\xa9\xcea{8\xc0e\x86\x0e\
\x94\xfb&\x1e\xa3H\x9c*\x02\x15N|Q*\xa0!\
\xec\x86\xd8\x8dw\xd0\x1bP\xce\x5cy\x8a\x81\x17 \xcc\
\x22|k\xed\x0b\x98s\x02<\xd2\xfa j\xa2\xd2\xa4\
\xd2\xb6\xff\xe2\xa5\xcfc\xdd\x0a\xf1\xfc\xf6m\xc9}\xa8\
\x8e\x00u}\xa3$\xfe\xbe\xd8\xb6\x04\x84\x99\x00\xf5\x1c\
\xb5\x88N\xfb\x8bu\xc0\xb8/\xfd<\xc6\xdcm<`\
k\xca\x5c3\x1f*\x96}=\xf9\xf5\x9cw\xc7\xfe>\
I\xfbu\xd8%O\x1c\xf7\xc0m\xc2\xe2L\xdf\xe7\xf0\
\xbf\x1du\x8e\xb2QQv@\xa70%em#\xbf\
\xfd\x02\xd2\xcb_\x80\xfd\xf0G\x81\xa7~D\xbdRE\
B\x8f4\xa36\x1d\x89'4M\xb8\xa9)\xb3\x17\xc0\
\xa1`\xb4\xea\xea\xb3\x86]d\xddm\xc1\x84\x8b\x0e\xa1\
\xe4\x0a\x14\xa2P%\xe3T\x1f\x81y\xe0\x0ceSq\
\xbb\xd5\x85q\xb0\xcb\xcb\xe1W\xd3?\xc4\xc4ZsN\
%\xec\x92=a\xd4\x8e{\x94\x0e\x1bh7R1\xdc\
\x8eV2&\xcc\x1dI\x00\xc61/\x8bY\xf9\x14/\
\xbd\xfe\x9c\x5c\xd3\x9b\x1fy\x0b\xea\x95\x06\xea~\x05\x15\
v\x22\xc6\xecm\xac\xe2D\xab\x85eV!4\x0aq\
\xde\xb1\xf0\xb6\x80\xde\x8b\x0aB\x14\xf1\x09\x11m,q\
)\x0a\xee\x87\xdf>\x87\x95\xc7k\x18\xec\x0e1H#\
T\x16jh\x9fV\xfa\x04~-\xc0N8\xc0\xcf\xff\
\xab\xcf\xa3\xd1\x9a\xc3/\xfe\xbd?\x81f\xcd\xc5\xdc\xa9\
\x05XU\x1b\x0e%\xbf|\x07A\xcdG\xb25\x10\x99\
\xf4z\xc3F>L\xb1\xfe\xf2.\xa2\x93\x09N>u\
B\xc3\xb8U\xb4.8\x85R\xd1\x8d\x86\x8a\xb9\x0d&\
Ri\x10\xea\x8e\x8d\xc7km\xdc\xc9}\x5ce\xa8E\
\x00\x97\x16<U\xafL\x89\xb9P\xebO\xc2%\x86\x01\
1\xab\x15\xae\xe8\x0aHeF\x9e\xa1\x8da\xbc\x8b\x17\
7\xbf\x86\x15o\x11\x95\xfa\x07DW\x8a\x13=s-\
\xfc\xbf.\x7f\x19\xbf\xb7\xfa\x1a\x16\xeam\x81 \xab\xea\
\x83\x19^\xd3\xbd\xd4\xa9e\xf1\x89\xb1\xb9O+\xf0\xf0\
!\x7f\xbcq\x7f\xc09\xa7\xfdT\xae\x84I\x08p\xc4\
9\x0e\xbf\x80\xa3\x5c\x92\xa3&\xfe1\xb6C|\x84\xf1\
S\x96\x88KH\xe6*\xa9\x146\x95T[\x22\x8eY\
\x10\x85Vk\xe2\xf6\xd9]U/V'Q@\x19\xa9\
#\x0f\xd7\x90E\xbb\xb0<\x22\xc5\xda\xb0\x1c\x0f\xd5\xa5\
\xf3\xb2\xa2%\x82\x223\x89!\xd39X6\xfd\x96\xc8\
DsX\xf1\xefIJ\xccA\x22-\xb4\xbd\xd5\x0d$\
V\x8a\xa0E\xc2K%OF\xf7\xfe\xfa\x8d\x17\x90\xc7\
\xd4!\x88\x91DC,\xcc\x9d\x14\xb7^\x85\x04\xe48\
H\x90\x84]iM\xe6}0L\xa8\xb6\xe6Q\xcdS\
<\xc40&\xc9\xf0\xda\x95\x17ay6N/>$\
\xa85\xbf\xe2\xe2\xf4\x89\x05\x04\x04\x0a\xb1\x9bQ\xe2{\
\x07lb\xbe:$<:G\xab\xca<\x00\xb0\xb8R\
\x87\xeb*\x82O^\xd3\xc0M\x85\x86<\x98\xab\xc2\x9b\
k \xf7lD\xae\x8f\x9b\xb7\xd6\xf1\xcc\xef~\x13a\
\x18\xe3\xa7~\xe4\xddh4*\x18\x0cbi\xfb\xcdn\
n\xc3\xf6r\xd4\xe6\x1b\x22\x94\xc2x\x9a\xb1\xf7\xad\xad\
\xbb\xf8\xec\xb7\xaf\xa0\xd5\x08\x90$C\x9c\xe9\xb4\xf0\xf8\
\x8f<.\xc0$\xf1\x16m*\xfc\x06\xe4m\x15#\xc5\
z\xbf\x12\xa81q\xa8\xaa\xd7%Y\x84\xc0\xb5\xf0\xd6\
\xc6<\x08\xc5\xb9\xc56g\xa6g\x09\xf9%z\xd0u\
\xd0&o\x8f\x08\xbbx\xb8\x1c\xbd\x86\x17:7q;\
Z\x13\xf6`\x95\xdcV\xad\xc8\x81UA`S2L\
7\x80\x09\xd1\xa9\x8b\xb9Z\x0ds\xb5\x96h\x08\x90E\
\xb8<\xf0\x0e*\xf7\xcd\x92\xa1/3[\x1d=o\x8e\
X\x14\x1f\xe0v\x7f\xba\x00S\xb6i\x82&\xdc\x0eJ\
\xf2\xcdR^)\xb0\xf33>\x94q\xd5\x22U\x95\x17\
\xa1\x0c&\xbc\x82*\xb2\xa0\x06+\xa8\x09\xb2l\x5cs\
\xd7\x5c\xb0\x85txW\xb2\xc5n\xebQ\xc0Z\x902\
\x1f\x051\xd1\xddB\xd2Y\x13\x5c\x800\xd2\xea~\x84\
\xf2\xbd\x8c\xd61UQa\xf8\x10\xc5\x09\xe2\xb0\x87\x90\
j\xb8\x81\x03gnN:\xfc\xa4Y\xc8\x1a\xe2\xca\xd5\
g1\xd8\xdb\x83\xe7\xb9\xd2GP\x09\x1a\xa8\x07\xec\x9e\
#^\x87\x06)\xc3p\xaf\x03\xbf\xdaP9\x0d\xdbE\
\xad\xb5,\x1d\x7f\xcd\xfe\x00V\x16\xe3\xab\xcf\x7f\x01[\
{\xdb\xf8\xd1\x0f\xfd)\x9ch\x9e\xc1\xd2R\x0dg\x96\
\xdb\xe8\xdf\xbd\x8b\xa0K-;\x05\x94\xe1\xb5\xdd\x22M\
\x96\x054j\x8c\xa1S\x9cz\xac\x89\xa0\xca\xd8\xd9x\
6\x8a\xa7\x8f*?\xf5Km\xe4\xdd\x10V\xad\x8a\xb5\
\xef\xbc\x86\x9f\xf9\xdf\x7f\x1d\x0f\x9fZ\xc1\xdf\xf8\x8b\x1f\
G\xb5\xe2\xa0\xea\xbbR\xd2\xeb\xdd\xde\x91\xc4bP\x0b\
\x10X\x8a\xd0\xb3\x12\xf8x\xe9\xceM\xfc\xea\xd7\xbe\x86\
\x13\xedyl\xed\xee\xe1\xe9\xeey\xfc\x95\x9a/Z\x89\
\xec\x9a\xe45\xcd\x9db\xd7\xa3\x83\xfeN\x17\x8d\x8a\x8f\
\x80\xd7ZVS\xd2m\xc4\x0d\xdb\xc2\x9b+M\xec\xe6\
1nE=y\xbfD\x09\xd2\xf9j\xf9\x01\x16\xb9j\
\xe7)*^\x80\xcb\xe1M\xfc\xfb\xd5\xcf\xa0]k\xea\
6l\xad\x91(\xc9V\xc5I(\x09O\xad\xbe,8\
\x81\x9c=\x04Z\xde[\xbd\xd5\x03c\xf5{\xd9f\xed\
\xbc\x1d\x95\xdd\x1e\xec6\xa9H|\xcf\x06\xe0X\xc0\x84\
\xfb\xb8\x11\xf5(F\xb8\x84CO3Q\xb6Q\xd5\x08\
\x03\xe9u\x80h\x00{\xed*\xd0\xb9\xabE5\xf4 \
(\x87H\xe6\x14T\xf3U\xb1\x80\xe6\x8ag\x89H\xc9\
by\xcd%YI\xe2Ao\x0c\xa0T\xae\xbb\xaad\
?\x8fOy\xf2\x9a\xe4\x11\xa8\xd9\xb7\xb3s\x13~\xa3\
\x8e\x96}V\xdc\xe9\xb4\xd7\x91\xac<\x93qi\xe0\xc3\
\xb3=a\xda\x09\xaa5a\x14\xcaE\xb9A\xe9\xdfI\
\x09\xb1PaQ\x8d4\xeaD\x8a\x83\xff\xcc\xa9\x8bX\
\x98\xeb#\x8cz\xd8\xe8\xdcF?\xf1\xb1\xdd[G\x90\
9hH\xcb\xaf\x8a=$+.\xf8%\x0b\xbbq\x06\
;J\xf1\xfa\xb5\x0e\x18\x15\xd4\xeal\x96\xd1\xa0'\xe4\
X\xff\xce-\xe47\xb6\xe0\xc3\x85_\xf1\x90\x0c|\xfc\
\xf4\xc7\xdf\x8d\x8aO\xd7:B\xb7\x0f\xaco)a\x8e\
\x85\xb6\x0d\xbf\xa2\x88?d%\x8fs\xa4\xbd\x84M\xb8\
hT\xea\xa8\x05\x15d\xf5\x1c\x15\xf8\xb8\xf1\xec:\x06\
]R|\xd1\x90\xda\xd8^\xeb\xcb1_\xbc\xb2\x89\xfc\
\xe5\x1d\xacm\x0e%\x7f\xa3z8\xb4\x03\xad\x098C\
\x1e[{\x5c\x9e\xe5\xe0l%\x80\x932\xb7\xa1\x12\xab\
\xdd8E\xcc\xe4\xad\xa5\xfa\xfe\x03\x12\x9bhE\xe8\xf2\
\xb8\xe2\xc6\xc9ot\x19\x99 >4\xf7}\xc0\x82\xb5\
\x0f\x05815\xee\xa5\xc2uX\xd9\xd1\x5c\xc7\x83\x00\
\x07=p\x0f`\xdafb\xa7{\xb9`S\x8a+ \
\x04\xd3\xb6R\xe2\xb3\xb0\xd6chc\xe5ff\x83\x0e\
\xf0\xea\xd7`\x85]\xe4\x826SI\xb6\xe9\xc75%\
 \xd3b\xaa\x05#\xdc\x0a\xec\xf9\xf3\xb0XQ\x88\xae\
\xc26\xed\xa2\xfa8\xa6\xdf]5\x0a\x91\x99\x88\x90[\
\x02l\xe6\x11\x0e\xbax\xf5\xd5\xdf\xc3\xd2\xe9\xb38\xf3\
\x96\xa7aE1\x86\xeb\xab2\x91\xc9\xa3\xaf\xc46\x98\
7\xc8\x10Tj\xa8\xb7\x17\xa4\x13N)\x1b\x9bg\xa1\
(\xb4\x0d\xa8\x89\x86\x8d\xf8\x00\x22\xe1\xce\xd7\x9e\x10\x99\
\xf0\x97\xaf>\x87\x9bw\xafJ\x0c\x1bG!\x1e{\xe4\
\xad8\xb3\xf8\xa8p\xf0y\x96\x879\xdf\xc1\xc3\x0bU\
\xc9\x96\xdd\xdd!4\xd8\xc3\xf5\xb5=\xe9\x84|\xea\xf1\
ET\x82T\x14|\xa9\x84\xf4+\xff\xee\x19|\xe9\xd9\
k\x98\xab\xd7\xd1\x1f\x0e\xf1\xe1w^\xc2_\xfc\xa9w\
cw\xaf\x8b,\xb10L2\xbc\xf4JW\x12y\xef\
~\xd7<*5\xb6i\xd3X\xb9\x18\xf6\x12\x84w;\
\x08{\x84@\xe7\x12\xd3\xd3\xdc\x0e\xf7R|\xfd7\xaf\
K\xfc~\xee\x94+(\xbd\xfeZ\x84\xb4\x96\xe2\x9f\xfd\
\x9f\xcf\xe0\xd9\xcb[8\xbb\xb2\x80Z\xb5\xa2\x9b\xa6\x14\
l\xb7\xc2\xe6*\xad\xb8,M\xbf\x99\x85\xc0\xb3\xf1\xbe\
y\x869\x944\xcb\x90\xd9)\xb6\x06\x11\xe2\xd4E\x97\
\xcc\xc9\x9a\xd9\xa7x\xab\xa5\xe7\x08\xfe>Qy\x9a:\
M\x9c\x13H\xab\xf2qGi\x91\xa8\x9d6\x8a\xeeq\
\xf1\x93\x8f\x15\x10\xcf\x03\xf0\x07\x07\xd1\xee\xfd\x810\x00\
:\x891\xd6\xa43\xc5j\x1de\xe9d\x9fi\x85\x17\
\x93M/\xffnZ\xb5@2L\x9a\x816\x8b`\x0d\
6\xa4\x0f\xc0\xa6\xd4+\xd5]TX8\xdd\xecK&\
o\x884\xdc\x14~A'\xa0\xd46\xc9A\x84\xd1B\
'\x96J\xe8\xb6\xe2\x18\xa3\x5c@\xb9\xadT\xd8\xa6D\
7\x8ful\xa2\xddr\xf4\xba[z\xe2\x8f\x9e\x83\x5c\
\x92\xd0Z\xa9\xda2q4\x12\xac\x10\xbb\xcf\xe7\xc9\x0c\
\xa0\xc4\xacF\xfdH\x89h\x12\x18D\xe4\x5c\xa3\xde\xc0\
\xca\xe2I1\x0a$-\xa1\xfbK\xbc\x02W\xb8\x9e\xb0\
\xfa\x12\xdaC\xb2T\xb3\xd2\xab{`\xa3\xcfk\x9b\x09\
<Q\xe6\xc9E\x80\xa3\xd9\x9e\xc3;\x9f|\x0c\x0dR\
r9\x11\xce\x9c\xa8\xa1\xd3\x1d\x08\x7f\xbf\xed\x10h\xc3\
r\xa8\xea\xa4\x11\xbd>\xe3\xb4[\xca\xd3 \x1e\x80\xcf\
JEV*\xa1I\xa3\xe5U*J\xc1H\xf3(\xbc\
|k\x0d.\xdb\xa9]\x07\xcdVU\xee{\x90\x84\xf0\
-\x12\x89\xda\x08\xb3\x0c\x1bq$\xc7i\x0b\xc7\x82&\
\x83\xcd2DI\x04;\xcdT/\x07\xbd\x96d\x13[\
\xf1*v\xd3m\xe5\x8dh/\xad\xfcz\x84p\x04\xc0\
\x02+\x0ay\x86on\xdf\x02B\x1b{l\xf41\x04\
!\x87\xe2\xfb\xc7\x06\xe3\xf4_?\x08\x17\xde\xc8\xef\xa9\
\x0b\xc0\x83\xde\xdc{U\x1e.\xba\x8bJ\x9f\x9f\xd2\xae\
\xff\xc0\xe2\x18\x85\xb5(\x013f\xba\xc8\x92k@\xf0\
H\x7f\x15\xc9k\xbf\x0aT\x97\xe1\x9c\xfdA!\xfeP\
+\xc2T\x13\xa3\x14f\xc2U\xe4\xbd\x1b\xb0jg\xe0\
\xd5Oh\xd5Z\xae?J\x16[)\xd1h'\xc3\xf0\
\xc0\xcb\xf5\x9a\xc0\xa2\x84\x03\x90\xfe{\xddl\xc5\xee\xbe\
$\xc1\xf3/~E\x13\xd6\x13\x8c\xc3\xb2\x96\xbafN\
F\x96\xe6TyN]\xbf\xcb\xdcEN\x9d\xc0\x1d\xe9\
\xcf\xf7\x9b\xaa\xe3\xce\xbc\x00~4\xc9c,\xb5Ob\
y\xfe\xb4Lx\xa9\x1ed\xbc\xc3!\xf6\x86\x1b\xf8\xd6\
+_*\x19b\x83e\xe4\xe5\xa9d\x9b`\xf1\x85[\
\x80\xe2\x9a}\xfc\xe4\x87?\x8e\xef\x7f\xfai4*\x11\
\x1e{\xc8G\x7f\x18c\xc8\xd0Gh\xc4T\x9f\x07?\
c\x18t\x98i\x17\xee~S;\xa7\x1c:+\xa2\xfa\
\x91\x8e\x16\x03\xe2\x14S\xf8\x81\x85\xbd(\xc1\xff\xf3\xdf\
}\x05\x9d^\x8aZ\xe0\x8bA\xd9\x89v\x11%C,\
\xd7\x160\x1f\xcca3N\xf1\xc9\x8d5\x9c\xab\xd4\xf0\
\x91\xf6\x9c\xd23\xd1D+\xe2A\xc9s\xb6Q\xb1\x5c\
|y\xe3\xab\xf8\xea\xce\x0bh\xfa5\xe9\xa6,+\xe5\
\x18\x98:\x1f\xb9\x07\xe0\xc3KK@2\xc0\x8f~\xf5\
\x9f\xe0\xd5h\x1bu7@\xc5\x1e\xcf\xfe\x8f\x0d\x89\xf2\
\xc4VV\xe2\xd0\xe1w\xdc\xb95\x993\x93\x22\xc7\x8c\
I\xc1\xe3\x9eO@U\xc7\xbb\xbc\x89\x13\x1e\xb9\x83\xf5\
\x86\x12\x85\x1e\xff\xe1\x0a<G\xb5\xbff!b!\x0f\
\x9d\xe5<:\x97\xa0\xb9\x0d\x0a\xfdHf\xe4\x89\x08,\
\xd7}\xf5\xcb2\xd3K\xc1y\x15\xa6\xdf\xc0E\xc9*\
<\xec\xee \x1d\xecI\x1b\xb1\x91\x99(\x97g\xd8U\
H\xe1RQ\xc8%1)y\xed\x8b\x1a\xb4\x9a\xc0\x02\
\xd8\xd1\xcfT`\xbc\x02O\xa6\xba\x8f\x82\xb7*\xb0\x93\
\xeek `\x86\x18\x81\xc5\x95\xd1uQ\x0a\x9b\xaa\xbb\
\x1a(c\x9bN7\xdd\x0e5\x0c\x07\x08\x1cG\xb8\x09\
#'\xc6\x90,>$ i)V\xa0\xb8/\xb3\xb0\
X-\x15\xfc\xdb\x04U\xbcO&\x12\xd9\x1e\x9d#p\
\x02A+\xda\x8e\x02\xf3\xec\x0e\xc8I\x98`\xa7\xefJ\
F\xbf\xe6U\x10\xf9\xecaP\xa0%\xb6Xg\x0e{\
3D\xfe\x04\xb6\x95\xea\xca\x8a&\xef\xcc3T,K\
Vo\x96\xff\xf8\x1c\x06i\x8cX\x8c\x1d\xa1\xc4\xf4H\
\xc6\xc5j\xca\xb5sA:\x22\xc5\xad|\x1b\xae\x97\xc1\
r\xe9\x13)4\xe5\x91\xf0v\xb3\x08iO\xe1\xf01\
g\xc6\xd0}\xe0\xfa\x0b\xf2\x92\xc3\xf7\x1d\xa5\xa0g\xdf\
\xee\xaf\x0cx\xc85M\xfb\xfd\xa8\xd7\xfdx\x93\xb7\xbc\
\x90\xdf\xcf&\x03\xc8\xb1\xe1\x84\x1d\x0c\xaf\x7fJ\xa4\xb0\
\x84\x1a\xbb\x94X\x9b\xbaix\xae\x89\x1b\x895\xa7\x00\
\xa9?\x7fF\xea\xd4\xc9\xf6mY\x89uE{\xec\x83\
\xeaE\x9bAK`\x92\x83\xce\xce:\xbe\xfa\xe9_T\
u~f\x9c\x8bd\x85z>D\xd1m\xad\xafc\xb0\
3\xc0\xfc\xe9s\x98[9#%B\xa3\x84$\x87\xcc\
2tw\xf7\xd4\xea\xa6W\xf3j\xbd\xa1\x10x\xfd>\
\xa2\xe1\x10\xadf\x0b\xedv\x1b\x9dN\x07{\xbb]\x9c\
Z>\x8d\x8f\xbe\xfb\x1dH\x12\x95\x10cN`ss\
\x00'\xcb1_\xf3\xd1\xf0-\xd4\xebZEH\x93\x9d\
\xb2\xc4\xc6j@\xa3\xe9ci\xb9\x02\xbb\xee\xe1\xcc;\
\xcf \xdc\x8b\xf1\x9d\xcf\xbc 2\xdc&W\xaf<4\
\x85\xf5\x17\x81\xd5$Eg\xa7\x8bj^\xc5Csg\
\x04\xfe\x1b\xa59\xee\xee\xf6\xf1s\xff\xe9\xb7\x04\x8a\xc1\
:\x0a\x13\x98\xec\x224Ph\xdeC\xb7\x7f\x13[\xfd\
\xd7\xd1Xx\x17\x96\xab'\x85$E\xb5\xfd*\xc0N\
\xcdr\xf0\xc19\x92\xb6\x00\x14\xebI,\x07\xaf\xef\x92\
\x8b\xd0A\x97h !s)\x83\xb3F\xef\x92\x03\x8a\
\xa1\xc9f\xd2\xc3\x7f\xfe\xd2\xcfK\x88\xb1\x8b\x08\x9eV\
\x86\x9au\x9byA+\xf1J\x88\xa1<\xe2sc\x9d\
\xaf\xc6\x91\x9c\xd9\xfd\x9f\xb5`^6\x00\x0f\xb8)g\
t!\x0ff\x9bJXrO\x877\x98C\xf6\xed+\
~\xf7\xa9Y\xddI\x11\x14\x13&\x88\x98\x06\x07\xb8~\
l\xa2=\xa8Uy\x85%\xd6\xb0\xfcX\x87\xbf\x0c\xba\
\xc4\xd4*\x14`\x0e\xe3p%DQ\x86l\x92f\x8b\
\xd7(\xe6C\x94\x8fu3\x92\xa43\x0c\x05\xb6\xe6D\
\xd4U\x0e\xba\xdb\x9cU\xaa\xabP]\x83\xc2=\x8ch\
\xaf\x84\x82K\xe6\x84\xc2 \x90Q\xc8\xe6\xb5\x8bl\x16\
\x19n4U\xb8\x5c\x0f\xbd\x82\x04\x96\x1bK\x09U\x94\
\x85\x997\x91Kev_\xda\x8d\xe4\x81\x89\xce_\xc1\
\x99\xa6\x10\xd4qB\xf8\xae\x05\x8fRb\x86]I?\
\x82(M\xe10t\xb0<X1'\xb7\xc6a\xe8\xd0\
\x8b5\xff0\xe9\x16\xba\x83\x8a1I\x8f\x05\x96t)\
\x12\xcad(\xafD\x1219\x864\xc6\x14i\xd1\xfc\
@\x87&\x8d\xe9\x89Y\xc0v>P\xc7#\xd7\xc3\x8c\
\xbc\x95\xe5\x10@5\x8d\x8d'\xe3&U\xbc\xad\x19V\
\xff\xc2\xcd/\xb48\xc7\xc7\xcbq\xa6\xf5q*\x04\xa2\
\x0dx\x1c\xdc\xc1\xe4\xbe\xea\x06K\xd6\xea\xa8\x0f\x1b\xf7\
\xa9\xe4\x05\xcc\x92\x08,6\xfd\xc0\x85\xb0\xf1\xb8!@\
\xf9\x10B\x0d>[MV\x94\x7f\x86\x1b\xe8\xdf\xfa\x1d\
\xd8\xc1\x22\xbc\xe5w\x89\x8bn\xc2\x02\xafuBvM\
\xf76E\x95\xb8\xc80\x97Tct\xf0\xa0WW\x85\
4\x14Y2\x19\x80l\xce\xd1q\xbcn\x0dV\x088\
}\xc5l\xda\xf1*\xa8\xb6\x17D\xb6<\xd9\xddU\xf9\
\x02\xddj]m\xb5T\xf6\xba8\xaf\xd2\x13\x94\xd5;\
IEOp\xa9\xb5$\xa5\xc6\x90\x12b\xba\xe3\xd3s\
,|\xf0\xa9:8e\xd6Vca$\xf6}}}\
L<&9\xce\x9c\xf2p\xe6\xac\x22.%\xaf` \
\x5c\x18\xbcn\xb5O\xc6&\x1d\x1a0\xc2\x8c\xc5\xa8U\
\xb0zy\x03\xf5;}\xfc\x9bO\xfe.\xfe\xcd\xa7\xbf\
\x8e\x8b\x8bg0\x1f,\xa3KH\x9e\xae\xe7\xf3\xd9p\
\x02/\x04\x04;e\xd8\x1a\xee\xa9&,3\xfa\x95V\
\xab\xc6fJ\x12G\x82\x99\xf2\xca(\xa0%d\xd8\x18\
\x0e$\xd6\xff\xd2\xce\xd7\xf0z\xef\x96\x84\x0e\xec\x91\xd8\
\xb7\xfaO,\x1c9\xb9\x22\x0bu\xe2R\x8e\xe2\x90a\
16\xe6\xa6d\xe8\x0b5\xea\x891\xb7o\x1f\xd3(\
t\xc8\xb1J\x1f\x98\x19\x04w\x5c\xa3\xa0\xedy)\x86\
+\x8e6\xddU\x99\xbc\x7f\xddC\xf6\x86m*\xa1f\
N8\xc9>z\xbfG\x9eu\xe3\x0bK\x81\xb4\x0f+\
\x0b\xd5\xd8\x94\xc1\xa2\xb3B\x1a6\x5c\xc4\xfb\xe5\xba\xa4\
\xe2\xbc\x11\xee8q\xd5uC\x8e^\xce\x14H\xc9\xe4\
\x18\xe4T*_ \xb2\xdf\x92Ug\xbb:k\xeb\x0e\
\xac\x8aj\x0c\x12\x1e\x7f\xadJ+\xce\x9b\xac\x84\xea\x9d\
\x15MNzEU5\x02K:\xe8x\xb60\xce\x10\
'\xec9H\x91\xc4\x04\xcc\xa4\x08\x9c\x14\xb6\xb0{R\
\xefP\x11\x9a\xf2\x88\xbem\xa3\x12\xb8\x82\x0fp\x9c\x12\
\x86\x5c\xf8\x054\x05\xbaM\xb8n\x82\x84\x0cK\x9a\xd7\
+a&=\xb3\xd1\x0f\x13\xdc\xde\xe9\xa07L\xd4\xfe\
$NIH(\x1a\x8bTZ\x92\xe4\x92s`\xf4M\
cEfa\xe9J\x14H\xa0\x2231\xe7\x1a\xa1\xf1\
F\x0b\x09\xc3'r\x00Vm\x0f5\xab\x8a~\xd6\xc7\
v\xb6\x89\x98\x9c\x0e\xc7Z\xd2\xf2\x11x\xeb\xfeK\xeb\
G\x9f\xd1\xe4M\xf4\xcf\xaaO\xe1\xc1\xce#\xe5\x15\x8e\
\xfe\xc9\xef\x8cd\xf9\x819\x80\x89\xac\xa6ZPJi\
\xf7)\x0f\x87\x93`\xbc\xf9\xc1\x9a\xda\xd3<\x09\xe5\x99\
t\xb3\x95\xeb\xa7-c\xd1\x9cT>\x8f\xbe@\x1d\x8f\
\xbfQD\x22r\x8d\x07\xe5\x5c,\x92_\xf40\xbc\xfb\
e\xe4\xd4\x9f[|\x87\xe2\xdc\xd3$\x97\xfb7s\x94\
\x9e\x10\x8d\x88\xc8F\xde@\xce\xc27\x07\xb8E\x01\xd0\
\xdaH@^\x5cv\x1a\x98\x04\x9b\x9d5\xac\xc5k\xf0\
\x16\x97\xd0vm\xc4\xbd>\xc2\xce\xb6B\xc7I,L\
\xdc\x80\x5cTq\xbdqH\xc81\x1b\x9c\xa8Ch#\
\x8cb\x84q\x0fs\xb5\x8a4\xce4\xfd\x0c\x8f.\xa4\
\x02\xdbe\x13\x10I~\xed\x84\x8d@\xc0b\x9b\xa5\xc2\
\x1c\x17\x1e\x9fGk\xc1\xc1k\xcf\xf5\xb0\xb5f\x92y\
\xaa,\xa8\xda'rD;=\xc4=\xd5\xbcT\x0f\x80\
'\xce;H\x92\x00\x8d*}\x09\x0b/\xbd\xb4'.\
\xfa\xeef\x8aF\x10\x883\xbe\x95\xf4\xd0r\x5c\xfc\xc8\
\xe2E\xd5\xd4$m\xda9\xbe\xdb_\x97\xa4 \xdf'\
+\x1e\xeb\x83\xcb\x18v\xb7\x11\xa5C\xa5\xf1`\x048\
\xc7\x86\xa02x\xec\x08\x8c\xad\x14\xff\xe6\xce\xa7\xd1\xcf\
C\xac\xc7\x1b\xd2\x0cU\xecx\x1c\xd7\xf6>\xb6I\xe2\
\x8d\x11\x22\xd4\x5c\xca\xe1\xbc\x81\xc6 L\xdd\xf6u\x04\
\x8d\xceuPoB\xf9\x9a\xa6\x1e\xb2\xe4}\xefK\x02\
\x1e:\xb1fx\x98\xfbKu\xa3\x89\xaf:\x0f5\xa8\
G'\x03M\xe7\xde\x88\x0aYw\xd2\xe9{7\x19\xe6\
\xa9\xa0\x07c\xb2g\x0f\x8e\xc6^\x86\x0e\x05\xc7\xdd#\
\xf2\x17hc#Um\xb3X\x17\x89\xb1\x18Y\xb8\x06\
d$\xf7\xa0\x1bNZ,%\xf5\xa5 'ES\xb5\
^.y\xb0\x10V\x1e\x22\xb7\xeb@\xd6(\xfd\xcd\xf8\
O*\x96-;z,\x81\x0d\xc3\x10q\x1aI\xc9/\
'\x9cx\xaf#\x99|q\x8a\x8b\xc7\xa1\xf9\x06\xd8L\
\x13\x85\x22{f\x84/\x22\x11\xdf\x88\xe1;.\x1c;\
\xc2\x9coa\xa9\xeabH\x12u\x9f0d\xd2\x8c\xc5\
\xd2\xad\xd7\xa8\xb0\xd59\xc7\xe2b\x80\xa5\x13\x1en\xbe\
\xd2S8\x04\x1d\xe60\xbf\xe0\x90-\x87\xbf!\xfd\x99\
\x08\x03*\xda\xedf\x85\xf4^6<\x11\xdd\xb0\xb0\xd3\
\x89\x10\xf7IMN\x97_Q\x7f\x85i$\x89\xb7\xb3\
AM\xa0\xb6t\xe8\x87\x16\x10\xef\xdd\xc1P*\x16\xaa\
\xec9\x88w\xd0\x89W\xe1ZA1j\xcc\xab'6\
?\x16\xd2S5F\xaan\x05C;\xc5\x95\xee5\xdc\
MwP\xa7\x224\xb9\x14\xcb+GY\xc9\xaa\xe4z\
\x8f\x8f\x0b\xec\xdf&w+-\x80\xe5\xb0\xd7\x9c\xab|\
N\xc5\x804\xf1\xd1}\xf3\xb8D\xd09\xe5\xfcE\x1a\
fl\x15\x1c5\xf4\xab!\xaa9\x0f\x0e\x98\xe8S\xf3\
\x00\xd6\x14\x1c@\x91x\x98q+\x0c\xeb\x01\xc9\xc3\xb1\
:i\xe9\x82\xcb|\xe7\xa3\xcc\xfe\x94\x07(E\xf5\xd1\
q\x0f\xcc\x0fX\xc7\x94e+\xb7P\x1e\xf2\x90\x8dZ\
\x8c\xceo\x15\xd7n\xceI\x05`;K\x11\xaf?\x83\
\xcc\xae\xc2m=\x8e\x8c\xbc\xfd\xb5\x05\xa0\x06d\xfdM\
i\xce1\x05\xb12\xe9\x8a\x18\x18f\xc9\xd2\x9e\xea$\
t\xfd\x89g!)~I\xe4\xa9\xa6\x16\x12\xf8A\xfa\
\xd7\xdd\xd3UiF\x1anm\x164\xa7\xfc\xd7\xef\xee\
\xca9j\x0bKR\xce\x1alm\x0a31\xc3\x06\xe2\
\xe4W\xea\x16\xde~\xda\x17\xae=)\xd1\xd3\xc0\x88\x02\
Q\x8e\x85yOh\xbd{[\xfc\x83\xca=\xa4\x89b\
\x8aS\xe1:\x0d\x5c\x86Z\xbb\x82\xc5Sm\xa5q \
\xc9F\x96\x1dU\x1245\xad\xd0\x86\xc7\x90x\x1eO\
q\xd9\x15^\x1b\xbf\x95n\xbdT\x09rXd\xfa\xcd\
\xe12\x09*\x8b\x01\xd9\x8d\xd4\xfd\x8bT\xbb\xb05k\
\x0f3\x05\x16l\x17\xa7+M\x042\x87mt\xf3\x01\
\xfe\xf5\xd5O\x22$e\x9a\x93\xa3\xeaT&\xfbe\xf7\
\x8f\xf6\x83\x12c\xf9\xfe116'\xcc$\xd3ni\
y\x9f\xe9\x87\x1b\xed3\xe1O\x8f?\x8f\x82\xb5\xe7\x18\
\x13\xb8\xd4\xed::\xc1\xbd'\xf1u:\xfbx\xae\x92\
z\x99\xa5\xa0\xcc\xb0\x07\x15\xf7X\xbe{\xc3\x802~\
3\x93Vo_>\xae\x14\x11\x8c\xbc\x88I\xd7\xff\xf7\
!`\xdb\x17\xae(/\x86\xe2!Y\xf7:\xe0\xd5Q\
Yx\x0b\x12\xcbGVQ\xe4\x1a\xf9pW\x13\x8c\x18\
\xebdr\xd2\xccjQ\x91F\xb9\xf0\xea\x8e\x88\xa3\x9f\
8\x9f\xb6:\x22N\xe9\x12i\xe7\x22\xf5\xaa`\xf3\x1a\
\xfa\xb9\xc0\x86Y*cI\x93qw\x1c*\x95\xa1f\
\xed<\xdcJ\x05\xc3\xddm\xd5\xe8DU\xe4,G\xcb\
\x07\x9eX\x09\xb0;\xec#\x14).[\xd1}\xc3\xc2\
\xfcBU\x90\x7f\xfd-R\xa2\xa5p=O\x10y\xa4\
\xe2b3\x14\x8dD\xd5g\xdf\xbe\x0d.\xca\xc2\x9f\xa3\
\xb8Q4eX\x8e\x8cRg\xa4\xd3\xf3m\x04U\x0f\
\xcd\xa0\x8e$\xa9I_C\xb9\xe4\xab|#\xe6\x0e,\
\x11\xe8\x10\x0dF\xf1G\xc9/\xc8D\x03\x8d\x01C\x1a\
\x95\x03\xd1\x0fC\x08M\xda\x9e\x8d'+UQ\xfai\
x-\xf4\x12\x1b_\xda|\x16C+D\x8d:\x7fb\
\xac\xd5@\x966p\xfd\xae\x8e\xbdY\x13\x9f*-D\
\xe6\x88\x86\xcc\xe3X\x94]\x87\x19\x9f)\x87)\xa5=\
F\x97v\xbcC\xbcA8\x00\x9d'\x18K\x09\x14p\
E\xbd\xd2\x95/\xd4\x80\x18\xca\xbf:\xe0\x86\xc7nP\
\xc3`\xc7O\xad\xcfQr\x7f\xbf7F\x80?S\x92\
\x5c\xb9\xa9\xc9\xee\x8b\x82\x02\xb0\xaag\x91{\xd4\xb1S\
\xe5.E\xcd\xa4\xd2K\xaa\x8cH\x86\x9em\xa1\xb7\xca\
E\xbf\xa6D\x92:v7\xea\x99Q\xc2jo\xeb.\
\xae\xbc\xfc{h\xd4\x17\xd0\x9a?!\xfc|\xf5\xa5%\
YE\x87\xdd\xbdq\xd6Ya\xcbM\xe1y\x1elB\
m3\x0bv\x92\xa3;\x04.\xaf*\xb0Q\xab\x9e\x83\
y\xc4V\x9b\xe0\x22\x8eo\xba\xd4\x9a\x10\xa3D/\x5c\
\xadeX\x5c\xc9\xb1\xd7\x8f\xf1\xdcK\x19.<V\xc5\
\xfci%\x90a\x08\xf4%D\xb2,\xcc\x9f\x9f\x93{\
\xdcZ\xeb#[\x8b\xf1\xe5\x17_\xc4\xdav\x8e\x9b;\
\x9b\xa2\x88\xcc\x12\xe1(\xecb\xb9.\xc1\xe5\xe1\x1e\x22\
IR*\x08\xf1z\xf7Ua\x08\x8e@\xb9pE\xd7\
f\xe4B\xa4=\x9bz\x89\xb0\xb1\x99t\xf1[[\xdf\
\x00\xbb\x0b\x82@\xb1\x1c\x17\xcf\xcf\xc0\x0d\xef\xe7=C\
\x7fe\xd9s\xca\xdf\xcbpm\xd9\xaf\xf0*\xcd\xdb\xdb\
\x9fh{\x90\xa5\xef\xc9\x12\xa3\x9c\xf9>\xbc\x80{\xef\
\x06<\xe0\xa2T\xbcso\xcd\x11\xfb\x8c\xc0\xd4\x9dF\
\xb1\xfa\xfdl\xd3\xe0\xcbGnErI\xbdhYq\
\xb2\x18\xe1\xceK2\xe9\xab\xb5\xd3\xb0\x5c\xb6\xc1\x8e\xce\
1\xe6-\x0a\xe9(\x19\x888\xf9kBW=\x96\x8f\
\xd0\xd7$\xb8=\x01\xc4\xb8\xd8\x5c\xbd\x81\xad\xd55<\
\xf2\xf8;\xb1\xb4\xfc\x90 \xdd\x82\xc5@2\xf5\xfd\xce\
\x8er\x99\xa59\xc8\x10\xcdep\x03\x0f\xaeSG\x1c\
&p\xe2\x10\xc3\xd8\xc1\x8d\xb5XZ\x7fIC\xe0\xfb\
\xc0\xb9sM%vJ\xcd;\xcd\x00L`\x901>\
\xf5\xba\x05\xff\xb4\x8f\xd7\xae\x0d\xf1\xe2\xab\x03\x04\xad\x1a\
\x9e|\x9b%\x0a\x82Ev\x87\x18\x03\xcf\xc5\xca\xc3K\
\x94[\xc4\x8b\xd7o#\xec\xe4x\xe6\xd5\x97\xf1\xdc\xcd\
u\xb4\x1b-a\x1aV4hZn\x9b\xb9\x89<\xc7\
\x0b\x0c\x93l\x07\x15'\x90\xa7\xb15\xbc\x8a8\xeb\xc1\
\x92$\x9ea[\xd2\xd9l\xb6q[\x0e\x1an\x0d\xaf\
\x0f\xee\xe2\x17\xae\xfc\x1a*\xae/\xc7\xbe?u)n\
\xe39\x023\xedg^Z\xca\xab\xe0\xe4\xf1\xeeu\x9c\
\xdd\xc3v\x5c\x9a\xfd#\x0d\xc0dFs\x86+(<\
\xfeY\xae\xa4\x00>\x94\x12+\xb3l#\x0fct}\
\xa3\x04^y\xa7\xd9\x8e6)*R\x8e\xc7\x8b\x5c\xc0\
\xe4aM-J\xaf\x96t\xb5E\x05\xa8\x7f\x0bY\xb8\
-\xfd\xfft\xf5\x0d)\xa4\x8a\xfb\x0b\x8c\x8fn\x13\xe6\
\xea\xcdRWU+\x82\x19\xec\xbc\x0a#\x94\x07D\x94\
 k\xeb)vw\xaf\xe3\xce\xb5\x14\x9e_\xc7\xfc\xf2\
\x05\x89\xa7\xab-\xea\xf9\x11\x92\xdbC&\xbcZF\xf5\
\xc80\x0e\xa9@\x9e\x13\x88\xd4Z\x5c\xbd7wr\xb4\
2[x\xfdG\xddf9\x96W*H\x17}\x04\x01\
\xddp\xcd\x1b\x90eB\xa4Q\xf1\x14\x14Y\xf8\x04\x05\
h\xa3\x88;\xa4\xa4\x99fX\xbf\xba!L<\x9f\xfe\
\xd6\x97\xb1\xbe\xbd'\xec:\xad:C\x00\x1b1\xa1\xc6\
<\x86\x13\xc0\x17Ef\x05\x9c\x92\x0c?\x80\xbb\x83\xab\
\xa2O\xc8\xeb\xb4\x19\x06\xe8\xee,\xe9\xd9\xd7O\x9c\x80\
\xa3\xed\xa4\x83\xafw\xae\xe1\xc6p\x13\xadJ\x15\xaeM\
\xdau\x0d>\xba\x0f\x1b\x90i\xce\xc0\x22am\x06\xf1\
\x04\xee\xff\xa0a]\xb4|\xdc\xcf6\xe9\xc3\xcf\xc2\xfd\
7%\xa9\xa8\xafh\x06<\xce\xc8[P\xf2\xe0\x07\xe5\
\xd8\xf4D+V\xe6iIE\x09m\xf7E\xb1\x87^\
pa\x0d\xa7%_f\xdd\x0a\xc3\xa1\xd0i\x02\x0a1\
\x14\xe7cP-\x05&)>6&\x0b\xb5?z2\
\xf7:\xba\xc6q9%}\xb5\xea\xb3\xc2\xd6avK\
\x11m\xbf\x84,\x8faW\x1e\x87\xed.\x15\x82(R\
\xd3/\x9d_\xe0\xc7\xf9\x06`\xf9ppB\x85\x0f\xe6\
\xc8v\xa0\xc4)\xd2!\xac\x845{\xf6\x03\xf4\xb1v\
w\x0f\xbd\xb5+X<u\x09'/\xbc\x19Q\xe8\xa0\
.\xb1o\x86\xdd\xfe\xebH\x93\xa1\xa2\xd7bmO$\
\xae\x15zN\x11b\x12\xfa\x9a#LR\xacm\x10\xb4\
\xac^\xa6A\x14\xf2\xa6O,\x07\xc2\xaa\xcf\x8f\x0b\x19\
\x86 \x0aS\x11\xd5T\xd5\x04\xd5\xd0D\x0dB\xc9\x01\
jjtz\x1e\x9d\xdb\x11\x92\xcc\xc6\xbf\xf8\xcc\x7f\xc4\
+kWqv\xfe\xbd\xf0\xdc9$Y\x8c$O\x84\
\x00\xb5\xee\x04\xa8\xb1\xbe\xaf='N\xf6\x14)\xaev\
\xbe\x83\x14Cx\x82\xae,\xb9\xd1:\x96\x97,\x89[\
\xc1\xdap\x1d/un\xa3\x9b\xee\xca3e\xf3Qy\
\xd0\xcc\x84\xe9\x9a\x86\xf0\xb4FH\x96\x91T\xbcy\xc7\
\xfb\xf7\xdf\xb7\x1d\xe0\xedN\x1d\xef\xb34\xf1\x98\xfc\xc5\
\x11\x93x\xea1\xcd\xf5\xeb\xca\xd6\xb4\xe4\xfe\x88\x8f\xf2\
0\x0f`\x02\xcexX\xbf\xf3A\xdb\xac+\xfa\xfe\xc9\
u\xcc\xcd\xb8\xcd\x93q\x88\x18.\x15c\xee\xf3\xd2&\
?|T\xac5\xb5\x9c\xa2\x9fI)\xb9IJ)\x01\
\xc7rEKv!\xea\x97f\xd2\x9b\xd8\xb1\xccY(\
\xab\xfc.,\x91(\xab\x8e\xb9\xbe\x92.\x13\xcfB\xf1\
\x16\xd0u\x86\xcb\x89\xd8\xc5\xd6\xda\x0b\x88\xd3\x1c\xad\xc6\
YU?\xafU\xa5\xa7\x9e\x82#J\xc5\x98\xea:\x0c\
\x9aU\x890LslFD\xc7Y\x08\xf8{=\x02\
\x94\xfa\x8d\xd2\xc5\xcb\x1dv*\xaa\xca\x80\x8c\x1d2\xeb\
\x12(\xe4\x03\xa7\x96<4\xaaL\x1c2\x01\x99`\xd8\
#\x19\x0a)\xcaB\xf4\xc2\x04/\xdc\xb9\x81\xa0\xdeD\
\x8dtZ~K\xc0<\xcc\x82\xd4\xdc\xaa4a\xd6\x1c\
U\xe9PH~V b\xec\x84w\x89;V2f\
9\xe9\xba&\xde\x81TBl\xec\xc5;X\x0d\xaf\xa0\
\x9fv\xd8\xcf\x88\x18\xdd\xc3Id\x8f\xda\x0a\xdeFC\
\x9dmO\x99P\xe3F\xc0\x8c\x89{:\xdd,\x86\xc9\
,\x14\xf7v\x8a\xe9\xc7\xd48\x81\xd1R8\x22\xcd-\
\xfe\xce\xe6/\xc3!>~A\x13\x88\xbf\x19K\xed\xa3\
\x81\xaeQo\xe5\xbf\x1dT2\xb9oV\x93\x09w\xc2\
x*\xa5>\xfd\xf1}K\xcb\xf6!\x8f\xfc\xc8|\xc4\
\xd4\xfb\xd3\x1a\x7f\xc9\x1dd\xd6\x1d\xf9\xbcS\x88\x98N\
y\x8ey\x8c8\xbe.\xe1\x82\xeb?\xa2s\x03*\x0e\
g(@\x8c\x9c\xe1\x1d\x18F[\x18D]\xec\xf6.\
\xe3\x95\xcb\x9fA{\xf1\x02>\xfa\xd1\xff\x09YN\xae\
\xfe\xd3\xb0\x1c\x07\xeb\xd7_G4\x1c`a\xe9\x04\xaa\
~\xa0\x14\x82\xec\x0c\x9bq\x84\xf5\xed\x10+\xb5\x00\x97\
*\x15Y\xd5\xcb\x88:\xfe\x10\xb4\xeb\x22\x8c!m\xb0\
Z\xb0\x944f\xa7\x96\x03\x9c_\xaa\xa0\xba\xa8\x14\x80\
\xfb{1\xee^\xd9\x13\xd0\xd1\xde\xda\x00\xdb\xbd=\xfc\
\xec\xbf\xf8\xc7\x08\xd3\x0c\xb5Z\x05\xbe`\x05T\x9f\xc3\
re\x09g\xaa\xcbR\x91\x08Y\xfe\xa3v\x8f\x13 \
\x1c\x86xy\xf3\x0b\xc27@wBM\xc7\xf1Q'\
\xd7\xe7\xba\xb8\xbe\xf72n\xee\xbd\x02\xcbf\xd7%\xc9\
F\x1c\xd1R1\xfd\xfc3oF\x9bR\x0c\xb4fz\
:t|\x1e?\xb7~?\xe0\xb4\xe3R\xe9\xcdt=\
\x07\xcd\xad\x12\x8ea?\x10\xc8 \x8d\x8a\xd2\xdb\xd1\x93\
t\xac\x86?\x85\xa8\xe3\xf7kS\x02\x9b\x87\xcd`\x1d\
\xb4\xcf\xb8\xed+U\x9a\xdfO\xbc\xb0}\xc9>\xa5\x1d\
\xab*\x00\x1a\xc7\xadV\xfb\xf1\x83\xcb\xff,5\xb0\xe9\
-\x88\xc7\x22\xae\xb0\xd1)\xe6[`\xcbr_\xcb\x96\
\xa9\xebw=\x05\xeb\xdd\xde\xb9\x09\xd7\xa9\xa2\xdaZ\x94\
\xd2\xa2\x17\xb0D\xa7\xb8\x05\xd8\xe8\x92\xd96<f\xfc\
\x84\xbfD\xeb\x15\x96\x80X\xf2\xcf\xe4\xfd\xb82\x8a8\
\x9f\x0eW\x98\xe0\x13\x8a\xee\x5c\xc07\x81\x8c\x0b%&\
\x12\x85\xac\x06\xf8\xb8\xba\xb3\x8e\xee0\x94\xae\xc3\xeep\
\x08\x87y\x10\x93W\xd1cHA\x9d\x95'F^\xff\
[\xe1\x1a6\xc2-\xe9\x00d\xd9\xaf\x5cP\x1b{>\
\x0c\x13\x98,p\x84\xeeD\x95O\xb5\x88+\x7f\x7f|\
\xa6>\x13\x8e\x19\x80\xc3l\x9fy\x10\xeb\xf2\xbdrn\
\x1c\xf6\xd9\x22?\x91\xdf_\xc2P\x19\x001\xa7z\x95\
Ro\xbf\xe4\x14\x98\x01|\x9f\xae\xfeA\x17j\x80\x10\
Ev\xfd\x80\xdd\xa6\xb1\x09\x95bkL\xfb\xf8\xbeV\
,Y[q\xaf[1\xc9\xa7E\x04\xfbv\x1ee9\
\x956\xe2A\xc1\x18s\x17)\xf2\xe4\xa6z5\xde9\
\xc0&\xf1\x87\xc6\xa7\xe7\x03X\xf9@:\x0fE\xc9H\
B\x0d\x07\x83\xde\x1a\xbe\xfc\xc5\x7f\x80zc\x05\x1f\xfe\
\xc1\xbf.\x8cE\xad\x95\xf3\x92\x07\x88\xba\xbb\x08\x87C\
\x04\xf5\x06\x02\xca\x89uv\x11\xf7\x99tT\xcc\xb8\xd2\
\xc4\xc3>\xfa\x845|\x9d\xa0\xd4\xfa\x81E3\x8b\x5c\
\x1e\x11z\x92\xbbW]\xf9>\xd0\x1d\xe4\xb8\xfa\x0a\xb0\
\x19n\xe3g\xff\xed?Q\xa8CG\x8d\x17\x81\xf8\x1a\
-H)\x11*\x0eC\xfe\xbeb\xfbX\x1f\xdc\xc4\xa7\
\xae}Z\xbc\x15%\xa75Bq\xed\x7f\xa4#\x03\xae\
\x9e$\xb9\xfbJ\xfbN\xc4\xdeG{lf\xd2\xccZ\
\xbf\xb7\xa6N~\xc3\xee4\xcbd\x1d\x03\x0c\x09\x8d\xf4\
h\x90\x1e\x96#\xd8WY;\xc8\x1b0\xef\xea\x08\x8c\
\xcd\x81\xd7?U\x1e|\xca\x8d\xdf[\x81\xe1\x98\x9b1\
\x04\x137#\x7f2.\xf4\x84\x11(7\x89\xcc|\x9a\
\x07@\xa6X~A\x87\x1b@\xfd\xb2\x8f:\x9f\xfc\x99\
-\xb1j\xe6\xa9\xbc\x85B\xd6\xa9?\x97\x09-\xcd\x89\
\xf9&\xa9\x9a\x1b\x22\x89\xba\xa2nK\x5c\x02Qtf\
\xb0srJ{\xb0p\xef+jm\xc6\xf9\xa6V-\
\xa4\xa2\xa2V\xac\xc36q\x15\xd4$\x893\xae\xd86\
\x5c\xf6\x00\xd0\x13\x88\x12!\xf7 \xe4\xb7\x17E\xe8\xc5\
\xa1\xe0\x14RG\xcb}\x8f\x85\x91\xcc\x00\x84J\x9f\x90\
\xda|$\xf7`%\x84\xadgT$\x9e\xe8\x98;j\
3\x9c\x8c\xe6\xa7\x03\x1f\xe3,%\xb7\x99\x17uk\xff\
G\xa7`Z\xf6}j\xa4\xd11v\xcai\xe3z\xdf\
\xf1\xad\x19B\xe6B\xfbb\xb6c\x1ez>\x221\xcb\
?\x1c\x5c\xf2\x9b\xae\x81~\x9c\xed\xc0d\x9f\xb1\x8a\x87\
\xb8e\x93\xcd\x16\xb3n\x86\x81\xe7\xd8\x22\x8b\xdf\x93M\
;\xf8z\xe4\x14Ia\x9d\x10\xdb\xbf7\x13}\x1e\xa2\
\xb0\x8f\xcf\x7f\xf6\xef\x09@\xe8=\x1f\xfa\xefP\x9f;\
3\xa2\xfbb\x82\xd0s\x94:\x92\xeeq\x90\x16\xe3\xd2\
@6p_s\xbe\xb5;\x1d\xe4\x89\x83\x1bW\x86X\
[Mq\xee\x5c\x05K\xcb\x0e\xd6\xae\xef`\xed\xd5\x1e\
\xbey\xedE\xfc\x9d_\xfb\x05\xd4\xabMdn&]\
\x8ec\x83\x95\x9a\x02\xd1-\x91\xf0\x8e\x83\x1al\x9cC\
\x9c\xf61Hb\x0cIj\xa2=\xf0Y\xdf\xe4hL\
Z\xc7\xceIM=\xde\x91\x06\xc0z n\xff\x1b\xb9\
\xcd\x84\x979\xea\x18\xfa\xeb\x98\x07p\xd8\xb3y\x10\x14\
\xc4\x87\x1e\xe3\x08kv\xaf\x8c\xc2\x05\x19\x9d9\xce\x1f\
\xd8w;\x12\xb9\x14\xf1\xce1\xbf\xab\x5c\x97\x1c\xfb\x84\
p\xe0gC\xe6\x09\x98\x19K\xe0\x08\x0e@a\x02$\
\xe7.\x14;\x96\xd0\x8b\xf3\xa81\xc97\xc8\x86\x5c\xb8\
\xa3*\xe1g\x8cF\x1e3\xd3O\x9a-z!\xa4\xe2\
R\xa8?\x89\xc7\x85\xde+\xc6n\xb8\x858\x8f\xa4\x8b\
p\x02\x13\xaa/\x97\x9e\x09\xd9\x8c\xd9f\xec\x08\xe0\x88\
\xfa\xcar=\xc7w\xda\xf6-\xed\xfbp\x1f\x87\xb8\xd2\
\xfb\x9e\x99\xe4\x81\xcb\x12\xf1\xf7\xbfMz\x1e\xd3&\xe7\
,\x93\xf68\x89\xbf\xe3\x94\x19\x0f\xbb\x0e\xb7\xfc\xfa\x8c\
R\xef\x94\x80vj\xe1\xe5(7\xe5A\x1b\x90{\xdd\
&\x09\x16\x0fE#N1\x82\x87=\xe0\xc9\xe3\xcd\xfe\
bFm\xbc\xe6\xcc\x12\x01\xc5wT\x1d\xde9\x01\xcb\
^\x18_\xf2\xf6=W\x9d\xd1\x90d\x9a\x85o=\xf3\
/%\xf9\xf7\xe6'\x7f\x1cs\x8d\x0bb\xfdH\x83\x16\
\xd4j\xf0k5\xb8\xd1\x10\xe1F_\x11\x9c\xe8\xee\xc6\
\x13\xe7Z\xb0=\xc2\x9a\x95.\x9fZ\x9dU\xde\x82y\
:\xd1\xe9\xb3+\xf8\xbdk\xdf\xc6\xcf\xff\xa7\x7f\x8b\x8a\
_E=h\x14\xc0 C\xa9\x5c\xe0'L\xa5E\x1b\
\x07\x86$\xbb\xc3\xdbx\xb5\xf3M\xad7P\x22\xe08\
b+\x1b\xa9\xd2-O\xdf\xef\xb8\x9b\xae~\xe5\x07,\
z&\xef5\x8e\xdf8<\xd40\xbf\xb7\x95\xfa\xab^\
{\xf6\x7f\xee\xb0\xeb\xbe\x97\x05\xea^\xe8\xf5\xccWa\
\x04*\x97\x05\xa6\x7f\xca\x14\xdb\xf3{+i\x1c\x92\xac\
<\xea\xe2\x1fdEa&+\xfc\x06\x9c\xd7\x9c{\xe2\
7\xfb\xfe\xa8\xc6:c\xe7\x04\xb6M\xaeB\xb2\x02)\
B\xcf\xe2\x15\x8c\xdd\x83\xf9\xa5\xca\xe2\xf7\xba\xb7\xa5\xc6\
.\x99\xfc\xdc\x13\xb2\x0d\xea\x00dd\xec\x11\x22c[\
Z\x90\x92\x82L\xd4\x82\x1b\xb8p\xc8\x02\xa4\x8d\x09\x07\
m\x22\xe0\x18\x95\xfac\x7f\xfd\x5c}\x0e\xc34\xc1\xcb\
\xabW0_\x9f/M\xfe\xf2\x13+\xdd\x8a\xa8\xed\x88\
n/\x5c\xbb*\x95\x83n\xbc\x01\xdf\xab\xdf\xdf\xa2;\
9\xae\xee\xe1\x1d\x8d=\xbfL\xb7\x1aO\x19\xfb\xe3\xc9\
\xe5|\xe6\x95\xba\xc8\x01\x98\xc3~\xef\xd6\xbd\xa9\xdb\xe4\
5\xbb\x05\xb3\xe9\x11\xbc\x80\x93%\x87\xdf/W\xfaA\
\xc4;\xc7\xd9\x1e\xb4\xc19\xec\x98\xc5\xbd\xed\xdb\xc1\x15\
\xd5\xe2<\xed\x0a\x8f\x80aL\xd8\xf7\xb9\xe2\xa2\xd5\x17\
\xa2\x00\x83\xcc\xc7\xe5\xd7>\x8b4\xfb4\xce\x9d{/\
N,\xbf\x13\x1ee\xbb\xdb\xa4\xde\xca\x9186b\xbe\
s\xdd\x16\xcc\x10\xc2Nmlo\xf7\x84j\x9b\x04\xa0\
,)\xda\xe9\x10K\xbe\x87\xcf|\xfd\x8b\xf8\xdd\xff\xf0\
,:\xdd!\xe6\xea\xf3p\xa9\xfa{\xb8\xb8\xbd\xcaY\
8\x0env_\xc4\xcep\x15\xddd\x1b\x9eS\xd5\xe4\
^\xdfCO\xd0|S~~\xb9\xfe2QN\x1ae\
\xf0g\x1f\xe8\xfb\xc0c\xc7p\xe9\xbfW\x9b\xca\x01\xc8\
\x05\xcep\x95\xba\xf4r\xd4\x0d\x95\xf1\xd3%\xb4\xe9=\
\xd7F\xef\xc5\x08\xdc\xebC\x7f#\x9a7fi\x80\xda\
w^A\x11\x86\xe5E~|U\x9a\x18\xc4e\xfb\xbc\
\xbd\xf3:\x86\xe1\x1e\x16\x17\x9f`8.\xb8\x04\xd7\xf7\
\xe1\xc6l\x11\xa6\xac\xb0\xc6\xf5\xebc2S\x1f\xf6H\
t\x92\x0buX\xea9h\x04>\xe6\x9d9\xdc\x5c\xbf\
\x83\xdf\xfc\xc6g0W9\x01\xd7wT\xe5\xe0\x90\xd0\
\xcfl\x9c\xec{\xc9\x06:!e\xd8\xa8\x1d8\xc2\xf6\
\xbf\x11\xdb,\xef{\xf2\xf9\x8d6j'\xe8\xef&\x22\
\xe0YC\xd7\xef\x15\xf6\xe5\xb0m\x96\x10C!\x01g\
\xddf)\x81\x8c\xa7\xae\x0e\xfcl\x91\xef\xda\x7f\x94\xa9\
\x1f\x18\x95.\xb5\xbb|`\xb6\xd2\x18\x9ei\x07\x9fR\
I\xd8G\xb9tx\x22\xb4LGV\xee\x17(}\x5c\
\xdb\xd3rb`\xdf7#\x8c\x82\x18TS\xd3\x1e\x07\
\x0b\xa9\xf3hV\x92}\x1e\xb7\xf6\x0b\xcay\x04\xd9\x8d\
\xe5@\x07\x95J\x0b\x9b\x9b/\xa2\xdbY\xc5\xb9so\
\x87\x9f\xbf\x15Y:D\xd5c\xa9\x90\x8aX\x0a\x0a\x1c\
\x0dT\x12\x91\xf9\x1f\xc7\xb1\xf0\xfa5\xea\x1d\xd6\xf1\x99\
o~\x05w\xd7Vqm{\x15\xad\xfa\x92t\xdeI\
\xc3\xd1\x81c\xa0\xf4\xde\xf4\x03\xb2L\xcbtA\x1bw\
\x08\xbf\xfda\xc42\x87\x0dfs\xbc}\x03j,\xbb\
u\xe4\xe0\xcd\x0d\x06b\xe2y\x1e\xfc\x81I\xe0\xdc\xf8\
\xfe\xc5\xe2w\xc01fIX\x8e\x9f\xeb\x08\x0f}\x82\
\xecF}b\xd2\x9a\x8d}`\x82\x10\xe4\x18\xdb\xa1\xd9\
\xca\xfb\xb6\x843V\x03\x0ea\x09\x9a\xcc\x1b\xed\x1b \
c9\xa5\xf1\xf2g9\xe93\xfe\xcb\xe9<\x84\xfb\x0d\
\xca\xc4\xb8\x9bb\x18\xf5\x07\x8bkR\xab\xf9\x84\xc1+\
\xffGP\x83\x06/5>\xcad\x97\xb2Gn\xf8\xe2\
,\x0b\x9d\xbd\x1b\x18\x0c^@\xab\xd6\xc6\x89\xca\xe3\xb0\
\xec>\xbc\x16\x19~UO?\x8f\x94F\x89t\xef1\
NO\xc9\xb4\xd3Q\xad\xc4_z\xf9\x05\xfc\xeek_\
B\xbb\xba\xa8\x84KS\x0ag\x8eS\xaaM\xdc\xd0\xfe\
\xef\xcd}O\xb8\xdbS?\x7f\xafn\xb2y\xde\xfbQ\
`\x07|\x7f\xf0\x96k\xef\xd6L\xe8#\xab\x85\x87\xfc\
<i\x10\xa6\x9e\xef8\xf7\xac\xc7B\xf1\x0e\xcc\xe4\x9e\
H\xea\xed\xbb\xa6\xfc\xf0j\xdb\xfd)\x03M\x18\x02\x13\
\xa9\x96\x9b\xf1\x0e\xdb\x94\xbbu\xfcF#\xf9l\xa1\x1f\
?\xa55R\x9f\xb8h\xad1\xdc\x83\x93\x05\xe4i\x13\
zl\x05\xcf'B\x1ak6P\x88\xcc\xd6\x89\x9f'\
\xf75KD\xe9\x8a\xc7l\xda\x94\xeb,X\x88\xf7\x9d\
\xcbh\x92\x8d\xc7Jl\xb9\xadT\x1a\xe8\xf4n\xe1\x95\
[\x9f\xc6\x89\xe6\x22\x1e^\xf8\x01\xd8\xf9P\x1dFZ\
pY\x98\xb7\x05/\xe0\xdb\x1e\xbe~\xe3\x8b\xb8\xbb\xdd\
\xc70\xedK\xccO2Q\x91\xfd*\xfa\x19\x0e\x88\xe3\
\xf5=\xce\x82\xd7\x98\xf68\x8eE\x0do\x8eS^a\
\xf5AG\xcf\xb1\xf4\x8b\xb2\xe7X\xe4\xba\xa6\xbf\xbf2\
\x1f\xc0\x1b\xb9\xddS\x88j\xe6}>\xb9\xd0\x1d\x94d\
R\xbf?hX\xdd\xbf2\xd0~\x9fC\x9f@Y'\
\xeb\xf7\xa1\xfc7\xd9DRl\x85\xd7\xac^\xf6\xf4h\
c\x8a\xf1\x19\xabSO\x1f\x0cG\xde\xd3ds\x95\xa1\
L;\xa0\x9c5\xc9%\xaf\xee\xa8\xec.\x9b;9\x00\
\x93i\x10\x84<\x11\x819\xc2d\xca\xebd5\xc1\xc1\
\xda\xd6+\xb8r\xf3w\xf1\xd6\x0b\x1f@p\xe9\x87\x05\
\xde\xebJ\xf7\xad\x11\x9d\x04\xaaU\x1f\xd5j\x03_z\
\xed\x0b\xf8\xf2\xb3\xdf\xc6B}Y\x98\x8bX\x1a,\xb8\
\xfd\x0e\xb3\xe9\xd3V\xf7\x12\xcb\xf3\xbe]\xc7\xbc\xa4{\
K\x97\x8f\xb9\xea\xd2t5\xe1\x1d\x1et\xc8\x078&\
\xad\x09\xb2\xda\xfb'(9\xf8<\x86\xbc\x5c\xda\xc5e\
l\xe8g[\xac\xea\xd3\xe6A\xc9c\xd0c\xaal\xa4\
\xdd\x07j\xbd4\xa2\xac\xf0\x08\xa6X\xe2\xc9\x9b*.\
|\xb2\xd4r\xc4\x90(V\xf4)Y\xb2\xfd/\xc1X\
\xffr\xbe\xd3\xc4\xa9\xb3\xbc\xb0q#3I\x0b\xa5b\
w\xdd^zh\x82lZ\x94\xb6\x7fR\x1b\x0fD\xc5\
\xb8\xa3\xc9\x7f\xe0f\xe2\x03\xdd\xd83\xc2\xcc\xab\x9a\xbb\
\xeb\x92\xe8\xa3%\x0cC\xa2\xb1\x97\xe4\xd8\xdas\x84W\
\xb0\xb5\xc0A@\x8e\xfe\x0cn\x9a\xa1\x194P\xf5\xe6\
\xe09\xae\xf4\xf2\xb3\xbc8\xe6\xcc\x8c\x89T\x94'\xf8\
H\x13p,\xa9|\x18\xa1\xab\xbeJ\xf3\x1c\x8e\xbdM\
xY\xe3\xc7\x18\x0f\xe1\xa6\x85t\x98\x1cs\xf7D7\
_z\x1a\x85\xb1\x9e\x12\x07\x1e\xf6\xd1r.\xe3\xc0]\
uxb\xc6\x8b\xe9%\xe1&}\x15#9\xfbb\xf1\
\x9d\xf02\x8d\xfbPV\x009\x94\x10\xa4\xb8\xb1\x19\x0c\
\xe6X2d\xec\xc3e\x8b[:Q\x19\xfa{\x9c\x05\
\xa0p\xc7K/ul)8,\xbe/\x07M3\x9e\
\xcf\x0c\xea\xb174\x19z\xa8A?^\xac\x1b\xe7\x86\
\xdb\xdf\xc8\xa1\xfes\xb8\x91\x1b\x9f@G=\x22\xa5\x15\
Rr{\xcd\xef\xa5\x01\x84\xcc<\x0e\xea\x95\x1a\x86a\
\x82o=\x1b\xa3\xd9\xb0\xb1\xbcD\x82\x8f\x04\xf5j\x15\
\x8djEB\x02\xd2\x9c+\xee\xfe\x12S\x8e\x8ek\xa6\
6\xa4\x14\xde\xc1\x0c\x83~\xec\xee\xb4\xc5:\xe23\xc7\
\xcf\xb0\x8f\x0c\x91Z('\x8em\x9e\xa9U\x02c\x15\
\xc28\xc7\xb5\x00\xa3\x8b\x93\xf7\xafe\xca\x94w\xc5\xee\
\xc9\xd2\xcb({\x9c\x13)\x0a\xed\xc3M?}1\xe6\
\xcb\xc6e\x8a\xf1\xd2\x07+\x7f?f\xa0\x8a\x90Iu\
v\xce\xec\x01\xccTb\x99j\xe9K+Ba\x04\xec\
\x99\xdeh1,\xcaF\xc5,\xf6\x9als\x1fD~\
\x8a\x171\xd6g`^\xc2=o\x87\x0f\xd6\xc2<<\
0\x0f\xb3\xfc\x02\xd5\x04<r+\xb7r\x97\x17=\xdb\
A\x98\x0equ\xf5e\xe9\xad?\xd7>/\x90c\xf5\
H\x1c\xbcp\xfd\x06j\xf5\x00\x032\x0e\x93!d\xff\
\x81\x8f\xb8F\xfe;N\x87\xfe\xd1\x0f\xe9\xb0\xe78\xd3\
J-\xc3d\xf4\xfc\xa6\xe6\x1e,\xbdx\xcd\xdc\x22|\
\xf0fT\x97\x95\xc5\x1d\x8d[3\xfcU\x87\xe7\x81\x97\
:\xe3v\x00\x06C\xab2\x1b\x92\x97\x91\x17\xa6y'\
\xcd\xb9\x0b\x83\xad\x8c\x89\xb5\xd48\xa3\xa4\xe1\xc7.\xe5\
\xb8/s\xb6A\xac\xbc\x84I\x05]s_\xfbcq\
\xf5\xd5:\xf0!\xa8\xd6\xc6\xa3_\x9c\xdc\xf2=\xbf\xe0\
\xfd\xd6v\xff\xb3\x19\x7f)j\xc5\xd9\x9f\x07\xb8\xbfs\
\xef?\xe6A\xd5\x98\xa9\x9c\x0cr\xc9\x19\x86\xfd\x08\x17\
O>\x86\xbf\xf0\xf1\xffI$\xc1>\xfa\x81\x0a\xa2$\
\xc5\x1f\xff\x1b?\x83\x9b\x1b\xeb\xa8W\xeacI\xbf\xc3\
}\xd3\xc9gs\xdc1\x93\x1d\xf9\xb9{\x83\xcbN\x5c\
\x97\xfcX\x0aI\x1eh\x98\x9eM\x94\xe2FD\xaf\xb3\
:\xb8\x05\x8cZ\xb8#\xb5\x179Z\x01Ky\xa0\xf2\
\xbc,\x8d9\xa5dS\xa2RW'\xd5\xb3d\xca3\
\xd4lYT\xa6:\xe4\xb2\xee\xc1\x1d\x9a\xb6\x8d\x06\x92\
\x1aT\x07\xac\xa2\xf6D\xab\xef\x0c+\xb5)\x8f\x1f\xb4\
R\x94\x87\xb0\xa9\xb7\x8f\x9c\xd9\xe3m*\xc4?\xde\x00\
\xbf?\x04\xd8\xd8\xd5\xcf\xfe\xa9i\xf6\xcald\xd7\xf5\
\xd9\x1dH*(\xd2\x8de\xe8\xf5\xd8\xfaK\x00\x90/\
\x04\xa0\x8a\x8ak\xd2\xf0|\xef\xb6I\xcc\xc5==S\
y\xe1\x0frQ\x9b\xdc\xb4\x03\xaf\xc4\x09\xf6\xb5+\xce\
\xfa\x06\xf5\x9a<\xe1\xc9\xaa\xdf\x8e\x13|A\xdf\xcb\x88\
n]\xf6,=\x1c\xa3\xd9p\xd8\xc9\xa5\x1dx\xff\x03\
=\xfe\xf48\xfa\xe5L\x0e\xe6i\xc6\xc5\xac\xea%w\
}\xea6\xb1\xda\x1aI\xe9r\xa2\xcc`\xeb\xcb;j\
\x0a\xa9\xe3\x0f\xa0\x11\x99\xc7\xc1Y\xdeq\x1b\x9fOL\
 \xf3\x0a\x8f\xf7lK!\xd3QW8\xa1\xb4|\xd0\
}0I@\xd2R~\xa5LW\x968x\xf5U\xba\
\xbf\xb1\xe8\xff\xed\xcf\xc8\x8f\xae\xf7X\xc0\x95\xa3n\xcb\
\x84p\xc51\xca4m\x07|l\xdf\xb5\x1dz\x82C\
\xfe6}\xdc\x8d\xb6\xd9\xdf\xd1\xc8\xa35\x9f;\xe6V\
\xaa8\x19\x5c\xd8\x14r\xc4\xd1\xd89z\xe8\xe9\xdf\x19\
>L=\x0fJ\xafS\x19xm\x1e\xa8=\x81?@\
\xdbl\x8fp\xff\x1d\xef\x9b\x94c3\xe2\xfe\xbd\x9b\xa3\
\x89K\xa7\x0fL\xc3\xbe\x22\x9f~\xa3\x16\x9fc\xc0\xa6\
\x85\x02S\xc4E\x81\x94j\xbfy\x86\x90\xaa\xc5\x8ey\
^\xc4\x0d\xbf\xc1C\xc2\x9a\xe2\x92\xcf\xbceG\xbc\xbf\
\xef\xad\xb7\x22[\xd9P\xcd`\xab\x8a\xa5\xb1X\xf74\
\x9b\xef\x18\xcd\xde\x884\xeb\xf0\xe1\xa7a\xda\x05\x91\xcc\
\x88\xba~\xb4kY\xc4\xd4\x86\xb5\xd8<\x93?h\xa7\
\xff\xe0m$\x95\xb5\xffL\xa5\xa4\xde\xa1q\xda(\x81\
1\xfd\xf8\xd6\x0c\xd6\xfc\xe8\xd8s\xec\x8c\xc5\x03;\xec\
\xe9\x94V\x921\xe3\xa3\xc1QS\x13k\xc7\xd9\xca\xf7\
\xbd\x7fU\x1e\x03c\xa9\xccV)\x17d\x8d\xbb}\xb6\
\x8f\xa5z['\x85X\x1d\xb0\xb0\xb6\xb7-B\xa2\xfb\
\xc3\xb4\xa3<\x80{\x185\xe5|\xcf\xb1\xf8\xf9\xca\xc9\
\xcdrE\xa2\xfc\x5c\x0e\xf3\x00\x0e\x18w\x98\xe6\x99\xce\
\xf0\xbet\xae\xe5\xc0\xfc\x92\xf1vf\xd8L\xda\x882\
\xe9\xea\xd0\xc6\xab\xd5Ww\xe8\x9c0\x8d\x0c\xc7U\x07\
\xb2\x958\xe8\xe4b\xf9\xc6\x19\x01s;\xfb\xcf0\x86\
0\x9bi\xf2O\xdbI\xc7E\x87\x1f\xe4\x9e\xb6\xa3s\
\x12\xea\xde\x8cw[\xfe\xf5\xa4\xf8\xc8\xfdm\xa3\xe77\
\xb5\x1d\xb5p\x15u\x0c8\x99\x14\xa0\x90H6\xc4\xad\
\xed\x9bc\xd3\xc4#u\xb7\x0c\xe4\xe3\xe5\x1c\xee\xe59\
\x17\xc9\xae\xfbx.\xe3poEIvoa\x895\
a\x00\xca\xbf;\xe4\x80\x9av[\xc6\xecA<\x1a\x85\
7\xa0\xc7A9\xc7e\xfe;\x11\xf1\x8e\xe3\x15\xf6\xf7\
\x18\x1c~+\x939\x82\xc3\x8c\xa1\xda\xc4\xdf3F\xc0\
~`\x8c\xa6\xfa\xc4E`S\x1c\xed\xc0\xbb\x99\x0d1\
xT|6\x86\x05\x9d\xf2\x0a\xd5u\x091\xa6q\xab\
f\xb8\xb7Y\xc1B\xea\x1e\x14\x10cj\xbf\xeea\xd7\
=\xd3>f\xcb\xc6\x93F&\x98\x9c|\xd4\xfb\x0e\xa1\
4\x04\xe9\xfa9~e\x84 \x96\xbf\xedO<\xed\xab\
\x9f\x8f\x0es_[\x01\x01\xbf\xc7\x89\xaad\xd0\xc6\xef\
QA\xb3e\x09=\xe2\x18S\x94\x81`^Wy\x06\
\x14S\xf2\xfe\x16\x13k\xf6q4N:b\xb0\x04\xa5\
\xbf\xef\xbb\x92\xc9\x19;\xabG{\x08-\xf8\xd8\xb5\xe7\
\xf7\x99\x81\x15\xf5\x16~hv\xf7w\xb2\x1d\xf3x\x9b\
\x91t\x1a\x89K\x1ez\xaec\xbbL\x07\x1ei\xfc\xfb\
\xb1C\xcer\xef\xfb\xb283\xd5~Gf\xee\xe8X\
\x9a\xcaI:*\x94O\x0a\xc4\xd7||\xeaG\xff\x00\
\xc4\xd3\x07yY\x07\x8e\x91\xe3z/(\x19\xb9\x83\x0c\
\xf6\x01\xcfa\x1fA\xed~\x99\xb9\xe3]\xc7\x84\xa3f\
:*\xc7v:(\xe4=\xe8\xbcSW\x81R\xaf\xc4\
!\x06`Z\x22\xe9\xde\xbc\x81c|\xe0(f\xa2\xa3\
6\x99'\xfa\xc5\x1cr\x9c\xb2\xeeAY\xfa\xeb\xde\xb7\
\x83r\x04Gx+S\xdd\xcf\xf2\xdffu\xc9Ml\
<=4P+f\x09\x19W\xb2\x17\xd3e\xae\x0f7\
Z\xf76\x0e\x1e\xc4\xa6\x9e\xc7aL;\x07\xbf\xfai\
a'\xc6\x93v\xc7\xbe\x9c\x92{\x8f7`\x9bl\xbc\
\x9a\xc0\xf1\xabZ\xfe\xf4\xf7Uf\x8d\x1a\xcf\x95\x8co\
\xb6\xb4@\x1e\xf8\xe1\xb1k9\xc6KW\x83W\xf1\xbf\
\xcd\xf8!\xc6\x9f\x0f2V\xfe}\xe5 \x9c\x16\xe6\x1c\
\x15\xae\x98\xbfM\xdb\xa7<\xf9\x0f\xb9\x0fA\xd2\x1eq\
\x9eI\x9d\xc3\x09gb\xff\xe4\x9f\xed\x1d\x1c\x17\xedh\
\xf8\x18\xcd\xbf{\xdf\xf4s9ha>\xf0'\xeb@\
\xef\xd6:\xd0\xfd\x9f\xf1r\x1e\xc0&:\x8d\xfb\x8e5\
\xfe\xa0\xa4\xd7K{@\xa6my\xea%M<\xdf\xc3\
\x9e\xb7\xe6\x03\x18\xb9\x913!\xaff\xca\x16\xce\x92\x94\
9\xca\xf5=\xe6v\xa4!\x1f\x1d\xff\xc0\x87W\xceG\
\xccl\x90\xa6\x0f\xb4\x83p\x03\xfbWP\xa5\x06\x5c\x88\
\x89HB\xa94\xf9'\xddt\xb3\xa2\x9b\xa5GR\x0f\
%b\xce\xe2\xf8\x07\x5c\xff\xd83zPa\xd0\xfeP\
\xf18\x13}_\xca\xe4\xa0\x15\xbe\xb4\xeaN\x1d>c\
\xf7}\xf0}\xc9#\xcb\xa7\xbc\x877f-?r\xb3\
&\xeek\x1a\xc1\xc7\x94OM\xfd\xed\xb4\xe7\xaf\xc6\xc4\
\xfe\xfdG!\xc0\x91\xb9\x0e\xd3*\xa1t\xe8\xf7u\x85\
\xdd\xf3v\x9cd\xd91\x0eu\xa0\x91:\xe2\x1c\x93\x8b\
\xee\xb1\xbc\x9e)\x87\x9b\xd9\x08\x94p\xe4\xf2\xc1\xc2G\
\x1f\xfb\x90I`\xde\xdb\xb32\xc7\x9c\x18\xe4\xa6\xa3\xef\
\x0dje=\xf2\xaa&\xdf\xd5\x91s\x90;\x0a\xebh\
\x11\xf6M?\xd0\xe4\xf73]\x0d\xbe\xe7\x9b6d\xfb\
*J\xe5]\xee\xf9]\x8d\x7f\xce\x9e-\xec\xe3Uh\
\x8ey}\x8c15\xde\xff?\xdd\x8c\xbe\xdeA\x9b \
\xae&^\xd4\xa4U\x1e\xfd\xa0\xffI(4\x85pD\
\x0c\xd3t\x0f\xed~\xb6\xb1\xf0\xb0\xact|\x0f\xe7\xd9\
\x97{\x98a\x8c\x8e?\x03\xe3\xfd\x1ccp\x17\x5c\x05\
\xca8\xde+\xe2\xca\xfa\x036\x9c\x8brn\x09cp\
\xff\xe1\xd3A\xca@3=\xf0\x115\xf5\xa4\xb2\xea\x1f\
\x98\xed\x01ttQ\xbc\xa2\xc8\x92\x1e\x14gN\xbah\
3\x9e\xf68\x89\xd5\xa9\x89\xae\x83^\xfe\xfd\xd4\xd3\xef\
\xf9\x93\xc73\x02\x07\xdd\xfb\xbe\xcf\xdf\x8b\xb8\xac4\x98\
\xde\x7f\x0e\xc9\x9a1\xb9y_}\x09\xc7\xb9\x1e=\xb0\
\x14\xdc}T\x22\x9bu\xf5\xdf\xd7\x05=\xa9](\xda\
\x80G\xe5\xaa\xf4\xa5\xbcq\xdb\xcc~\xdf\xfe\xdd\xca\x84\
 \x07\x1c\xe1\xd8\x0e`\xa9]\xd2\x10\x8eL\xd6\xc3'\
\x9b\x96f\xb9\xf2\xc3\x06\xb5z1Sv(\xec\xec\x01\
\xd4\xcaG>\xbd\xe3\xcd\xa4\xfb+\xc1\x1eo\x9b\xfa<\
Li\xf2\xc8m\xd2\xd5\xbfW\x10\xd0\xf7n;\xba\xb7\
b\xb4C\x91\xcf\xb9W\x03wHx\xcf\xf6\xaf\xb1D\
\xd0\x83x\x90\x86\x04\xf3h\xc0\xc7Xfk\xb6\xe3\x8e\
!\xa5\xc6\x07\x82\xf5\x80-u9\xd6\x1e;Viu\
\x1e\xb3\xa8SV\x90\xf2\xe7\x0e2\x02\xe3\xcc-\xe6\x83\
e\x0bP\x06\x8d\x8f\xef&\xfc\x13\xa5s\x8e\x97|\x0c\
Bm\x5c\x0f\xf0\xc0\xfb=\x84\xc4d\x16\xefeVJ\
\xac\xa9\xce\xcd\x0c\xd4\xef\xfb\xcbY\x07g\xc1\x8f$\xb9\
9`\x5c\xd8\x07\xdb\xda\xdf\xb7\x95\x7fz\xf5\xe7\x1eN\
Z~\xe7\x07%\x01G8\x887\x80\xcf\xec\xc8\xc4\xe2\
\xf1\x8e5=\xde\x9ea\xc0=\xe8\xba\xb5\x06\x19\x95\x19\
pfr[\x0b\x06\x9a\xa3\xb5\x15\xf6'\xb2T\x008\
b\xad1\xee\xe1\xac\xf1\xc7\x88F|\x963\xde\xcbv\
\xd8\xb5\x8c\xdd\xef\x01\x13i\x16#p\xbcU\xf4\xf8[\
\xfe\xfb2\xc1\x8f{\x8e{\xbb\xa0\xfdt\x8c\xfb'\xe4\
8\x10\xe8\x01!\xe3\x94\xae\xbd\xc9d\xaa\xb7\xf4\xa0\xc0\
6\x7f`\x12:S3\xce\x87\x18\x9b\xa9:\x01\xe6\x87\
\xfd\x17<\xbe\x12\x8f\xd6\xccq\xd6\xdd\x11\x05\xf8Q\x9b\
\xcaY\xec\xefUW\xa9\x8e\xdf\x7f\xff\xf9\xa0\x09p\xb0\
\x11(?'\xe5\x19\xdd\xefD\xb5&\x9a\xa4\x8e\xdaF\
\xe7;\x0a\x81\xf7`\xb7\xa9\xde\x17\xd1\x9cG\xf06\xec\
\xcf#M\xf1\x00\xc6O\xb4?\x96\xba\xaf\x09\x5c\x92\x9d\
\x9eu;\xc8\x06Ms&\xd4\xe0\x9f\xf1Rf\xf4\x02\
\xd4\xfd\x1e=\xa9\xf2\xd2@\x9c\xc5\xe0\x14\x8e\xd6h1\
\x9f\xee\xfa\xcf\xb4\xd9#wT\x1b\xdcCW_\x93X\
+B\xe6\xb2o?\x95\xb8\xf7\x0d\xdbf\x81\x97O3\
\x02\xf9\xd8$}0\xdej>e\xd2O\x8f\xc5\xa7\xbd\
\xa3\x07\xe9\xdeN\xdb\xca\xb3\xb7T\x098\xb25\xfd\xb0\
m\xff5\xff\xff\x00V\x15\xcd*\xf7\xfd\x06\x03\x00\x00\
\x00\x00IEND\xaeB`\x82\
"

qt_resource_name = b"\
\x00\x0e\
\x06\x0c\xe6\x07\
\x00a\
\x00r\x00r\x00o\x00w\x00_\x00d\x00o\x00w\x00n\x00.\x00p\x00n\x00g\
\x00\x09\
\x0b\x9e\x84\x87\
\x00c\
\x00h\x00e\x00c\x00k\x00.\x00p\x00n\x00g\
\x00\x15\
\x0ak\x8d\xe7\
\x00a\
\x00r\x00r\x00o\x00w\x00_\x00d\x00o\x00w\x00n\x00_\x00a\x00c\x00c\x00e\x00n\x00t\
\x00.\x00p\x00n\x00g\
\x00\x09\
\x00(\xad#\
\x00s\
\x00t\x00y\x00l\x00e\x00.\x00q\x00s\x00s\
\x00\x0c\
\x0b\xd0z\xe7\
\x00a\
\x00r\x00r\x00o\x00w\x00_\x00u\x00p\x00.\x00p\x00n\x00g\
\x00\x08\
\x0aaZ\xa7\
\x00i\
\x00c\x00o\x00n\x00.\x00p\x00n\x00g\
"

qt_resource_struct = b"\
\x00\x00\x00\x00\x00\x02\x00\x00\x00\x06\x00\x00\x00\x01\
\x00\x00\x00\x00\x00\x00\x00\x00\
\x00\x00\x00j\x00\x01\x00\x00\x00\x01\x00\x00\x01X\
\x00\x00\x01\xa0=G\xbar\
\x00\x00\x00\x00\x00\x00\x00\x00\x00\x01\x00\x00\x00\x00\
\x00\x00\x01\x9daJ\xe2\x02\
\x00\x00\x00\xa0\x00\x00\x00\x00\x00\x01\x00\x00\x0c\x1a\
\x00\x00\x01\x9d^\x8aRG\
\x00\x00\x00:\x00\x00\x00\x00\x00\x01\x00\x00\x00\xef\
\x00\x00\x01\x9daJ\xe2\x02\
\x00\x00\x00\x22\x00\x00\x00\x00\x00\x01\x00\x00\x00i\
\x00\x00\x01\x9da\x91R\xd0\
\x00\x00\x00\x82\x00\x00\x00\x00\x00\x01\x00\x00\x0b\xb4\
\x00\x00\x01\x9da\x9fo)\
"

def qInitResources():
    QtCore.qRegisterResourceData(0x03, qt_resource_struct, qt_resource_name, qt_resource_data)

def qCleanupResources():
    QtCore.qUnregisterResourceData(0x03, qt_resource_struct, qt_resource_name, qt_resource_data)

qInitResources()
